time_ms,neuron_index
3.401360544217687520e-01,0.000000000000000000e+00
3.628117913832199504e-01,0.000000000000000000e+00
3.854875283446712042e-01,0.000000000000000000e+00
4.081632653061224580e-01,0.000000000000000000e+00
4.308390022675736564e-01,0.000000000000000000e+00
4.535147392290249657e-01,1.000000000000000000e+00
4.988662131519274734e-01,0.000000000000000000e+00
9.070294784580499314e-01,0.000000000000000000e+00
9.297052154195011298e-01,0.000000000000000000e+00
9.523809523809523281e-01,0.000000000000000000e+00
9.750566893424036374e-01,0.000000000000000000e+00
1.020408163265306145e+00,0.000000000000000000e+00
1.043083900226757565e+00,0.000000000000000000e+00
1.111111111111111160e+00,0.000000000000000000e+00
1.201814058956916176e+00,0.000000000000000000e+00
1.224489795918367152e+00,1.000000000000000000e+00
1.247165532879818572e+00,1.000000000000000000e+00
1.269841269841269771e+00,1.000000000000000000e+00
1.292517006802721191e+00,0.000000000000000000e+00
1.315192743764172389e+00,0.000000000000000000e+00
1.337868480725623588e+00,0.000000000000000000e+00
1.360544217687075008e+00,0.000000000000000000e+00
1.383219954648525984e+00,0.000000000000000000e+00
1.496598639455782420e+00,0.000000000000000000e+00
1.519274376417233618e+00,0.000000000000000000e+00
1.678004535147392451e+00,0.000000000000000000e+00
1.700680272108843427e+00,0.000000000000000000e+00
1.768707482993197244e+00,0.000000000000000000e+00
1.791383219954648442e+00,0.000000000000000000e+00
1.859410430839002260e+00,0.000000000000000000e+00
1.995464852607709894e+00,0.000000000000000000e+00
2.018140589569161314e+00,0.000000000000000000e+00
2.040816326530612290e+00,0.000000000000000000e+00
2.131519274376417084e+00,0.000000000000000000e+00
2.154195011337868504e+00,0.000000000000000000e+00
2.176870748299319480e+00,0.000000000000000000e+00
2.199546485260770901e+00,0.000000000000000000e+00
2.222222222222222321e+00,0.000000000000000000e+00
2.290249433106576138e+00,0.000000000000000000e+00
2.312925170068027114e+00,0.000000000000000000e+00
2.335600907029478535e+00,0.000000000000000000e+00
2.380952380952380931e+00,0.000000000000000000e+00
2.403628117913832352e+00,0.000000000000000000e+00
2.426303854875283328e+00,0.000000000000000000e+00
2.448979591836734304e+00,0.000000000000000000e+00
2.471655328798185725e+00,0.000000000000000000e+00
2.539682539682539542e+00,0.000000000000000000e+00
2.562358276643990962e+00,0.000000000000000000e+00
2.585034013605442382e+00,0.000000000000000000e+00
2.607709750566893359e+00,0.000000000000000000e+00
2.630385487528344779e+00,0.000000000000000000e+00
2.653061224489796199e+00,0.000000000000000000e+00
2.675736961451247176e+00,0.000000000000000000e+00
2.698412698412698596e+00,0.000000000000000000e+00
2.721088435374150016e+00,0.000000000000000000e+00
2.743764172335600549e+00,0.000000000000000000e+00
2.766439909297051969e+00,0.000000000000000000e+00
2.789115646258503389e+00,0.000000000000000000e+00
2.811791383219954366e+00,0.000000000000000000e+00
2.834467120181405786e+00,0.000000000000000000e+00
2.857142857142857206e+00,0.000000000000000000e+00
2.879818594104308183e+00,0.000000000000000000e+00
3.219954648526077268e+00,0.000000000000000000e+00
3.242630385487528244e+00,0.000000000000000000e+00
3.333333333333333481e+00,0.000000000000000000e+00
3.356009070294784902e+00,0.000000000000000000e+00
3.378684807256235878e+00,0.000000000000000000e+00
3.401360544217686854e+00,0.000000000000000000e+00
3.424036281179138275e+00,0.000000000000000000e+00
3.446712018140589251e+00,0.000000000000000000e+00
3.514739229024943068e+00,0.000000000000000000e+00
3.741496598639455495e+00,0.000000000000000000e+00
3.764172335600906916e+00,0.000000000000000000e+00
3.786848072562358336e+00,0.000000000000000000e+00
3.809523809523809312e+00,1.000000000000000000e+00
3.832199546485260733e+00,1.000000000000000000e+00
3.854875283446712153e+00,1.000000000000000000e+00
3.877551020408163129e+00,1.000000000000000000e+00
3.900226757369614550e+00,0.000000000000000000e+00
3.922902494331065526e+00,0.000000000000000000e+00
3.945578231292516946e+00,0.000000000000000000e+00
3.968253968253967923e+00,0.000000000000000000e+00
3.990929705215419787e+00,0.000000000000000000e+00
4.058956916099773160e+00,0.000000000000000000e+00
4.081632653061224580e+00,0.000000000000000000e+00
4.104308390022676001e+00,0.000000000000000000e+00
4.126984126984127421e+00,1.000000000000000000e+00
4.149659863945577953e+00,0.000000000000000000e+00
4.172335600907030262e+00,0.000000000000000000e+00
4.195011337868480794e+00,0.000000000000000000e+00
4.285714285714285587e+00,0.000000000000000000e+00
4.308390022675737008e+00,0.000000000000000000e+00
4.331065759637188428e+00,1.000000000000000000e+00
4.353741496598638960e+00,1.000000000000000000e+00
4.376417233560091269e+00,1.000000000000000000e+00
4.399092970521541801e+00,1.000000000000000000e+00
4.421768707482993221e+00,1.000000000000000000e+00
4.444444444444444642e+00,1.000000000000000000e+00
4.467120181405896062e+00,0.000000000000000000e+00
4.489795918367346594e+00,0.000000000000000000e+00
4.693877551020407601e+00,0.000000000000000000e+00
4.716553287981859910e+00,0.000000000000000000e+00
4.739229024943310442e+00,0.000000000000000000e+00
4.761904761904761862e+00,0.000000000000000000e+00
4.784580498866213283e+00,0.000000000000000000e+00
4.807256235827664703e+00,0.000000000000000000e+00
4.829931972789115235e+00,0.000000000000000000e+00
5.011337868480725710e+00,0.000000000000000000e+00
5.034013605442177131e+00,0.000000000000000000e+00
5.056689342403628551e+00,0.000000000000000000e+00
5.079365079365079083e+00,0.000000000000000000e+00
5.102040816326531392e+00,0.000000000000000000e+00
5.124716553287981924e+00,0.000000000000000000e+00
5.147392290249433344e+00,0.000000000000000000e+00
5.170068027210884765e+00,0.000000000000000000e+00
5.192743764172335297e+00,0.000000000000000000e+00
5.215419501133786717e+00,0.000000000000000000e+00
5.283446712018140090e+00,0.000000000000000000e+00
5.306122448979592399e+00,0.000000000000000000e+00
5.328798185941042931e+00,0.000000000000000000e+00
5.351473922902494351e+00,0.000000000000000000e+00
5.374149659863945772e+00,0.000000000000000000e+00
5.396825396825397192e+00,0.000000000000000000e+00
5.419501133786847724e+00,0.000000000000000000e+00
5.487528344671201097e+00,0.000000000000000000e+00
5.510204081632653406e+00,0.000000000000000000e+00
5.532879818594103938e+00,0.000000000000000000e+00
5.555555555555555358e+00,0.000000000000000000e+00
5.578231292517006779e+00,0.000000000000000000e+00
5.759637188208616365e+00,0.000000000000000000e+00
5.782312925170068674e+00,0.000000000000000000e+00
5.804988662131519206e+00,0.000000000000000000e+00
5.827664399092969738e+00,0.000000000000000000e+00
5.850340136054422047e+00,0.000000000000000000e+00
5.873015873015872579e+00,0.000000000000000000e+00
5.895691609977323999e+00,0.000000000000000000e+00
5.918367346938775420e+00,0.000000000000000000e+00
5.941043083900226840e+00,0.000000000000000000e+00
5.963718820861677372e+00,0.000000000000000000e+00
5.986394557823129681e+00,0.000000000000000000e+00
6.009070294784580213e+00,0.000000000000000000e+00
6.031746031746031633e+00,0.000000000000000000e+00
6.417233560090703115e+00,0.000000000000000000e+00
6.439909297052154535e+00,0.000000000000000000e+00
6.462585034013605068e+00,0.000000000000000000e+00
6.485260770975056488e+00,0.000000000000000000e+00
6.507936507936507908e+00,0.000000000000000000e+00
6.848072562358276549e+00,0.000000000000000000e+00
6.870748299319727970e+00,0.000000000000000000e+00
7.052154195011338444e+00,0.000000000000000000e+00
7.074829931972788977e+00,0.000000000000000000e+00
7.097505668934239509e+00,0.000000000000000000e+00
7.120181405895691817e+00,0.000000000000000000e+00
7.142857142857142350e+00,0.000000000000000000e+00
7.165532879818593770e+00,0.000000000000000000e+00
7.188208616780045190e+00,0.000000000000000000e+00
7.210884353741496611e+00,0.000000000000000000e+00
7.233560090702948031e+00,0.000000000000000000e+00
7.256235827664399451e+00,0.000000000000000000e+00
7.278911564625849984e+00,0.000000000000000000e+00
7.301587301587302292e+00,1.000000000000000000e+00
7.324263038548752824e+00,1.000000000000000000e+00
7.346938775510204245e+00,1.000000000000000000e+00
7.369614512471655665e+00,0.000000000000000000e+00
7.392290249433107086e+00,0.000000000000000000e+00
7.414965986394557618e+00,1.000000000000000000e+00
7.437641723356009038e+00,1.000000000000000000e+00
7.460317460317460458e+00,1.000000000000000000e+00
7.482993197278910991e+00,0.000000000000000000e+00
7.505668934240363299e+00,0.000000000000000000e+00
7.528344671201813831e+00,0.000000000000000000e+00
7.551020408163265252e+00,0.000000000000000000e+00
7.573696145124716672e+00,1.000000000000000000e+00
7.596371882086168092e+00,1.000000000000000000e+00
7.619047619047618625e+00,1.000000000000000000e+00
7.641723356009070933e+00,0.000000000000000000e+00
7.664399092970521465e+00,0.000000000000000000e+00
7.687074829931972886e+00,0.000000000000000000e+00
7.709750566893424306e+00,0.000000000000000000e+00
7.732426303854875727e+00,0.000000000000000000e+00
7.755102040816326259e+00,0.000000000000000000e+00
7.777777777777777679e+00,0.000000000000000000e+00
7.800453514739229099e+00,0.000000000000000000e+00
7.823129251700680520e+00,1.000000000000000000e+00
7.845804988662131052e+00,1.000000000000000000e+00
7.868480725623582472e+00,1.000000000000000000e+00
7.891156462585033893e+00,1.000000000000000000e+00
7.913832199546486201e+00,1.000000000000000000e+00
7.936507936507935845e+00,1.000000000000000000e+00
7.959183673469387266e+00,1.000000000000000000e+00
7.981859410430839574e+00,1.000000000000000000e+00
8.004535147392290995e+00,1.000000000000000000e+00
8.027210884353740639e+00,1.000000000000000000e+00
8.049886621315192059e+00,1.000000000000000000e+00
8.072562358276645256e+00,1.000000000000000000e+00
8.095238095238094900e+00,1.000000000000000000e+00
8.117913832199546320e+00,1.000000000000000000e+00
8.140589569160997740e+00,1.000000000000000000e+00
8.163265306122449161e+00,1.000000000000000000e+00
8.185941043083898805e+00,1.000000000000000000e+00
8.208616780045352002e+00,1.000000000000000000e+00
8.231292517006803422e+00,1.000000000000000000e+00
8.253968253968254842e+00,1.000000000000000000e+00
8.276643990929704486e+00,1.000000000000000000e+00
8.299319727891155907e+00,1.000000000000000000e+00
8.321995464852607327e+00,1.000000000000000000e+00
8.344671201814060524e+00,1.000000000000000000e+00
8.367346938775510168e+00,1.000000000000000000e+00
8.390022675736961588e+00,1.000000000000000000e+00
8.412698412698413009e+00,1.000000000000000000e+00
8.435374149659862653e+00,1.000000000000000000e+00
8.458049886621314073e+00,1.000000000000000000e+00
8.480725623582767270e+00,1.000000000000000000e+00
8.503401360544218690e+00,1.000000000000000000e+00
8.526077097505668334e+00,1.000000000000000000e+00
8.548752834467119754e+00,0.000000000000000000e+00
8.571428571428571175e+00,1.000000000000000000e+00
8.594104308390022595e+00,1.000000000000000000e+00
8.616780045351474016e+00,0.000000000000000000e+00
8.639455782312925436e+00,0.000000000000000000e+00
8.662131519274376856e+00,0.000000000000000000e+00
8.684807256235828277e+00,0.000000000000000000e+00
8.707482993197277921e+00,0.000000000000000000e+00
8.730158730158729341e+00,0.000000000000000000e+00
8.752834467120182538e+00,0.000000000000000000e+00
8.775510204081632182e+00,1.000000000000000000e+00
8.798185941043083602e+00,1.000000000000000000e+00
8.820861678004535023e+00,0.000000000000000000e+00
8.843537414965986443e+00,0.000000000000000000e+00
8.866213151927437863e+00,0.000000000000000000e+00
8.888888888888889284e+00,0.000000000000000000e+00
8.911564625850340704e+00,0.000000000000000000e+00
8.934240362811792124e+00,0.000000000000000000e+00
8.956916099773241768e+00,0.000000000000000000e+00
8.979591836734693189e+00,0.000000000000000000e+00
9.002267573696146385e+00,0.000000000000000000e+00
9.024943310657597806e+00,0.000000000000000000e+00
9.047619047619047450e+00,0.000000000000000000e+00
9.070294784580498870e+00,0.000000000000000000e+00
9.092970521541950291e+00,0.000000000000000000e+00
9.115646258503399935e+00,0.000000000000000000e+00
9.138321995464853131e+00,0.000000000000000000e+00
9.183673469387755972e+00,0.000000000000000000e+00
9.251700680272108457e+00,0.000000000000000000e+00
9.387755102040815203e+00,0.000000000000000000e+00
9.727891156462584732e+00,0.000000000000000000e+00
9.750566893424036152e+00,0.000000000000000000e+00
9.773242630385487573e+00,0.000000000000000000e+00
9.795918367346937217e+00,0.000000000000000000e+00
9.818594104308390413e+00,0.000000000000000000e+00
9.841269841269841834e+00,0.000000000000000000e+00
9.863945578231293254e+00,0.000000000000000000e+00
9.886621315192742898e+00,0.000000000000000000e+00
9.909297052154194319e+00,0.000000000000000000e+00
9.954648526077098936e+00,0.000000000000000000e+00
9.977324263038548580e+00,0.000000000000000000e+00
1.000000000000000000e+01,0.000000000000000000e+00
1.002267573696145142e+01,0.000000000000000000e+00
1.004535147392290106e+01,0.000000000000000000e+00
1.006802721088435426e+01,0.000000000000000000e+00
1.009070294784580568e+01,0.000000000000000000e+00
1.011337868480725710e+01,0.000000000000000000e+00
1.013605442176870675e+01,0.000000000000000000e+00
1.015873015873015817e+01,0.000000000000000000e+00
1.018140589569160959e+01,0.000000000000000000e+00
1.020408163265306278e+01,0.000000000000000000e+00
1.022675736961451243e+01,0.000000000000000000e+00
1.024943310657596385e+01,0.000000000000000000e+00
1.027210884353741527e+01,0.000000000000000000e+00
1.029478458049886669e+01,1.000000000000000000e+00
1.031746031746031633e+01,0.000000000000000000e+00
1.034013605442176953e+01,0.000000000000000000e+00
1.036281179138322095e+01,1.000000000000000000e+00
1.038548752834467059e+01,1.000000000000000000e+00
1.040816326530612201e+01,1.000000000000000000e+00
1.043083900226757343e+01,1.000000000000000000e+00
1.045351473922902485e+01,1.000000000000000000e+00
1.047619047619047628e+01,1.000000000000000000e+00
1.049886621315192770e+01,1.000000000000000000e+00
1.052154195011337912e+01,1.000000000000000000e+00
1.054421768707483054e+01,1.000000000000000000e+00
1.056689342403628018e+01,1.000000000000000000e+00
1.058956916099773160e+01,1.000000000000000000e+00
1.061224489795918480e+01,1.000000000000000000e+00
1.063492063492063622e+01,1.000000000000000000e+00
1.065759637188208586e+01,1.000000000000000000e+00
1.068027210884353728e+01,1.000000000000000000e+00
1.070294784580498870e+01,1.000000000000000000e+00
1.072562358276643835e+01,1.000000000000000000e+00
1.074829931972789154e+01,1.000000000000000000e+00
1.077097505668934296e+01,1.000000000000000000e+00
1.079365079365079438e+01,1.000000000000000000e+00
1.081632653061224403e+01,1.000000000000000000e+00
1.083900226757369545e+01,1.000000000000000000e+00
1.086167800453514687e+01,1.000000000000000000e+00
1.088435374149660007e+01,1.000000000000000000e+00
1.090702947845804971e+01,1.000000000000000000e+00
1.092970521541950113e+01,1.000000000000000000e+00
1.095238095238095255e+01,1.000000000000000000e+00
1.097505668934240219e+01,1.000000000000000000e+00
1.099773242630385361e+01,1.000000000000000000e+00
1.102040816326530681e+01,1.000000000000000000e+00
1.104308390022675823e+01,1.000000000000000000e+00
1.106575963718820788e+01,1.000000000000000000e+00
1.108843537414965930e+01,1.000000000000000000e+00
1.111111111111111072e+01,1.000000000000000000e+00
1.113378684807256214e+01,1.000000000000000000e+00
1.115646258503401356e+01,1.000000000000000000e+00
1.117913832199546498e+01,1.000000000000000000e+00
1.120181405895691640e+01,1.000000000000000000e+00
1.122448979591836782e+01,1.000000000000000000e+00
1.124716553287981746e+01,1.000000000000000000e+00
1.126984126984127066e+01,1.000000000000000000e+00
1.129251700680272208e+01,1.000000000000000000e+00
1.131519274376417172e+01,1.000000000000000000e+00
1.133786848072562314e+01,1.000000000000000000e+00
1.136054421768707456e+01,1.000000000000000000e+00
1.138321995464852598e+01,1.000000000000000000e+00
1.140589569160997740e+01,1.000000000000000000e+00
1.142857142857142883e+01,1.000000000000000000e+00
1.145124716553288025e+01,1.000000000000000000e+00
1.147392290249433167e+01,1.000000000000000000e+00
1.149659863945578131e+01,1.000000000000000000e+00
1.151927437641723273e+01,1.000000000000000000e+00
1.154195011337868593e+01,1.000000000000000000e+00
1.156462585034013735e+01,1.000000000000000000e+00
1.158730158730158699e+01,1.000000000000000000e+00
1.160997732426303841e+01,1.000000000000000000e+00
1.163265306122448983e+01,1.000000000000000000e+00
1.165532879818593948e+01,1.000000000000000000e+00
1.167800453514739267e+01,1.000000000000000000e+00
1.170068027210884409e+01,1.000000000000000000e+00
1.172335600907029551e+01,1.000000000000000000e+00
1.174603174603174516e+01,1.000000000000000000e+00
1.176870748299319658e+01,1.000000000000000000e+00
1.179138321995464800e+01,1.000000000000000000e+00
1.181405895691610120e+01,1.000000000000000000e+00
1.183673469387755084e+01,1.000000000000000000e+00
1.185941043083900226e+01,1.000000000000000000e+00
1.188208616780045368e+01,1.000000000000000000e+00
1.190476190476190510e+01,1.000000000000000000e+00
1.192743764172335474e+01,1.000000000000000000e+00
1.195011337868480794e+01,1.000000000000000000e+00
1.197278911564625936e+01,1.000000000000000000e+00
1.199546485260770901e+01,1.000000000000000000e+00
1.201814058956916043e+01,1.000000000000000000e+00
1.204081632653061185e+01,1.000000000000000000e+00
1.206349206349206327e+01,1.000000000000000000e+00
1.208616780045351469e+01,1.000000000000000000e+00
1.210884353741496611e+01,1.000000000000000000e+00
1.213151927437641753e+01,0.000000000000000000e+00
1.215419501133786895e+01,1.000000000000000000e+00
1.217687074829931859e+01,1.000000000000000000e+00
1.219954648526077001e+01,1.000000000000000000e+00
1.222222222222222321e+01,0.000000000000000000e+00
1.224489795918367463e+01,1.000000000000000000e+00
1.226757369614512427e+01,1.000000000000000000e+00
1.229024943310657569e+01,0.000000000000000000e+00
1.231292517006802711e+01,0.000000000000000000e+00
1.233560090702947853e+01,0.000000000000000000e+00
1.235827664399092995e+01,0.000000000000000000e+00
1.238095238095238138e+01,0.000000000000000000e+00
1.240362811791383280e+01,0.000000000000000000e+00
1.242630385487528244e+01,0.000000000000000000e+00
1.244897959183673386e+01,0.000000000000000000e+00
1.247165532879818706e+01,0.000000000000000000e+00
1.249433106575963848e+01,0.000000000000000000e+00
1.251700680272108812e+01,0.000000000000000000e+00
1.253968253968253954e+01,0.000000000000000000e+00
1.256235827664399096e+01,0.000000000000000000e+00
1.258503401360544061e+01,0.000000000000000000e+00
1.260770975056689380e+01,0.000000000000000000e+00
1.263038548752834522e+01,0.000000000000000000e+00
1.340136054421768819e+01,0.000000000000000000e+00
1.342403628117913961e+01,0.000000000000000000e+00
1.344671201814058925e+01,0.000000000000000000e+00
1.351473922902494351e+01,0.000000000000000000e+00
1.353741496598639493e+01,0.000000000000000000e+00
1.356009070294784635e+01,0.000000000000000000e+00
1.358276643990929777e+01,0.000000000000000000e+00
1.360544217687074742e+01,0.000000000000000000e+00
1.362811791383219884e+01,0.000000000000000000e+00
1.365079365079365026e+01,0.000000000000000000e+00
1.367346938775510345e+01,0.000000000000000000e+00
1.369614512471655310e+01,0.000000000000000000e+00
1.371882086167800452e+01,0.000000000000000000e+00
1.374149659863945594e+01,0.000000000000000000e+00
1.376417233560090736e+01,0.000000000000000000e+00
1.378684807256235700e+01,0.000000000000000000e+00
1.380952380952381020e+01,0.000000000000000000e+00
1.383219954648526162e+01,0.000000000000000000e+00
1.385487528344671304e+01,0.000000000000000000e+00
1.387755102040816269e+01,0.000000000000000000e+00
1.390022675736961411e+01,0.000000000000000000e+00
1.392290249433106553e+01,0.000000000000000000e+00
1.394557823129251695e+01,0.000000000000000000e+00
1.396825396825396837e+01,0.000000000000000000e+00
1.399092970521541979e+01,0.000000000000000000e+00
1.401360544217687121e+01,0.000000000000000000e+00
1.403628117913832085e+01,0.000000000000000000e+00
1.405895691609977227e+01,0.000000000000000000e+00
1.408163265306122547e+01,0.000000000000000000e+00
1.410430839002267689e+01,0.000000000000000000e+00
1.412698412698412653e+01,1.000000000000000000e+00
1.414965986394557795e+01,1.000000000000000000e+00
1.417233560090702937e+01,0.000000000000000000e+00
1.419501133786847902e+01,1.000000000000000000e+00
1.421768707482993221e+01,1.000000000000000000e+00
1.424036281179138363e+01,0.000000000000000000e+00
1.426303854875283506e+01,1.000000000000000000e+00
1.428571428571428470e+01,1.000000000000000000e+00
1.430839002267573612e+01,0.000000000000000000e+00
1.433106575963718754e+01,0.000000000000000000e+00
1.435374149659864074e+01,1.000000000000000000e+00
1.437641723356009038e+01,1.000000000000000000e+00
1.439909297052154180e+01,1.000000000000000000e+00
1.442176870748299322e+01,1.000000000000000000e+00
1.444444444444444464e+01,1.000000000000000000e+00
1.446712018140589606e+01,1.000000000000000000e+00
1.448979591836734748e+01,1.000000000000000000e+00
1.451247165532879890e+01,1.000000000000000000e+00
1.453514739229024855e+01,1.000000000000000000e+00
1.455782312925169997e+01,1.000000000000000000e+00
1.458049886621315139e+01,1.000000000000000000e+00
1.460317460317460458e+01,1.000000000000000000e+00
1.462585034013605423e+01,1.000000000000000000e+00
1.464852607709750565e+01,0.000000000000000000e+00
1.467120181405895707e+01,1.000000000000000000e+00
1.469387755102040849e+01,1.000000000000000000e+00
1.471655328798185813e+01,1.000000000000000000e+00
1.473922902494331133e+01,1.000000000000000000e+00
1.476190476190476275e+01,1.000000000000000000e+00
1.478458049886621417e+01,1.000000000000000000e+00
1.480725623582766382e+01,1.000000000000000000e+00
1.482993197278911524e+01,1.000000000000000000e+00
1.485260770975056666e+01,1.000000000000000000e+00
1.487528344671201808e+01,1.000000000000000000e+00
1.489795918367346950e+01,1.000000000000000000e+00
1.492063492063492092e+01,1.000000000000000000e+00
1.494331065759637234e+01,1.000000000000000000e+00
1.496598639455782198e+01,1.000000000000000000e+00
1.498866213151927340e+01,1.000000000000000000e+00
1.501133786848072660e+01,1.000000000000000000e+00
1.503401360544217802e+01,0.000000000000000000e+00
1.505668934240362766e+01,1.000000000000000000e+00
1.507936507936507908e+01,1.000000000000000000e+00
1.510204081632653050e+01,1.000000000000000000e+00
1.512471655328798192e+01,1.000000000000000000e+00
1.514739229024943334e+01,1.000000000000000000e+00
1.517006802721088476e+01,1.000000000000000000e+00
1.519274376417233618e+01,1.000000000000000000e+00
1.521541950113378583e+01,1.000000000000000000e+00
1.523809523809523725e+01,1.000000000000000000e+00
1.526077097505668867e+01,1.000000000000000000e+00
1.528344671201814187e+01,1.000000000000000000e+00
1.530612244897959151e+01,1.000000000000000000e+00
1.532879818594104293e+01,1.000000000000000000e+00
1.535147392290249435e+01,0.000000000000000000e+00
1.537414965986394577e+01,1.000000000000000000e+00
1.539682539682539542e+01,1.000000000000000000e+00
1.541950113378684861e+01,1.000000000000000000e+00
1.544217687074830003e+01,1.000000000000000000e+00
1.546485260770975145e+01,1.000000000000000000e+00
1.548752834467120110e+01,1.000000000000000000e+00
1.551020408163265252e+01,1.000000000000000000e+00
1.553287981859410394e+01,1.000000000000000000e+00
1.555555555555555536e+01,1.000000000000000000e+00
1.557823129251700678e+01,1.000000000000000000e+00
1.560090702947845820e+01,1.000000000000000000e+00
1.562358276643990962e+01,1.000000000000000000e+00
1.564625850340136104e+01,1.000000000000000000e+00
1.566893424036281246e+01,1.000000000000000000e+00
1.569160997732426210e+01,1.000000000000000000e+00
1.571428571428571530e+01,1.000000000000000000e+00
1.573696145124716494e+01,1.000000000000000000e+00
1.575963718820861814e+01,1.000000000000000000e+00
1.578231292517006779e+01,1.000000000000000000e+00
1.580498866213151921e+01,1.000000000000000000e+00
1.582766439909297240e+01,1.000000000000000000e+00
1.585034013605442205e+01,1.000000000000000000e+00
1.587301587301587169e+01,1.000000000000000000e+00
1.589569160997732489e+01,1.000000000000000000e+00
1.591836734693877453e+01,1.000000000000000000e+00
1.594104308390022595e+01,1.000000000000000000e+00
1.596371882086167915e+01,1.000000000000000000e+00
1.598639455782312879e+01,1.000000000000000000e+00
1.600907029478458199e+01,1.000000000000000000e+00
1.603174603174603163e+01,1.000000000000000000e+00
1.605442176870748128e+01,1.000000000000000000e+00
1.607709750566893447e+01,1.000000000000000000e+00
1.609977324263038412e+01,1.000000000000000000e+00
1.612244897959183376e+01,1.000000000000000000e+00
1.614512471655329051e+01,1.000000000000000000e+00
1.616780045351474016e+01,1.000000000000000000e+00
1.619047619047618980e+01,1.000000000000000000e+00
1.621315192743764300e+01,1.000000000000000000e+00
1.623582766439909264e+01,0.000000000000000000e+00
1.625850340136054584e+01,1.000000000000000000e+00
1.628117913832199548e+01,1.000000000000000000e+00
1.630385487528344512e+01,1.000000000000000000e+00
1.632653061224489832e+01,1.000000000000000000e+00
1.634920634920634797e+01,1.000000000000000000e+00
1.637188208616779761e+01,1.000000000000000000e+00
1.639455782312925081e+01,1.000000000000000000e+00
1.641723356009070400e+01,0.000000000000000000e+00
1.643990929705215720e+01,0.000000000000000000e+00
1.646258503401360684e+01,0.000000000000000000e+00
1.648526077097505649e+01,1.000000000000000000e+00
1.650793650793650968e+01,1.000000000000000000e+00
1.653061224489795933e+01,1.000000000000000000e+00
1.655328798185940897e+01,1.000000000000000000e+00
1.657596371882086217e+01,1.000000000000000000e+00
1.659863945578231181e+01,0.000000000000000000e+00
1.662131519274376146e+01,0.000000000000000000e+00
1.664399092970521465e+01,0.000000000000000000e+00
1.666666666666666785e+01,0.000000000000000000e+00
1.668934240362812105e+01,1.000000000000000000e+00
1.671201814058957069e+01,0.000000000000000000e+00
1.673469387755102034e+01,0.000000000000000000e+00
1.675736961451247353e+01,0.000000000000000000e+00
1.678004535147392318e+01,1.000000000000000000e+00
1.680272108843537282e+01,0.000000000000000000e+00
1.682539682539682602e+01,0.000000000000000000e+00
1.684807256235827566e+01,0.000000000000000000e+00
1.687074829931972531e+01,0.000000000000000000e+00
1.689342403628117850e+01,0.000000000000000000e+00
1.691609977324262815e+01,0.000000000000000000e+00
1.693877551020408490e+01,0.000000000000000000e+00
1.696145124716553454e+01,0.000000000000000000e+00
1.698412698412698418e+01,0.000000000000000000e+00
1.700680272108843738e+01,0.000000000000000000e+00
1.702947845804988702e+01,0.000000000000000000e+00
1.707482993197278986e+01,0.000000000000000000e+00
1.709750566893423951e+01,0.000000000000000000e+00
1.714285714285714235e+01,0.000000000000000000e+00
1.716553287981859199e+01,0.000000000000000000e+00
1.723356009070294803e+01,0.000000000000000000e+00
1.727891156462585087e+01,0.000000000000000000e+00
1.730158730158730052e+01,0.000000000000000000e+00
1.734693877551020336e+01,0.000000000000000000e+00
1.736961451247165655e+01,0.000000000000000000e+00
1.739229024943310620e+01,0.000000000000000000e+00
1.818594104308390058e+01,0.000000000000000000e+00
1.820861678004535023e+01,0.000000000000000000e+00
1.827664399092970626e+01,0.000000000000000000e+00
1.829931972789115946e+01,0.000000000000000000e+00
1.832199546485260910e+01,0.000000000000000000e+00
1.834467120181405875e+01,0.000000000000000000e+00
1.836734693877551194e+01,0.000000000000000000e+00
1.839002267573696159e+01,0.000000000000000000e+00
1.843537414965986443e+01,0.000000000000000000e+00
1.845804988662131407e+01,0.000000000000000000e+00
1.848072562358276372e+01,0.000000000000000000e+00
1.850340136054421691e+01,0.000000000000000000e+00
1.852607709750566656e+01,0.000000000000000000e+00
1.854875283446712331e+01,0.000000000000000000e+00
1.857142857142857295e+01,0.000000000000000000e+00
1.859410430839002260e+01,0.000000000000000000e+00
1.861678004535147579e+01,0.000000000000000000e+00
1.863945578231292544e+01,0.000000000000000000e+00
1.866213151927437508e+01,0.000000000000000000e+00
1.868480725623582828e+01,0.000000000000000000e+00
1.870748299319727792e+01,1.000000000000000000e+00
1.873015873015872756e+01,1.000000000000000000e+00
1.875283446712018076e+01,0.000000000000000000e+00
1.877551020408163041e+01,0.000000000000000000e+00
1.879818594104308360e+01,0.000000000000000000e+00
1.882086167800453680e+01,1.000000000000000000e+00
1.884353741496598644e+01,0.000000000000000000e+00
1.886621315192743964e+01,0.000000000000000000e+00
1.888888888888888928e+01,1.000000000000000000e+00
1.891156462585033893e+01,1.000000000000000000e+00
1.893424036281179212e+01,0.000000000000000000e+00
1.895691609977324177e+01,0.000000000000000000e+00
1.897959183673469497e+01,1.000000000000000000e+00
1.900226757369614461e+01,1.000000000000000000e+00
1.902494331065759425e+01,1.000000000000000000e+00
1.904761904761904745e+01,1.000000000000000000e+00
1.907029478458050065e+01,1.000000000000000000e+00
1.909297052154195029e+01,1.000000000000000000e+00
1.911564625850340349e+01,1.000000000000000000e+00
1.913832199546485313e+01,1.000000000000000000e+00
1.916099773242630278e+01,1.000000000000000000e+00
1.918367346938775597e+01,1.000000000000000000e+00
1.920634920634920562e+01,1.000000000000000000e+00
1.922902494331065881e+01,1.000000000000000000e+00
1.925170068027210846e+01,1.000000000000000000e+00
1.927437641723355810e+01,1.000000000000000000e+00
1.929705215419501130e+01,1.000000000000000000e+00
1.931972789115646094e+01,1.000000000000000000e+00
1.934240362811791414e+01,1.000000000000000000e+00
1.936507936507936734e+01,1.000000000000000000e+00
1.938775510204081698e+01,1.000000000000000000e+00
1.941043083900226662e+01,1.000000000000000000e+00
1.943310657596371982e+01,1.000000000000000000e+00
1.945578231292516946e+01,1.000000000000000000e+00
1.947845804988662266e+01,1.000000000000000000e+00
1.950113378684807230e+01,1.000000000000000000e+00
1.952380952380952195e+01,1.000000000000000000e+00
1.954648526077097515e+01,1.000000000000000000e+00
1.956916099773242479e+01,1.000000000000000000e+00
1.959183673469387443e+01,1.000000000000000000e+00
1.961451247165533118e+01,1.000000000000000000e+00
1.963718820861678083e+01,1.000000000000000000e+00
1.965986394557823402e+01,1.000000000000000000e+00
1.968253968253968367e+01,1.000000000000000000e+00
1.970521541950113331e+01,1.000000000000000000e+00
1.972789115646258651e+01,1.000000000000000000e+00
1.975056689342403615e+01,1.000000000000000000e+00
1.977324263038548580e+01,1.000000000000000000e+00
1.979591836734693899e+01,1.000000000000000000e+00
1.981859410430838864e+01,1.000000000000000000e+00
1.984126984126983828e+01,1.000000000000000000e+00
1.986394557823129148e+01,1.000000000000000000e+00
1.988662131519274467e+01,1.000000000000000000e+00
1.990929705215419787e+01,1.000000000000000000e+00
1.993197278911564752e+01,1.000000000000000000e+00
1.995464852607709716e+01,1.000000000000000000e+00
1.997732426303855036e+01,1.000000000000000000e+00
2.000000000000000000e+01,1.000000000000000000e+00
2.002267573696144964e+01,1.000000000000000000e+00
2.004535147392290284e+01,1.000000000000000000e+00
2.006802721088435248e+01,1.000000000000000000e+00
2.009070294784580213e+01,1.000000000000000000e+00
2.011337868480725533e+01,1.000000000000000000e+00
2.013605442176870852e+01,1.000000000000000000e+00
2.015873015873016172e+01,1.000000000000000000e+00
2.018140589569161136e+01,1.000000000000000000e+00
2.020408163265306101e+01,1.000000000000000000e+00
2.022675736961451420e+01,1.000000000000000000e+00
2.024943310657596385e+01,1.000000000000000000e+00
2.027210884353741349e+01,1.000000000000000000e+00
2.029478458049886669e+01,1.000000000000000000e+00
2.031746031746031633e+01,1.000000000000000000e+00
2.034013605442176598e+01,1.000000000000000000e+00
2.036281179138321917e+01,1.000000000000000000e+00
2.038548752834466882e+01,1.000000000000000000e+00
2.040816326530612557e+01,1.000000000000000000e+00
2.043083900226757521e+01,1.000000000000000000e+00
2.045351473922902485e+01,1.000000000000000000e+00
2.047619047619047805e+01,1.000000000000000000e+00
2.049886621315192770e+01,1.000000000000000000e+00
2.052154195011337734e+01,1.000000000000000000e+00
2.054421768707483054e+01,1.000000000000000000e+00
2.056689342403628018e+01,1.000000000000000000e+00
2.058956916099773338e+01,1.000000000000000000e+00
2.061224489795918302e+01,1.000000000000000000e+00
2.063492063492063266e+01,1.000000000000000000e+00
2.065759637188208586e+01,1.000000000000000000e+00
2.068027210884353906e+01,1.000000000000000000e+00
2.070294784580498870e+01,1.000000000000000000e+00
2.072562358276644190e+01,1.000000000000000000e+00
2.074829931972789154e+01,1.000000000000000000e+00
2.077097505668934119e+01,1.000000000000000000e+00
2.079365079365079438e+01,1.000000000000000000e+00
2.081632653061224403e+01,1.000000000000000000e+00
2.083900226757369722e+01,1.000000000000000000e+00
2.086167800453514687e+01,1.000000000000000000e+00
2.088435374149659651e+01,1.000000000000000000e+00
2.090702947845804971e+01,1.000000000000000000e+00
2.092970521541949935e+01,1.000000000000000000e+00
2.095238095238095255e+01,1.000000000000000000e+00
2.097505668934240575e+01,1.000000000000000000e+00
2.099773242630385539e+01,1.000000000000000000e+00
2.102040816326530503e+01,1.000000000000000000e+00
2.104308390022675823e+01,1.000000000000000000e+00
2.106575963718820788e+01,1.000000000000000000e+00
2.108843537414966107e+01,1.000000000000000000e+00
2.111111111111111072e+01,1.000000000000000000e+00
2.113378684807256036e+01,1.000000000000000000e+00
2.115646258503401356e+01,1.000000000000000000e+00
2.117913832199546320e+01,1.000000000000000000e+00
2.120181405895691640e+01,1.000000000000000000e+00
2.122448979591836959e+01,1.000000000000000000e+00
2.124716553287981924e+01,1.000000000000000000e+00
2.126984126984127244e+01,1.000000000000000000e+00
2.129251700680272208e+01,1.000000000000000000e+00
2.131519274376417172e+01,1.000000000000000000e+00
2.133786848072562492e+01,1.000000000000000000e+00
2.136054421768707456e+01,1.000000000000000000e+00
2.138321995464852421e+01,1.000000000000000000e+00
2.140589569160997740e+01,1.000000000000000000e+00
2.142857142857142705e+01,1.000000000000000000e+00
2.145124716553287669e+01,1.000000000000000000e+00
2.147392290249433344e+01,1.000000000000000000e+00
2.149659863945578309e+01,1.000000000000000000e+00
2.151927437641723628e+01,1.000000000000000000e+00
2.154195011337868593e+01,1.000000000000000000e+00
2.156462585034013557e+01,1.000000000000000000e+00
2.158730158730158877e+01,1.000000000000000000e+00
2.160997732426303841e+01,1.000000000000000000e+00
2.163265306122448806e+01,1.000000000000000000e+00
2.165532879818594125e+01,1.000000000000000000e+00
2.167800453514739090e+01,1.000000000000000000e+00
2.170068027210884054e+01,1.000000000000000000e+00
2.172335600907029374e+01,1.000000000000000000e+00
2.174603174603174693e+01,1.000000000000000000e+00
2.176870748299320013e+01,1.000000000000000000e+00
2.179138321995464977e+01,0.000000000000000000e+00
2.181405895691609942e+01,1.000000000000000000e+00
2.183673469387755262e+01,1.000000000000000000e+00
2.185941043083900226e+01,1.000000000000000000e+00
2.188208616780045190e+01,1.000000000000000000e+00
2.190476190476190510e+01,0.000000000000000000e+00
2.192743764172335474e+01,1.000000000000000000e+00
2.195011337868480439e+01,1.000000000000000000e+00
2.197278911564625759e+01,1.000000000000000000e+00
2.199546485260770723e+01,0.000000000000000000e+00
2.201814058956916398e+01,0.000000000000000000e+00
2.204081632653061362e+01,1.000000000000000000e+00
2.206349206349206327e+01,0.000000000000000000e+00
2.208616780045351646e+01,0.000000000000000000e+00
2.210884353741496611e+01,0.000000000000000000e+00
2.213151927437641575e+01,0.000000000000000000e+00
2.215419501133786895e+01,0.000000000000000000e+00
2.217687074829931859e+01,0.000000000000000000e+00
2.219954648526077179e+01,0.000000000000000000e+00
2.222222222222222143e+01,0.000000000000000000e+00
2.224489795918367108e+01,0.000000000000000000e+00
2.226757369614512427e+01,0.000000000000000000e+00
2.229024943310657747e+01,0.000000000000000000e+00
2.231292517006802711e+01,0.000000000000000000e+00
2.233560090702948031e+01,0.000000000000000000e+00
2.235827664399092995e+01,0.000000000000000000e+00
2.240362811791383280e+01,0.000000000000000000e+00
2.242630385487528244e+01,0.000000000000000000e+00
2.244897959183673564e+01,0.000000000000000000e+00
2.247165532879818528e+01,0.000000000000000000e+00
2.249433106575963492e+01,0.000000000000000000e+00
2.251700680272108812e+01,0.000000000000000000e+00
2.253968253968254132e+01,0.000000000000000000e+00
2.258503401360544416e+01,0.000000000000000000e+00
2.260770975056689380e+01,0.000000000000000000e+00
2.265306122448979664e+01,0.000000000000000000e+00
2.333333333333333215e+01,0.000000000000000000e+00
2.335600907029478535e+01,0.000000000000000000e+00
2.340136054421768819e+01,0.000000000000000000e+00
2.344671201814059103e+01,0.000000000000000000e+00
2.346938775510204067e+01,0.000000000000000000e+00
2.349206349206349032e+01,0.000000000000000000e+00
2.351473922902494351e+01,0.000000000000000000e+00
2.353741496598639316e+01,0.000000000000000000e+00
2.356009070294784280e+01,0.000000000000000000e+00
2.358276643990929600e+01,0.000000000000000000e+00
2.360544217687074919e+01,0.000000000000000000e+00
2.362811791383220239e+01,0.000000000000000000e+00
2.365079365079365203e+01,0.000000000000000000e+00
2.367346938775510168e+01,0.000000000000000000e+00
2.369614512471655488e+01,0.000000000000000000e+00
2.371882086167800452e+01,0.000000000000000000e+00
2.374149659863945416e+01,0.000000000000000000e+00
2.376417233560090736e+01,0.000000000000000000e+00
2.378684807256235700e+01,0.000000000000000000e+00
2.380952380952381020e+01,0.000000000000000000e+00
2.383219954648525984e+01,0.000000000000000000e+00
2.385487528344670949e+01,1.000000000000000000e+00
2.387755102040816624e+01,0.000000000000000000e+00
2.390022675736961588e+01,0.000000000000000000e+00
2.392290249433106553e+01,0.000000000000000000e+00
2.394557823129251872e+01,0.000000000000000000e+00
2.396825396825396837e+01,0.000000000000000000e+00
2.399092970521541801e+01,0.000000000000000000e+00
2.401360544217687121e+01,0.000000000000000000e+00
2.403628117913832085e+01,1.000000000000000000e+00
2.405895691609977405e+01,1.000000000000000000e+00
2.408163265306122369e+01,1.000000000000000000e+00
2.410430839002267334e+01,1.000000000000000000e+00
2.412698412698412653e+01,1.000000000000000000e+00
2.414965986394557973e+01,1.000000000000000000e+00
2.417233560090702937e+01,1.000000000000000000e+00
2.419501133786848257e+01,1.000000000000000000e+00
2.421768707482993221e+01,1.000000000000000000e+00
2.424036281179138186e+01,1.000000000000000000e+00
2.426303854875283506e+01,1.000000000000000000e+00
2.428571428571428470e+01,1.000000000000000000e+00
2.430839002267573790e+01,1.000000000000000000e+00
2.433106575963718754e+01,1.000000000000000000e+00
2.435374149659863718e+01,1.000000000000000000e+00
2.437641723356009038e+01,1.000000000000000000e+00
2.439909297052154002e+01,1.000000000000000000e+00
2.442176870748299322e+01,1.000000000000000000e+00
2.444444444444444642e+01,1.000000000000000000e+00
2.446712018140589606e+01,1.000000000000000000e+00
2.448979591836734926e+01,1.000000000000000000e+00
2.451247165532879890e+01,1.000000000000000000e+00
2.453514739229024855e+01,1.000000000000000000e+00
2.455782312925170174e+01,1.000000000000000000e+00
2.458049886621315139e+01,1.000000000000000000e+00
2.460317460317460103e+01,1.000000000000000000e+00
2.462585034013605423e+01,1.000000000000000000e+00
2.464852607709750387e+01,1.000000000000000000e+00
2.467120181405895707e+01,1.000000000000000000e+00
2.469387755102041027e+01,1.000000000000000000e+00
2.471655328798185991e+01,1.000000000000000000e+00
2.473922902494331311e+01,1.000000000000000000e+00
2.476190476190476275e+01,1.000000000000000000e+00
2.478458049886621239e+01,1.000000000000000000e+00
2.480725623582766559e+01,1.000000000000000000e+00
2.482993197278911524e+01,1.000000000000000000e+00
2.485260770975056488e+01,1.000000000000000000e+00
2.487528344671201808e+01,1.000000000000000000e+00
2.489795918367346772e+01,1.000000000000000000e+00
2.492063492063491736e+01,1.000000000000000000e+00
2.494331065759637411e+01,1.000000000000000000e+00
2.496598639455782376e+01,1.000000000000000000e+00
2.498866213151927695e+01,1.000000000000000000e+00
2.501133786848072660e+01,1.000000000000000000e+00
2.503401360544217624e+01,1.000000000000000000e+00
2.505668934240362944e+01,1.000000000000000000e+00
2.507936507936507908e+01,1.000000000000000000e+00
2.510204081632652873e+01,1.000000000000000000e+00
2.512471655328798192e+01,1.000000000000000000e+00
2.514739229024943157e+01,1.000000000000000000e+00
2.517006802721088121e+01,1.000000000000000000e+00
2.519274376417233441e+01,1.000000000000000000e+00
2.521541950113378761e+01,1.000000000000000000e+00
2.523809523809524080e+01,1.000000000000000000e+00
2.526077097505669045e+01,1.000000000000000000e+00
2.528344671201814009e+01,1.000000000000000000e+00
2.530612244897959329e+01,1.000000000000000000e+00
2.532879818594104293e+01,1.000000000000000000e+00
2.535147392290249257e+01,1.000000000000000000e+00
2.537414965986394577e+01,1.000000000000000000e+00
2.539682539682539542e+01,1.000000000000000000e+00
2.541950113378684861e+01,1.000000000000000000e+00
2.544217687074829826e+01,1.000000000000000000e+00
2.546485260770974790e+01,1.000000000000000000e+00
2.548752834467120465e+01,1.000000000000000000e+00
2.551020408163265429e+01,1.000000000000000000e+00
2.553287981859410394e+01,1.000000000000000000e+00
2.555555555555555713e+01,1.000000000000000000e+00
2.557823129251700678e+01,1.000000000000000000e+00
2.560090702947845642e+01,1.000000000000000000e+00
2.562358276643990962e+01,1.000000000000000000e+00
2.564625850340135926e+01,1.000000000000000000e+00
2.566893424036281246e+01,1.000000000000000000e+00
2.569160997732426210e+01,1.000000000000000000e+00
2.571428571428571175e+01,1.000000000000000000e+00
2.573696145124716850e+01,1.000000000000000000e+00
2.575963718820861814e+01,1.000000000000000000e+00
2.578231292517006779e+01,1.000000000000000000e+00
2.580498866213152098e+01,1.000000000000000000e+00
2.582766439909297063e+01,1.000000000000000000e+00
2.585034013605442027e+01,1.000000000000000000e+00
2.587301587301587347e+01,1.000000000000000000e+00
2.589569160997732311e+01,1.000000000000000000e+00
2.591836734693877631e+01,1.000000000000000000e+00
2.594104308390022595e+01,1.000000000000000000e+00
2.596371882086167560e+01,1.000000000000000000e+00
2.598639455782312879e+01,1.000000000000000000e+00
2.600907029478458199e+01,1.000000000000000000e+00
2.603174603174603163e+01,1.000000000000000000e+00
2.605442176870748483e+01,1.000000000000000000e+00
2.607709750566893447e+01,1.000000000000000000e+00
2.609977324263038767e+01,1.000000000000000000e+00
2.612244897959183731e+01,1.000000000000000000e+00
2.614512471655328696e+01,1.000000000000000000e+00
2.616780045351474016e+01,1.000000000000000000e+00
2.619047619047618980e+01,1.000000000000000000e+00
2.621315192743763944e+01,1.000000000000000000e+00
2.623582766439909264e+01,1.000000000000000000e+00
2.625850340136054228e+01,1.000000000000000000e+00
2.628117913832199548e+01,1.000000000000000000e+00
2.630385487528344868e+01,1.000000000000000000e+00
2.632653061224489832e+01,1.000000000000000000e+00
2.634920634920635152e+01,1.000000000000000000e+00
2.637188208616780116e+01,1.000000000000000000e+00
2.639455782312925081e+01,1.000000000000000000e+00
2.641723356009070400e+01,1.000000000000000000e+00
2.643990929705215365e+01,1.000000000000000000e+00
2.646258503401360329e+01,1.000000000000000000e+00
2.648526077097505649e+01,1.000000000000000000e+00
2.650793650793650613e+01,1.000000000000000000e+00
2.653061224489795933e+01,1.000000000000000000e+00
2.655328798185941253e+01,1.000000000000000000e+00
2.657596371882086217e+01,1.000000000000000000e+00
2.659863945578231537e+01,1.000000000000000000e+00
2.662131519274376501e+01,1.000000000000000000e+00
2.664399092970521465e+01,1.000000000000000000e+00
2.666666666666666785e+01,1.000000000000000000e+00
2.668934240362811749e+01,1.000000000000000000e+00
2.671201814058956714e+01,1.000000000000000000e+00
2.673469387755102034e+01,1.000000000000000000e+00
2.675736961451246998e+01,1.000000000000000000e+00
2.678004535147391962e+01,1.000000000000000000e+00
2.680272108843537637e+01,1.000000000000000000e+00
2.682539682539682602e+01,1.000000000000000000e+00
2.684807256235827921e+01,1.000000000000000000e+00
2.687074829931972886e+01,1.000000000000000000e+00
2.689342403628117850e+01,1.000000000000000000e+00
2.691609977324263170e+01,1.000000000000000000e+00
2.693877551020408134e+01,1.000000000000000000e+00
2.696145124716553099e+01,1.000000000000000000e+00
2.698412698412698418e+01,1.000000000000000000e+00
2.700680272108843383e+01,1.000000000000000000e+00
2.702947845804988702e+01,1.000000000000000000e+00
2.705215419501133667e+01,1.000000000000000000e+00
2.707482993197278986e+01,1.000000000000000000e+00
2.709750566893424306e+01,1.000000000000000000e+00
2.712018140589569271e+01,1.000000000000000000e+00
2.714285714285714235e+01,1.000000000000000000e+00
2.716553287981859555e+01,1.000000000000000000e+00
2.718820861678004519e+01,1.000000000000000000e+00
2.721088435374149483e+01,1.000000000000000000e+00
2.723356009070294803e+01,1.000000000000000000e+00
2.725623582766439768e+01,1.000000000000000000e+00
2.727891156462585087e+01,1.000000000000000000e+00
2.730158730158730052e+01,1.000000000000000000e+00
2.732426303854875016e+01,1.000000000000000000e+00
2.734693877551020691e+01,1.000000000000000000e+00
2.736961451247165655e+01,1.000000000000000000e+00
2.739229024943310620e+01,1.000000000000000000e+00
2.741496598639455939e+01,1.000000000000000000e+00
2.743764172335600904e+01,0.000000000000000000e+00
2.746031746031745868e+01,0.000000000000000000e+00
2.748299319727891188e+01,0.000000000000000000e+00
2.750566893424036152e+01,1.000000000000000000e+00
2.752834467120181472e+01,0.000000000000000000e+00
2.755102040816326436e+01,0.000000000000000000e+00
2.757369614512471401e+01,1.000000000000000000e+00
2.759637188208616720e+01,0.000000000000000000e+00
2.761904761904762040e+01,0.000000000000000000e+00
2.764172335600907005e+01,0.000000000000000000e+00
2.766439909297052324e+01,0.000000000000000000e+00
2.768707482993197289e+01,0.000000000000000000e+00
2.770975056689342608e+01,0.000000000000000000e+00
2.773242630385487573e+01,0.000000000000000000e+00
2.775510204081632537e+01,0.000000000000000000e+00
2.777777777777777857e+01,0.000000000000000000e+00
2.780045351473922821e+01,0.000000000000000000e+00
2.782312925170067786e+01,1.000000000000000000e+00
2.784580498866213105e+01,0.000000000000000000e+00
2.786848072562358425e+01,0.000000000000000000e+00
2.789115646258503389e+01,1.000000000000000000e+00
2.791383219954648709e+01,0.000000000000000000e+00
2.793650793650793673e+01,0.000000000000000000e+00
2.795918367346938993e+01,0.000000000000000000e+00
2.798185941043083957e+01,0.000000000000000000e+00
2.800453514739228922e+01,0.000000000000000000e+00
2.802721088435374241e+01,0.000000000000000000e+00
2.804988662131519206e+01,0.000000000000000000e+00
2.807256235827664170e+01,0.000000000000000000e+00
2.809523809523809490e+01,0.000000000000000000e+00
2.811791383219954454e+01,0.000000000000000000e+00
2.814058956916099774e+01,0.000000000000000000e+00
2.816326530612245094e+01,0.000000000000000000e+00
2.818594104308390058e+01,0.000000000000000000e+00
2.820861678004535378e+01,0.000000000000000000e+00
2.823129251700680342e+01,0.000000000000000000e+00
2.825396825396825307e+01,0.000000000000000000e+00
2.827664399092970626e+01,0.000000000000000000e+00
2.829931972789115591e+01,0.000000000000000000e+00
2.832199546485260555e+01,0.000000000000000000e+00
2.834467120181405875e+01,0.000000000000000000e+00
2.836734693877550839e+01,0.000000000000000000e+00
2.839002267573695804e+01,0.000000000000000000e+00
2.841269841269841478e+01,0.000000000000000000e+00
2.843537414965986443e+01,0.000000000000000000e+00
2.845804988662131763e+01,0.000000000000000000e+00
2.850340136054421691e+01,0.000000000000000000e+00
2.852607709750567011e+01,0.000000000000000000e+00
2.861678004535147224e+01,0.000000000000000000e+00
2.863945578231292544e+01,0.000000000000000000e+00
2.945578231292516946e+01,0.000000000000000000e+00
2.947845804988662266e+01,0.000000000000000000e+00
2.950113378684807230e+01,0.000000000000000000e+00
2.954648526077097515e+01,0.000000000000000000e+00
2.956916099773242834e+01,0.000000000000000000e+00
2.959183673469387799e+01,0.000000000000000000e+00
2.961451247165532763e+01,0.000000000000000000e+00
2.963718820861678083e+01,0.000000000000000000e+00
2.965986394557823047e+01,0.000000000000000000e+00
2.968253968253968011e+01,0.000000000000000000e+00
2.970521541950113331e+01,0.000000000000000000e+00
2.972789115646258296e+01,0.000000000000000000e+00
2.975056689342403615e+01,0.000000000000000000e+00
2.977324263038548935e+01,0.000000000000000000e+00
2.979591836734693899e+01,0.000000000000000000e+00
2.981859410430839219e+01,0.000000000000000000e+00
2.984126984126984183e+01,0.000000000000000000e+00
2.986394557823129148e+01,0.000000000000000000e+00
2.988662131519274467e+01,0.000000000000000000e+00
2.990929705215419432e+01,0.000000000000000000e+00
2.993197278911564396e+01,0.000000000000000000e+00
2.995464852607709716e+01,0.000000000000000000e+00
2.997732426303854680e+01,0.000000000000000000e+00
3.000000000000000000e+01,1.000000000000000000e+00
3.002267573696145320e+01,0.000000000000000000e+00
3.004535147392290284e+01,0.000000000000000000e+00
3.006802721088435604e+01,1.000000000000000000e+00
3.009070294784580568e+01,0.000000000000000000e+00
3.011337868480725533e+01,0.000000000000000000e+00
3.013605442176870852e+01,0.000000000000000000e+00
3.015873015873015817e+01,1.000000000000000000e+00
3.018140589569160781e+01,0.000000000000000000e+00
3.020408163265306101e+01,0.000000000000000000e+00
3.022675736961451065e+01,1.000000000000000000e+00
3.024943310657596385e+01,0.000000000000000000e+00
3.027210884353741704e+01,0.000000000000000000e+00
3.029478458049886669e+01,1.000000000000000000e+00
3.031746031746031989e+01,1.000000000000000000e+00
3.034013605442176953e+01,1.000000000000000000e+00
3.036281179138321917e+01,1.000000000000000000e+00
3.038548752834467237e+01,1.000000000000000000e+00
3.040816326530612201e+01,1.000000000000000000e+00
3.043083900226757166e+01,1.000000000000000000e+00
3.045351473922902485e+01,1.000000000000000000e+00
3.047619047619047450e+01,1.000000000000000000e+00
3.049886621315192770e+01,1.000000000000000000e+00
3.052154195011337734e+01,1.000000000000000000e+00
3.054421768707483054e+01,1.000000000000000000e+00
3.056689342403628373e+01,1.000000000000000000e+00
3.058956916099773338e+01,1.000000000000000000e+00
3.061224489795918302e+01,1.000000000000000000e+00
3.063492063492063622e+01,1.000000000000000000e+00
3.065759637188208586e+01,1.000000000000000000e+00
3.068027210884353551e+01,1.000000000000000000e+00
3.070294784580498870e+01,1.000000000000000000e+00
3.072562358276643835e+01,1.000000000000000000e+00
3.074829931972789154e+01,1.000000000000000000e+00
3.077097505668934119e+01,1.000000000000000000e+00
3.079365079365079083e+01,1.000000000000000000e+00
3.081632653061224758e+01,1.000000000000000000e+00
3.083900226757369722e+01,1.000000000000000000e+00
3.086167800453514687e+01,1.000000000000000000e+00
3.088435374149660007e+01,1.000000000000000000e+00
3.090702947845804971e+01,1.000000000000000000e+00
3.092970521541950291e+01,1.000000000000000000e+00
3.095238095238095255e+01,1.000000000000000000e+00
3.097505668934240219e+01,1.000000000000000000e+00
3.099773242630385539e+01,1.000000000000000000e+00
3.102040816326530503e+01,1.000000000000000000e+00
3.104308390022675468e+01,1.000000000000000000e+00
3.106575963718820788e+01,1.000000000000000000e+00
3.108843537414966107e+01,1.000000000000000000e+00
3.111111111111111072e+01,1.000000000000000000e+00
3.113378684807256391e+01,1.000000000000000000e+00
3.115646258503401356e+01,1.000000000000000000e+00
3.117913832199546675e+01,1.000000000000000000e+00
3.120181405895691640e+01,1.000000000000000000e+00
3.122448979591836604e+01,1.000000000000000000e+00
3.124716553287981924e+01,1.000000000000000000e+00
3.126984126984127244e+01,1.000000000000000000e+00
3.129251700680272208e+01,1.000000000000000000e+00
3.131519274376417172e+01,1.000000000000000000e+00
3.133786848072562492e+01,1.000000000000000000e+00
3.136054421768707456e+01,1.000000000000000000e+00
3.138321995464852421e+01,1.000000000000000000e+00
3.140589569160998096e+01,1.000000000000000000e+00
3.142857142857143060e+01,1.000000000000000000e+00
3.145124716553288025e+01,1.000000000000000000e+00
3.147392290249432989e+01,1.000000000000000000e+00
3.149659863945577953e+01,1.000000000000000000e+00
3.151927437641723628e+01,1.000000000000000000e+00
3.154195011337868593e+01,1.000000000000000000e+00
3.156462585034013557e+01,1.000000000000000000e+00
3.158730158730158522e+01,1.000000000000000000e+00
3.160997732426303841e+01,1.000000000000000000e+00
3.163265306122448806e+01,1.000000000000000000e+00
3.165532879818594481e+01,1.000000000000000000e+00
3.167800453514739445e+01,1.000000000000000000e+00
3.170068027210884409e+01,1.000000000000000000e+00
3.172335600907029374e+01,1.000000000000000000e+00
3.174603174603174338e+01,1.000000000000000000e+00
3.176870748299320013e+01,1.000000000000000000e+00
3.179138321995464977e+01,1.000000000000000000e+00
3.181405895691609942e+01,1.000000000000000000e+00
3.183673469387754906e+01,1.000000000000000000e+00
3.185941043083899871e+01,1.000000000000000000e+00
3.188208616780045190e+01,1.000000000000000000e+00
3.190476190476190865e+01,1.000000000000000000e+00
3.192743764172335830e+01,1.000000000000000000e+00
3.195011337868480794e+01,1.000000000000000000e+00
3.197278911564625759e+01,1.000000000000000000e+00
3.199546485260770723e+01,1.000000000000000000e+00
3.201814058956916398e+01,1.000000000000000000e+00
3.204081632653061718e+01,1.000000000000000000e+00
3.206349206349206327e+01,1.000000000000000000e+00
3.208616780045351646e+01,1.000000000000000000e+00
3.210884353741496255e+01,1.000000000000000000e+00
3.213151927437641575e+01,1.000000000000000000e+00
3.215419501133786895e+01,1.000000000000000000e+00
3.217687074829932214e+01,1.000000000000000000e+00
3.219954648526076824e+01,1.000000000000000000e+00
3.222222222222222143e+01,1.000000000000000000e+00
3.224489795918366752e+01,1.000000000000000000e+00
3.226757369614512783e+01,1.000000000000000000e+00
3.229024943310658102e+01,1.000000000000000000e+00
3.231292517006802711e+01,1.000000000000000000e+00
3.233560090702948031e+01,1.000000000000000000e+00
3.235827664399092640e+01,1.000000000000000000e+00
3.238095238095237960e+01,1.000000000000000000e+00
3.240362811791383280e+01,1.000000000000000000e+00
3.242630385487528599e+01,1.000000000000000000e+00
3.244897959183673208e+01,1.000000000000000000e+00
3.247165532879818528e+01,1.000000000000000000e+00
3.249433106575963137e+01,1.000000000000000000e+00
3.251700680272109167e+01,1.000000000000000000e+00
3.253968253968254487e+01,1.000000000000000000e+00
3.256235827664399096e+01,1.000000000000000000e+00
3.258503401360544416e+01,1.000000000000000000e+00
3.260770975056689025e+01,1.000000000000000000e+00
3.263038548752834345e+01,1.000000000000000000e+00
3.265306122448979664e+01,1.000000000000000000e+00
3.267573696145124984e+01,1.000000000000000000e+00
3.269841269841269593e+01,1.000000000000000000e+00
3.272108843537414913e+01,1.000000000000000000e+00
3.274376417233559522e+01,1.000000000000000000e+00
3.276643990929705552e+01,1.000000000000000000e+00
3.278911564625850161e+01,1.000000000000000000e+00
3.281179138321995481e+01,1.000000000000000000e+00
3.283446712018140801e+01,1.000000000000000000e+00
3.285714285714285410e+01,1.000000000000000000e+00
3.287981859410431440e+01,1.000000000000000000e+00
3.290249433106576049e+01,1.000000000000000000e+00
3.292517006802721369e+01,1.000000000000000000e+00
3.294784580498865978e+01,1.000000000000000000e+00
3.297052154195011298e+01,1.000000000000000000e+00
3.299319727891155907e+01,1.000000000000000000e+00
3.301587301587301937e+01,1.000000000000000000e+00
3.303854875283446546e+01,1.000000000000000000e+00
3.306122448979591866e+01,1.000000000000000000e+00
3.308390022675737185e+01,1.000000000000000000e+00
3.310657596371881795e+01,1.000000000000000000e+00
3.312925170068027825e+01,1.000000000000000000e+00
3.315192743764172434e+01,1.000000000000000000e+00
3.317460317460317754e+01,1.000000000000000000e+00
3.319727891156462363e+01,1.000000000000000000e+00
3.321995464852607682e+01,1.000000000000000000e+00
3.324263038548752291e+01,1.000000000000000000e+00
3.326530612244898322e+01,1.000000000000000000e+00
3.328798185941042931e+01,1.000000000000000000e+00
3.331065759637188251e+01,1.000000000000000000e+00
3.333333333333333570e+01,1.000000000000000000e+00
3.335600907029478179e+01,1.000000000000000000e+00
3.337868480725624210e+01,1.000000000000000000e+00
3.340136054421768819e+01,1.000000000000000000e+00
3.342403628117914138e+01,1.000000000000000000e+00
3.344671201814058747e+01,1.000000000000000000e+00
3.346938775510204067e+01,1.000000000000000000e+00
3.349206349206348676e+01,1.000000000000000000e+00
3.351473922902494706e+01,1.000000000000000000e+00
3.353741496598639316e+01,1.000000000000000000e+00
3.356009070294784635e+01,1.000000000000000000e+00
3.358276643990929244e+01,1.000000000000000000e+00
3.360544217687074564e+01,1.000000000000000000e+00
3.362811791383220594e+01,1.000000000000000000e+00
3.365079365079365203e+01,1.000000000000000000e+00
3.367346938775510523e+01,1.000000000000000000e+00
3.369614512471655132e+01,1.000000000000000000e+00
3.371882086167800452e+01,1.000000000000000000e+00
3.374149659863945061e+01,1.000000000000000000e+00
3.376417233560091091e+01,1.000000000000000000e+00
3.378684807256235700e+01,0.000000000000000000e+00
3.380952380952381020e+01,1.000000000000000000e+00
3.383219954648525629e+01,1.000000000000000000e+00
3.385487528344670949e+01,0.000000000000000000e+00
3.387755102040816979e+01,1.000000000000000000e+00
3.390022675736961588e+01,1.000000000000000000e+00
3.392290249433106908e+01,1.000000000000000000e+00
3.394557823129251517e+01,0.000000000000000000e+00
3.396825396825396837e+01,0.000000000000000000e+00
3.399092970521541446e+01,1.000000000000000000e+00
3.401360544217687476e+01,1.000000000000000000e+00
3.403628117913832085e+01,0.000000000000000000e+00
3.405895691609977405e+01,0.000000000000000000e+00
3.408163265306122014e+01,0.000000000000000000e+00
3.410430839002267334e+01,0.000000000000000000e+00
3.412698412698412653e+01,0.000000000000000000e+00
3.414965986394557973e+01,0.000000000000000000e+00
3.417233560090703293e+01,0.000000000000000000e+00
3.419501133786847902e+01,0.000000000000000000e+00
3.421768707482993221e+01,0.000000000000000000e+00
3.424036281179137831e+01,0.000000000000000000e+00
3.426303854875283861e+01,0.000000000000000000e+00
3.428571428571428470e+01,0.000000000000000000e+00
3.430839002267573790e+01,0.000000000000000000e+00
3.433106575963718399e+01,0.000000000000000000e+00
3.435374149659863718e+01,0.000000000000000000e+00
3.437641723356009038e+01,0.000000000000000000e+00
3.439909297052154358e+01,0.000000000000000000e+00
3.442176870748299677e+01,0.000000000000000000e+00
3.444444444444444287e+01,0.000000000000000000e+00
3.446712018140589606e+01,0.000000000000000000e+00
3.448979591836734926e+01,0.000000000000000000e+00
3.451247165532880246e+01,0.000000000000000000e+00
3.453514739229024855e+01,0.000000000000000000e+00
3.455782312925170174e+01,0.000000000000000000e+00
3.458049886621314783e+01,0.000000000000000000e+00
3.460317460317460103e+01,0.000000000000000000e+00
3.462585034013605423e+01,0.000000000000000000e+00
3.464852607709750743e+01,0.000000000000000000e+00
3.467120181405896062e+01,0.000000000000000000e+00
3.469387755102040671e+01,0.000000000000000000e+00
3.471655328798185991e+01,0.000000000000000000e+00
3.473922902494331311e+01,0.000000000000000000e+00
3.476190476190476630e+01,0.000000000000000000e+00
3.478458049886621239e+01,0.000000000000000000e+00
3.480725623582766559e+01,0.000000000000000000e+00
3.482993197278911168e+01,0.000000000000000000e+00
3.485260770975056488e+01,0.000000000000000000e+00
3.487528344671201808e+01,0.000000000000000000e+00
3.489795918367347127e+01,0.000000000000000000e+00
3.492063492063491736e+01,0.000000000000000000e+00
3.494331065759637056e+01,0.000000000000000000e+00
3.496598639455782376e+01,0.000000000000000000e+00
3.498866213151927695e+01,0.000000000000000000e+00
3.501133786848073015e+01,0.000000000000000000e+00
3.505668934240362944e+01,0.000000000000000000e+00
3.507936507936507553e+01,0.000000000000000000e+00
3.510204081632652873e+01,0.000000000000000000e+00
3.519274376417233441e+01,0.000000000000000000e+00
3.621315192743763589e+01,0.000000000000000000e+00
3.628117913832199548e+01,0.000000000000000000e+00
3.630385487528344868e+01,0.000000000000000000e+00
3.632653061224489477e+01,0.000000000000000000e+00
3.634920634920635507e+01,0.000000000000000000e+00
3.637188208616780116e+01,0.000000000000000000e+00
3.639455782312925436e+01,0.000000000000000000e+00
3.641723356009070045e+01,0.000000000000000000e+00
3.643990929705215365e+01,0.000000000000000000e+00
3.646258503401359974e+01,0.000000000000000000e+00
3.648526077097506004e+01,0.000000000000000000e+00
3.650793650793650613e+01,0.000000000000000000e+00
3.653061224489795933e+01,0.000000000000000000e+00
3.655328798185941253e+01,0.000000000000000000e+00
3.657596371882085862e+01,0.000000000000000000e+00
3.659863945578231892e+01,0.000000000000000000e+00
3.662131519274376501e+01,0.000000000000000000e+00
3.664399092970521821e+01,0.000000000000000000e+00
3.666666666666666430e+01,0.000000000000000000e+00
3.668934240362811749e+01,0.000000000000000000e+00
3.671201814058956359e+01,0.000000000000000000e+00
3.673469387755102389e+01,0.000000000000000000e+00
3.675736961451246998e+01,0.000000000000000000e+00
3.678004535147392318e+01,0.000000000000000000e+00
3.680272108843537637e+01,0.000000000000000000e+00
3.682539682539682246e+01,0.000000000000000000e+00
3.684807256235828277e+01,0.000000000000000000e+00
3.687074829931972886e+01,0.000000000000000000e+00
3.689342403628118205e+01,1.000000000000000000e+00
3.691609977324262815e+01,0.000000000000000000e+00
3.693877551020408134e+01,0.000000000000000000e+00
3.696145124716552743e+01,1.000000000000000000e+00
3.698412698412698774e+01,1.000000000000000000e+00
3.700680272108843383e+01,0.000000000000000000e+00
3.702947845804988702e+01,1.000000000000000000e+00
3.705215419501133312e+01,1.000000000000000000e+00
3.707482993197278631e+01,1.000000000000000000e+00
3.709750566893424661e+01,1.000000000000000000e+00
3.712018140589569271e+01,1.000000000000000000e+00
3.714285714285714590e+01,1.000000000000000000e+00
3.716553287981859199e+01,1.000000000000000000e+00
3.718820861678004519e+01,1.000000000000000000e+00
3.721088435374149128e+01,1.000000000000000000e+00
3.723356009070295158e+01,1.000000000000000000e+00
3.725623582766439768e+01,1.000000000000000000e+00
3.727891156462585087e+01,1.000000000000000000e+00
3.730158730158729696e+01,1.000000000000000000e+00
3.732426303854875016e+01,1.000000000000000000e+00
3.734693877551021046e+01,1.000000000000000000e+00
3.736961451247165655e+01,1.000000000000000000e+00
3.739229024943310975e+01,1.000000000000000000e+00
3.741496598639455584e+01,1.000000000000000000e+00
3.743764172335600904e+01,1.000000000000000000e+00
3.746031746031745513e+01,1.000000000000000000e+00
3.748299319727891543e+01,1.000000000000000000e+00
3.750566893424036152e+01,1.000000000000000000e+00
3.752834467120181472e+01,1.000000000000000000e+00
3.755102040816326081e+01,1.000000000000000000e+00
3.757369614512471401e+01,1.000000000000000000e+00
3.759637188208616720e+01,1.000000000000000000e+00
3.761904761904762040e+01,1.000000000000000000e+00
3.764172335600907360e+01,1.000000000000000000e+00
3.766439909297051969e+01,1.000000000000000000e+00
3.768707482993197289e+01,1.000000000000000000e+00
3.770975056689342608e+01,1.000000000000000000e+00
3.773242630385487928e+01,1.000000000000000000e+00
3.775510204081632537e+01,1.000000000000000000e+00
3.777777777777777857e+01,1.000000000000000000e+00
3.780045351473922466e+01,1.000000000000000000e+00
3.782312925170067786e+01,1.000000000000000000e+00
3.784580498866213105e+01,1.000000000000000000e+00
3.786848072562358425e+01,1.000000000000000000e+00
3.789115646258503745e+01,1.000000000000000000e+00
3.791383219954648354e+01,1.000000000000000000e+00
3.793650793650793673e+01,1.000000000000000000e+00
3.795918367346938993e+01,1.000000000000000000e+00
3.798185941043084313e+01,1.000000000000000000e+00
3.800453514739228922e+01,1.000000000000000000e+00
3.802721088435374241e+01,1.000000000000000000e+00
3.804988662131518851e+01,1.000000000000000000e+00
3.807256235827664170e+01,1.000000000000000000e+00
3.809523809523809490e+01,1.000000000000000000e+00
3.811791383219954810e+01,1.000000000000000000e+00
3.814058956916100129e+01,1.000000000000000000e+00
3.816326530612244738e+01,1.000000000000000000e+00
3.818594104308390058e+01,1.000000000000000000e+00
3.820861678004535378e+01,1.000000000000000000e+00
3.823129251700680697e+01,1.000000000000000000e+00
3.825396825396825307e+01,1.000000000000000000e+00
3.827664399092970626e+01,1.000000000000000000e+00
3.829931972789115235e+01,1.000000000000000000e+00
3.832199546485260555e+01,1.000000000000000000e+00
3.834467120181405875e+01,1.000000000000000000e+00
3.836734693877551194e+01,1.000000000000000000e+00
3.839002267573695804e+01,1.000000000000000000e+00
3.841269841269841123e+01,1.000000000000000000e+00
3.843537414965986443e+01,1.000000000000000000e+00
3.845804988662131763e+01,1.000000000000000000e+00
3.848072562358277082e+01,1.000000000000000000e+00
3.850340136054421691e+01,1.000000000000000000e+00
3.852607709750567011e+01,1.000000000000000000e+00
3.854875283446711620e+01,1.000000000000000000e+00
3.857142857142856940e+01,1.000000000000000000e+00
3.859410430839002260e+01,1.000000000000000000e+00
3.861678004535147579e+01,1.000000000000000000e+00
3.863945578231292188e+01,1.000000000000000000e+00
3.866213151927437508e+01,1.000000000000000000e+00
3.868480725623582828e+01,1.000000000000000000e+00
3.870748299319728147e+01,1.000000000000000000e+00
3.873015873015873467e+01,1.000000000000000000e+00
3.875283446712018076e+01,1.000000000000000000e+00
3.877551020408163396e+01,1.000000000000000000e+00
3.879818594104308005e+01,1.000000000000000000e+00
3.882086167800453325e+01,1.000000000000000000e+00
3.884353741496598644e+01,1.000000000000000000e+00
3.886621315192743964e+01,1.000000000000000000e+00
3.888888888888888573e+01,1.000000000000000000e+00
3.891156462585033893e+01,1.000000000000000000e+00
3.893424036281179212e+01,1.000000000000000000e+00
3.895691609977324532e+01,1.000000000000000000e+00
3.897959183673469852e+01,1.000000000000000000e+00
3.900226757369614461e+01,1.000000000000000000e+00
3.902494331065759781e+01,1.000000000000000000e+00
3.904761904761904390e+01,1.000000000000000000e+00
3.907029478458049709e+01,1.000000000000000000e+00
3.909297052154195029e+01,1.000000000000000000e+00
3.911564625850340349e+01,1.000000000000000000e+00
3.913832199546484958e+01,1.000000000000000000e+00
3.916099773242630278e+01,1.000000000000000000e+00
3.918367346938774887e+01,1.000000000000000000e+00
3.920634920634920917e+01,1.000000000000000000e+00
3.922902494331066237e+01,1.000000000000000000e+00
3.925170068027210846e+01,1.000000000000000000e+00
3.927437641723356165e+01,1.000000000000000000e+00
3.929705215419500774e+01,1.000000000000000000e+00
3.931972789115646805e+01,1.000000000000000000e+00
3.934240362811791414e+01,1.000000000000000000e+00
3.936507936507936734e+01,1.000000000000000000e+00
3.938775510204081343e+01,1.000000000000000000e+00
3.941043083900226662e+01,1.000000000000000000e+00
3.943310657596371271e+01,1.000000000000000000e+00
3.945578231292517302e+01,1.000000000000000000e+00
3.947845804988662621e+01,1.000000000000000000e+00
3.950113378684807230e+01,1.000000000000000000e+00
3.952380952380952550e+01,1.000000000000000000e+00
3.954648526077097159e+01,1.000000000000000000e+00
3.956916099773243189e+01,1.000000000000000000e+00
3.959183673469387799e+01,1.000000000000000000e+00
3.961451247165533118e+01,1.000000000000000000e+00
3.963718820861677727e+01,1.000000000000000000e+00
3.965986394557823047e+01,1.000000000000000000e+00
3.968253968253967656e+01,1.000000000000000000e+00
3.970521541950113686e+01,1.000000000000000000e+00
3.972789115646258296e+01,1.000000000000000000e+00
3.975056689342403615e+01,1.000000000000000000e+00
3.977324263038548935e+01,1.000000000000000000e+00
3.979591836734693544e+01,1.000000000000000000e+00
3.981859410430839574e+01,1.000000000000000000e+00
3.984126984126984183e+01,1.000000000000000000e+00
3.986394557823129503e+01,1.000000000000000000e+00
3.988662131519274112e+01,1.000000000000000000e+00
3.990929705215419432e+01,1.000000000000000000e+00
3.993197278911564041e+01,1.000000000000000000e+00
3.995464852607710071e+01,1.000000000000000000e+00
3.997732426303854680e+01,1.000000000000000000e+00
4.000000000000000000e+01,1.000000000000000000e+00
4.002267573696145320e+01,1.000000000000000000e+00
4.004535147392289929e+01,1.000000000000000000e+00
4.006802721088435959e+01,1.000000000000000000e+00
4.009070294784580568e+01,1.000000000000000000e+00
4.011337868480725888e+01,1.000000000000000000e+00
4.013605442176870497e+01,1.000000000000000000e+00
4.015873015873015817e+01,1.000000000000000000e+00
4.018140589569160426e+01,1.000000000000000000e+00
4.020408163265306456e+01,1.000000000000000000e+00
4.022675736961451065e+01,1.000000000000000000e+00
4.024943310657596385e+01,1.000000000000000000e+00
4.027210884353741704e+01,1.000000000000000000e+00
4.029478458049886314e+01,1.000000000000000000e+00
4.031746031746032344e+01,1.000000000000000000e+00
4.034013605442176953e+01,1.000000000000000000e+00
4.036281179138322273e+01,1.000000000000000000e+00
4.038548752834466882e+01,1.000000000000000000e+00
4.040816326530612201e+01,1.000000000000000000e+00
4.043083900226756811e+01,1.000000000000000000e+00
4.045351473922902841e+01,1.000000000000000000e+00
4.047619047619047450e+01,1.000000000000000000e+00
4.049886621315192770e+01,1.000000000000000000e+00
4.052154195011337379e+01,1.000000000000000000e+00
4.054421768707482698e+01,1.000000000000000000e+00
4.056689342403628729e+01,1.000000000000000000e+00
4.058956916099773338e+01,1.000000000000000000e+00
4.061224489795918657e+01,1.000000000000000000e+00
4.063492063492063266e+01,1.000000000000000000e+00
4.065759637188208586e+01,1.000000000000000000e+00
4.068027210884353195e+01,1.000000000000000000e+00
4.070294784580499226e+01,1.000000000000000000e+00
4.072562358276643835e+01,1.000000000000000000e+00
4.074829931972789154e+01,1.000000000000000000e+00
4.077097505668933763e+01,1.000000000000000000e+00
4.079365079365079083e+01,0.000000000000000000e+00
4.081632653061225113e+01,1.000000000000000000e+00
4.083900226757369722e+01,1.000000000000000000e+00
4.086167800453515042e+01,0.000000000000000000e+00
4.088435374149659651e+01,0.000000000000000000e+00
4.090702947845804971e+01,1.000000000000000000e+00
4.092970521541950291e+01,1.000000000000000000e+00
4.095238095238095610e+01,0.000000000000000000e+00
4.097505668934240219e+01,0.000000000000000000e+00
4.099773242630385539e+01,1.000000000000000000e+00
4.102040816326530148e+01,0.000000000000000000e+00
4.104308390022675468e+01,0.000000000000000000e+00
4.106575963718820788e+01,0.000000000000000000e+00
4.108843537414966107e+01,0.000000000000000000e+00
4.111111111111111427e+01,0.000000000000000000e+00
4.113378684807256036e+01,0.000000000000000000e+00
4.115646258503401356e+01,0.000000000000000000e+00
4.117913832199546675e+01,0.000000000000000000e+00
4.120181405895691995e+01,0.000000000000000000e+00
4.122448979591836604e+01,0.000000000000000000e+00
4.124716553287981924e+01,0.000000000000000000e+00
4.126984126984126533e+01,0.000000000000000000e+00
4.129251700680271853e+01,0.000000000000000000e+00
4.131519274376417172e+01,0.000000000000000000e+00
4.133786848072562492e+01,0.000000000000000000e+00
4.136054421768707812e+01,0.000000000000000000e+00
4.138321995464852421e+01,0.000000000000000000e+00
4.140589569160997740e+01,0.000000000000000000e+00
4.142857142857143060e+01,0.000000000000000000e+00
4.145124716553288380e+01,0.000000000000000000e+00
4.147392290249432989e+01,0.000000000000000000e+00
4.149659863945578309e+01,0.000000000000000000e+00
4.151927437641722918e+01,0.000000000000000000e+00
4.154195011337868237e+01,0.000000000000000000e+00
4.156462585034013557e+01,0.000000000000000000e+00
4.158730158730158877e+01,0.000000000000000000e+00
4.160997732426304196e+01,0.000000000000000000e+00
4.163265306122448806e+01,0.000000000000000000e+00
4.165532879818594125e+01,0.000000000000000000e+00
4.167800453514739445e+01,0.000000000000000000e+00
4.172335600907029374e+01,0.000000000000000000e+00
4.174603174603174693e+01,0.000000000000000000e+00
4.176870748299319303e+01,0.000000000000000000e+00
4.179138321995464622e+01,0.000000000000000000e+00
4.297052154195011298e+01,0.000000000000000000e+00
4.306122448979591866e+01,0.000000000000000000e+00
4.308390022675737185e+01,0.000000000000000000e+00
4.310657596371881795e+01,0.000000000000000000e+00
4.312925170068027114e+01,0.000000000000000000e+00
4.315192743764171723e+01,0.000000000000000000e+00
4.317460317460317754e+01,0.000000000000000000e+00
4.319727891156462363e+01,0.000000000000000000e+00
4.321995464852607682e+01,0.000000000000000000e+00
4.324263038548753002e+01,0.000000000000000000e+00
4.326530612244897611e+01,0.000000000000000000e+00
4.328798185941043641e+01,0.000000000000000000e+00
4.331065759637188251e+01,0.000000000000000000e+00
4.333333333333333570e+01,0.000000000000000000e+00
4.335600907029478179e+01,0.000000000000000000e+00
4.337868480725623499e+01,0.000000000000000000e+00
4.340136054421768108e+01,0.000000000000000000e+00
4.342403628117914138e+01,0.000000000000000000e+00
4.344671201814058747e+01,0.000000000000000000e+00
4.346938775510204067e+01,0.000000000000000000e+00
4.349206349206349387e+01,0.000000000000000000e+00
4.351473922902493996e+01,0.000000000000000000e+00
4.353741496598640026e+01,0.000000000000000000e+00
4.356009070294784635e+01,0.000000000000000000e+00
4.358276643990929955e+01,0.000000000000000000e+00
4.360544217687074564e+01,0.000000000000000000e+00
4.362811791383219884e+01,0.000000000000000000e+00
4.365079365079364493e+01,0.000000000000000000e+00
4.367346938775510523e+01,0.000000000000000000e+00
4.369614512471655132e+01,0.000000000000000000e+00
4.371882086167800452e+01,0.000000000000000000e+00
4.374149659863945772e+01,0.000000000000000000e+00
4.376417233560090381e+01,0.000000000000000000e+00
4.378684807256236411e+01,0.000000000000000000e+00
4.380952380952381020e+01,0.000000000000000000e+00
4.383219954648526340e+01,0.000000000000000000e+00
4.385487528344670949e+01,0.000000000000000000e+00
4.387755102040816269e+01,0.000000000000000000e+00
4.390022675736960878e+01,0.000000000000000000e+00
4.392290249433106908e+01,0.000000000000000000e+00
4.394557823129251517e+01,0.000000000000000000e+00
4.396825396825396837e+01,0.000000000000000000e+00
4.399092970521541446e+01,0.000000000000000000e+00
4.401360544217686765e+01,0.000000000000000000e+00
4.403628117913832796e+01,0.000000000000000000e+00
4.405895691609977405e+01,1.000000000000000000e+00
4.408163265306122724e+01,1.000000000000000000e+00
4.410430839002267334e+01,0.000000000000000000e+00
4.412698412698412653e+01,0.000000000000000000e+00
4.414965986394557973e+01,1.000000000000000000e+00
4.417233560090703293e+01,1.000000000000000000e+00
4.419501133786847902e+01,1.000000000000000000e+00
4.421768707482993221e+01,1.000000000000000000e+00
4.424036281179137831e+01,1.000000000000000000e+00
4.426303854875283150e+01,1.000000000000000000e+00
4.428571428571429180e+01,1.000000000000000000e+00
4.430839002267573790e+01,1.000000000000000000e+00
4.433106575963719109e+01,1.000000000000000000e+00
4.435374149659863718e+01,1.000000000000000000e+00
4.437641723356009038e+01,1.000000000000000000e+00
4.439909297052154358e+01,1.000000000000000000e+00
4.442176870748299677e+01,1.000000000000000000e+00
4.444444444444444287e+01,1.000000000000000000e+00
4.446712018140589606e+01,1.000000000000000000e+00
4.448979591836734215e+01,1.000000000000000000e+00
4.451247165532879535e+01,1.000000000000000000e+00
4.453514739229024855e+01,1.000000000000000000e+00
4.455782312925170174e+01,1.000000000000000000e+00
4.458049886621315494e+01,1.000000000000000000e+00
4.460317460317460103e+01,1.000000000000000000e+00
4.462585034013605423e+01,1.000000000000000000e+00
4.464852607709750743e+01,1.000000000000000000e+00
4.467120181405896062e+01,1.000000000000000000e+00
4.469387755102040671e+01,1.000000000000000000e+00
4.471655328798185991e+01,1.000000000000000000e+00
4.473922902494330600e+01,1.000000000000000000e+00
4.476190476190475920e+01,1.000000000000000000e+00
4.478458049886621239e+01,1.000000000000000000e+00
4.480725623582766559e+01,1.000000000000000000e+00
4.482993197278911879e+01,1.000000000000000000e+00
4.485260770975056488e+01,1.000000000000000000e+00
4.487528344671201808e+01,1.000000000000000000e+00
4.489795918367347127e+01,1.000000000000000000e+00
4.492063492063492447e+01,1.000000000000000000e+00
4.494331065759637056e+01,1.000000000000000000e+00
4.496598639455782376e+01,1.000000000000000000e+00
4.498866213151926985e+01,1.000000000000000000e+00
4.501133786848072305e+01,1.000000000000000000e+00
4.503401360544217624e+01,1.000000000000000000e+00
4.505668934240362944e+01,1.000000000000000000e+00
4.507936507936508264e+01,1.000000000000000000e+00
4.510204081632652873e+01,1.000000000000000000e+00
4.512471655328798192e+01,1.000000000000000000e+00
4.514739229024943512e+01,1.000000000000000000e+00
4.517006802721088832e+01,1.000000000000000000e+00
4.519274376417233441e+01,1.000000000000000000e+00
4.521541950113378761e+01,1.000000000000000000e+00
4.523809523809523370e+01,1.000000000000000000e+00
4.526077097505668689e+01,1.000000000000000000e+00
4.528344671201814009e+01,1.000000000000000000e+00
4.530612244897959329e+01,1.000000000000000000e+00
4.532879818594103938e+01,1.000000000000000000e+00
4.535147392290249257e+01,1.000000000000000000e+00
4.537414965986394577e+01,1.000000000000000000e+00
4.539682539682539897e+01,1.000000000000000000e+00
4.541950113378685217e+01,1.000000000000000000e+00
4.544217687074829826e+01,1.000000000000000000e+00
4.546485260770975145e+01,1.000000000000000000e+00
4.548752834467119754e+01,1.000000000000000000e+00
4.551020408163265074e+01,1.000000000000000000e+00
4.553287981859410394e+01,1.000000000000000000e+00
4.555555555555555713e+01,1.000000000000000000e+00
4.557823129251700323e+01,1.000000000000000000e+00
4.560090702947845642e+01,1.000000000000000000e+00
4.562358276643990962e+01,1.000000000000000000e+00
4.564625850340136282e+01,1.000000000000000000e+00
4.566893424036281601e+01,1.000000000000000000e+00
4.569160997732426210e+01,1.000000000000000000e+00
4.571428571428571530e+01,1.000000000000000000e+00
4.573696145124716139e+01,1.000000000000000000e+00
4.575963718820862169e+01,1.000000000000000000e+00
4.578231292517006779e+01,1.000000000000000000e+00
4.580498866213152098e+01,1.000000000000000000e+00
4.582766439909296707e+01,1.000000000000000000e+00
4.585034013605442027e+01,1.000000000000000000e+00
4.587301587301587347e+01,1.000000000000000000e+00
4.589569160997732666e+01,1.000000000000000000e+00
4.591836734693877986e+01,1.000000000000000000e+00
4.594104308390022595e+01,1.000000000000000000e+00
4.596371882086167915e+01,1.000000000000000000e+00
4.598639455782312524e+01,1.000000000000000000e+00
4.600907029478458554e+01,1.000000000000000000e+00
4.603174603174603163e+01,1.000000000000000000e+00
4.605442176870748483e+01,1.000000000000000000e+00
4.607709750566893092e+01,1.000000000000000000e+00
4.609977324263038412e+01,1.000000000000000000e+00
4.612244897959183021e+01,1.000000000000000000e+00
4.614512471655329051e+01,1.000000000000000000e+00
4.616780045351474371e+01,1.000000000000000000e+00
4.619047619047618980e+01,1.000000000000000000e+00
4.621315192743764300e+01,1.000000000000000000e+00
4.623582766439908909e+01,1.000000000000000000e+00
4.625850340136054939e+01,1.000000000000000000e+00
4.628117913832199548e+01,1.000000000000000000e+00
4.630385487528344868e+01,1.000000000000000000e+00
4.632653061224489477e+01,1.000000000000000000e+00
4.634920634920634797e+01,1.000000000000000000e+00
4.637188208616779406e+01,1.000000000000000000e+00
4.639455782312925436e+01,1.000000000000000000e+00
4.641723356009070756e+01,1.000000000000000000e+00
4.643990929705215365e+01,1.000000000000000000e+00
4.646258503401360684e+01,1.000000000000000000e+00
4.648526077097505294e+01,1.000000000000000000e+00
4.650793650793651324e+01,1.000000000000000000e+00
4.653061224489795933e+01,1.000000000000000000e+00
4.655328798185941253e+01,1.000000000000000000e+00
4.657596371882085862e+01,1.000000000000000000e+00
4.659863945578231181e+01,1.000000000000000000e+00
4.662131519274375790e+01,1.000000000000000000e+00
4.664399092970521821e+01,1.000000000000000000e+00
4.666666666666666430e+01,1.000000000000000000e+00
4.668934240362811749e+01,1.000000000000000000e+00
4.671201814058957069e+01,1.000000000000000000e+00
4.673469387755101678e+01,1.000000000000000000e+00
4.675736961451247709e+01,1.000000000000000000e+00
4.678004535147392318e+01,1.000000000000000000e+00
4.680272108843537637e+01,1.000000000000000000e+00
4.682539682539682246e+01,1.000000000000000000e+00
4.684807256235827566e+01,1.000000000000000000e+00
4.687074829931972175e+01,1.000000000000000000e+00
4.689342403628118205e+01,1.000000000000000000e+00
4.691609977324262815e+01,1.000000000000000000e+00
4.693877551020408134e+01,1.000000000000000000e+00
4.696145124716553454e+01,1.000000000000000000e+00
4.698412698412698063e+01,1.000000000000000000e+00
4.700680272108844093e+01,1.000000000000000000e+00
4.702947845804988702e+01,1.000000000000000000e+00
4.705215419501134022e+01,1.000000000000000000e+00
4.707482993197278631e+01,1.000000000000000000e+00
4.709750566893423951e+01,1.000000000000000000e+00
4.712018140589568560e+01,1.000000000000000000e+00
4.714285714285714590e+01,1.000000000000000000e+00
4.716553287981859199e+01,1.000000000000000000e+00
4.718820861678004519e+01,1.000000000000000000e+00
4.721088435374149839e+01,1.000000000000000000e+00
4.723356009070294448e+01,1.000000000000000000e+00
4.725623582766440478e+01,1.000000000000000000e+00
4.727891156462585087e+01,1.000000000000000000e+00
4.730158730158730407e+01,1.000000000000000000e+00
4.732426303854875016e+01,1.000000000000000000e+00
4.734693877551020336e+01,1.000000000000000000e+00
4.736961451247165655e+01,1.000000000000000000e+00
4.739229024943310975e+01,1.000000000000000000e+00
4.741496598639455584e+01,1.000000000000000000e+00
4.743764172335600904e+01,1.000000000000000000e+00
4.746031746031745513e+01,1.000000000000000000e+00
4.748299319727890833e+01,1.000000000000000000e+00
4.750566893424036863e+01,1.000000000000000000e+00
4.752834467120181472e+01,1.000000000000000000e+00
4.755102040816326792e+01,1.000000000000000000e+00
4.757369614512471401e+01,1.000000000000000000e+00
4.759637188208616720e+01,1.000000000000000000e+00
4.761904761904762040e+01,1.000000000000000000e+00
4.764172335600907360e+01,1.000000000000000000e+00
4.766439909297051969e+01,1.000000000000000000e+00
4.768707482993197289e+01,1.000000000000000000e+00
4.770975056689341898e+01,1.000000000000000000e+00
4.773242630385487217e+01,1.000000000000000000e+00
4.775510204081633248e+01,1.000000000000000000e+00
4.777777777777777857e+01,1.000000000000000000e+00
4.780045351473923176e+01,1.000000000000000000e+00
4.782312925170067786e+01,1.000000000000000000e+00
4.784580498866213105e+01,1.000000000000000000e+00
4.786848072562358425e+01,1.000000000000000000e+00
4.789115646258503745e+01,0.000000000000000000e+00
4.791383219954648354e+01,0.000000000000000000e+00
4.793650793650793673e+01,0.000000000000000000e+00
4.795918367346938282e+01,0.000000000000000000e+00
4.798185941043083602e+01,0.000000000000000000e+00
4.800453514739228922e+01,0.000000000000000000e+00
4.802721088435374241e+01,0.000000000000000000e+00
4.804988662131519561e+01,0.000000000000000000e+00
4.807256235827664170e+01,0.000000000000000000e+00
4.809523809523809490e+01,0.000000000000000000e+00
4.811791383219954810e+01,0.000000000000000000e+00
4.814058956916100129e+01,0.000000000000000000e+00
4.816326530612244738e+01,0.000000000000000000e+00
4.818594104308390058e+01,0.000000000000000000e+00
4.820861678004534667e+01,0.000000000000000000e+00
4.823129251700679987e+01,0.000000000000000000e+00
4.825396825396825307e+01,0.000000000000000000e+00
4.827664399092970626e+01,0.000000000000000000e+00
4.829931972789115946e+01,0.000000000000000000e+00
4.832199546485260555e+01,0.000000000000000000e+00
4.834467120181405875e+01,0.000000000000000000e+00
4.836734693877551194e+01,0.000000000000000000e+00
4.839002267573696514e+01,0.000000000000000000e+00
4.841269841269841123e+01,0.000000000000000000e+00
4.843537414965986443e+01,0.000000000000000000e+00
4.845804988662131052e+01,0.000000000000000000e+00
4.848072562358276372e+01,0.000000000000000000e+00
4.850340136054421691e+01,0.000000000000000000e+00
4.852607709750567011e+01,0.000000000000000000e+00
4.854875283446712331e+01,0.000000000000000000e+00
4.857142857142856940e+01,0.000000000000000000e+00
4.859410430839002260e+01,0.000000000000000000e+00
4.861678004535147579e+01,0.000000000000000000e+00
4.863945578231292899e+01,0.000000000000000000e+00
4.866213151927437508e+01,0.000000000000000000e+00
4.868480725623582828e+01,0.000000000000000000e+00
4.870748299319727437e+01,0.000000000000000000e+00
4.873015873015872756e+01,0.000000000000000000e+00
4.875283446712018076e+01,0.000000000000000000e+00
4.877551020408163396e+01,0.000000000000000000e+00
4.879818594104308005e+01,0.000000000000000000e+00
4.882086167800453325e+01,0.000000000000000000e+00
4.884353741496598644e+01,0.000000000000000000e+00
4.886621315192743964e+01,0.000000000000000000e+00
4.888888888888889284e+01,0.000000000000000000e+00
4.891156462585033893e+01,0.000000000000000000e+00
4.893424036281179212e+01,0.000000000000000000e+00
4.897959183673469852e+01,0.000000000000000000e+00
4.904761904761904390e+01,0.000000000000000000e+00
5.038548752834466882e+01,0.000000000000000000e+00
5.045351473922902130e+01,0.000000000000000000e+00
5.047619047619048160e+01,0.000000000000000000e+00
5.052154195011338089e+01,0.000000000000000000e+00
5.054421768707482698e+01,0.000000000000000000e+00
5.058956916099773338e+01,0.000000000000000000e+00
5.061224489795918657e+01,0.000000000000000000e+00
5.063492063492063266e+01,0.000000000000000000e+00
5.065759637188208586e+01,0.000000000000000000e+00
5.068027210884353906e+01,0.000000000000000000e+00
5.070294784580498515e+01,0.000000000000000000e+00
5.072562358276644545e+01,0.000000000000000000e+00
5.074829931972789154e+01,0.000000000000000000e+00
5.077097505668934474e+01,0.000000000000000000e+00
5.079365079365079083e+01,0.000000000000000000e+00
5.081632653061224403e+01,0.000000000000000000e+00
5.083900226757369722e+01,0.000000000000000000e+00
5.086167800453515042e+01,0.000000000000000000e+00
5.088435374149659651e+01,0.000000000000000000e+00
5.090702947845804971e+01,0.000000000000000000e+00
5.092970521541949580e+01,0.000000000000000000e+00
5.095238095238094900e+01,0.000000000000000000e+00
5.097505668934240930e+01,0.000000000000000000e+00
5.099773242630385539e+01,0.000000000000000000e+00
5.102040816326530859e+01,0.000000000000000000e+00
5.104308390022675468e+01,0.000000000000000000e+00
5.106575963718820788e+01,0.000000000000000000e+00
5.108843537414966107e+01,0.000000000000000000e+00
5.111111111111111427e+01,0.000000000000000000e+00
5.113378684807256036e+01,0.000000000000000000e+00
5.115646258503401356e+01,0.000000000000000000e+00
5.117913832199545965e+01,0.000000000000000000e+00
5.120181405895691285e+01,0.000000000000000000e+00
5.122448979591837315e+01,0.000000000000000000e+00
5.124716553287981924e+01,0.000000000000000000e+00
5.126984126984127244e+01,0.000000000000000000e+00
5.129251700680271853e+01,0.000000000000000000e+00
5.131519274376417172e+01,0.000000000000000000e+00
5.133786848072562492e+01,0.000000000000000000e+00
5.136054421768707812e+01,0.000000000000000000e+00
5.138321995464852421e+01,0.000000000000000000e+00
5.140589569160997740e+01,0.000000000000000000e+00
5.142857142857142350e+01,0.000000000000000000e+00
5.145124716553287669e+01,0.000000000000000000e+00
5.147392290249433700e+01,0.000000000000000000e+00
5.149659863945578309e+01,0.000000000000000000e+00
5.151927437641723628e+01,0.000000000000000000e+00
5.154195011337868237e+01,0.000000000000000000e+00
5.156462585034013557e+01,0.000000000000000000e+00
5.158730158730158877e+01,1.000000000000000000e+00
5.160997732426304196e+01,0.000000000000000000e+00
5.163265306122448806e+01,0.000000000000000000e+00
5.165532879818594125e+01,1.000000000000000000e+00
5.167800453514738734e+01,1.000000000000000000e+00
5.170068027210884054e+01,0.000000000000000000e+00
5.172335600907029374e+01,1.000000000000000000e+00
5.174603174603174693e+01,1.000000000000000000e+00
5.176870748299320013e+01,1.000000000000000000e+00
5.179138321995464622e+01,1.000000000000000000e+00
5.181405895691609942e+01,1.000000000000000000e+00
5.183673469387755262e+01,1.000000000000000000e+00
5.185941043083900581e+01,1.000000000000000000e+00
5.188208616780045190e+01,1.000000000000000000e+00
5.190476190476190510e+01,1.000000000000000000e+00
5.192743764172335119e+01,1.000000000000000000e+00
5.195011337868480439e+01,1.000000000000000000e+00
5.197278911564625759e+01,1.000000000000000000e+00
5.199546485260771078e+01,1.000000000000000000e+00
5.201814058956916398e+01,1.000000000000000000e+00
5.204081632653061007e+01,1.000000000000000000e+00
5.206349206349206327e+01,1.000000000000000000e+00
5.208616780045351646e+01,1.000000000000000000e+00
5.210884353741496966e+01,1.000000000000000000e+00
5.213151927437641575e+01,1.000000000000000000e+00
5.215419501133786895e+01,1.000000000000000000e+00
5.217687074829931504e+01,1.000000000000000000e+00
5.219954648526077534e+01,1.000000000000000000e+00
5.222222222222222143e+01,1.000000000000000000e+00
5.224489795918367463e+01,1.000000000000000000e+00
5.226757369614512783e+01,1.000000000000000000e+00
5.229024943310657392e+01,1.000000000000000000e+00
5.231292517006802711e+01,1.000000000000000000e+00
5.233560090702948031e+01,1.000000000000000000e+00
5.235827664399093351e+01,1.000000000000000000e+00
5.238095238095237960e+01,1.000000000000000000e+00
5.240362811791383280e+01,1.000000000000000000e+00
5.242630385487527889e+01,1.000000000000000000e+00
5.244897959183673919e+01,1.000000000000000000e+00
5.247165532879818528e+01,1.000000000000000000e+00
5.249433106575963848e+01,1.000000000000000000e+00
5.251700680272108457e+01,1.000000000000000000e+00
5.253968253968253777e+01,1.000000000000000000e+00
5.256235827664399096e+01,1.000000000000000000e+00
5.258503401360544416e+01,1.000000000000000000e+00
5.260770975056689736e+01,1.000000000000000000e+00
5.263038548752834345e+01,1.000000000000000000e+00
5.265306122448979664e+01,1.000000000000000000e+00
5.267573696145124273e+01,1.000000000000000000e+00
5.269841269841270304e+01,1.000000000000000000e+00
5.272108843537414913e+01,1.000000000000000000e+00
5.274376417233560232e+01,1.000000000000000000e+00
5.276643990929704842e+01,1.000000000000000000e+00
5.278911564625850161e+01,1.000000000000000000e+00
5.281179138321995481e+01,1.000000000000000000e+00
5.283446712018140801e+01,1.000000000000000000e+00
5.285714285714286120e+01,1.000000000000000000e+00
5.287981859410430729e+01,1.000000000000000000e+00
5.290249433106576049e+01,1.000000000000000000e+00
5.292517006802720658e+01,1.000000000000000000e+00
5.294784580498866688e+01,1.000000000000000000e+00
5.297052154195011298e+01,1.000000000000000000e+00
5.299319727891156617e+01,1.000000000000000000e+00
5.301587301587301226e+01,1.000000000000000000e+00
5.303854875283446546e+01,1.000000000000000000e+00
5.306122448979591866e+01,1.000000000000000000e+00
5.308390022675737185e+01,1.000000000000000000e+00
5.310657596371882505e+01,1.000000000000000000e+00
5.312925170068027114e+01,1.000000000000000000e+00
5.315192743764172434e+01,1.000000000000000000e+00
5.317460317460317043e+01,1.000000000000000000e+00
5.319727891156463073e+01,1.000000000000000000e+00
5.321995464852607682e+01,1.000000000000000000e+00
5.324263038548753002e+01,1.000000000000000000e+00
5.326530612244897611e+01,1.000000000000000000e+00
5.328798185941042931e+01,1.000000000000000000e+00
5.331065759637187540e+01,1.000000000000000000e+00
5.333333333333333570e+01,1.000000000000000000e+00
5.335600907029478890e+01,1.000000000000000000e+00
5.337868480725623499e+01,1.000000000000000000e+00
5.340136054421768819e+01,1.000000000000000000e+00
5.342403628117913428e+01,1.000000000000000000e+00
5.344671201814059458e+01,1.000000000000000000e+00
5.346938775510204067e+01,1.000000000000000000e+00
5.349206349206349387e+01,1.000000000000000000e+00
5.351473922902493996e+01,1.000000000000000000e+00
5.353741496598639316e+01,1.000000000000000000e+00
5.356009070294783925e+01,1.000000000000000000e+00
5.358276643990929955e+01,1.000000000000000000e+00
5.360544217687075275e+01,1.000000000000000000e+00
5.362811791383219884e+01,1.000000000000000000e+00
5.365079365079365203e+01,1.000000000000000000e+00
5.367346938775509813e+01,1.000000000000000000e+00
5.369614512471655843e+01,1.000000000000000000e+00
5.371882086167800452e+01,1.000000000000000000e+00
5.374149659863945772e+01,1.000000000000000000e+00
5.376417233560090381e+01,1.000000000000000000e+00
5.378684807256235700e+01,1.000000000000000000e+00
5.380952380952381020e+01,1.000000000000000000e+00
5.383219954648526340e+01,1.000000000000000000e+00
5.385487528344670949e+01,1.000000000000000000e+00
5.387755102040816269e+01,1.000000000000000000e+00
5.390022675736961588e+01,1.000000000000000000e+00
5.392290249433106197e+01,1.000000000000000000e+00
5.394557823129252228e+01,1.000000000000000000e+00
5.396825396825396837e+01,1.000000000000000000e+00
5.399092970521542156e+01,1.000000000000000000e+00
5.401360544217686765e+01,1.000000000000000000e+00
5.403628117913832085e+01,1.000000000000000000e+00
5.405895691609977405e+01,1.000000000000000000e+00
5.408163265306122724e+01,1.000000000000000000e+00
5.410430839002267334e+01,1.000000000000000000e+00
5.412698412698412653e+01,1.000000000000000000e+00
5.414965986394557973e+01,1.000000000000000000e+00
5.417233560090702582e+01,1.000000000000000000e+00
5.419501133786848612e+01,1.000000000000000000e+00
5.421768707482993221e+01,1.000000000000000000e+00
5.424036281179138541e+01,1.000000000000000000e+00
5.426303854875283150e+01,1.000000000000000000e+00
5.428571428571428470e+01,1.000000000000000000e+00
5.430839002267573790e+01,1.000000000000000000e+00
5.433106575963719109e+01,1.000000000000000000e+00
5.435374149659863718e+01,1.000000000000000000e+00
5.437641723356009038e+01,1.000000000000000000e+00
5.439909297052154358e+01,1.000000000000000000e+00
5.442176870748298967e+01,1.000000000000000000e+00
5.444444444444444997e+01,1.000000000000000000e+00
5.446712018140589606e+01,1.000000000000000000e+00
5.448979591836734926e+01,1.000000000000000000e+00
5.451247165532879535e+01,1.000000000000000000e+00
5.453514739229024855e+01,1.000000000000000000e+00
5.455782312925170174e+01,1.000000000000000000e+00
5.458049886621315494e+01,1.000000000000000000e+00
5.460317460317460103e+01,1.000000000000000000e+00
5.462585034013605423e+01,1.000000000000000000e+00
5.464852607709750032e+01,1.000000000000000000e+00
5.467120181405895352e+01,1.000000000000000000e+00
5.469387755102041382e+01,1.000000000000000000e+00
5.471655328798185991e+01,1.000000000000000000e+00
5.473922902494331311e+01,1.000000000000000000e+00
5.476190476190475920e+01,1.000000000000000000e+00
5.478458049886621239e+01,1.000000000000000000e+00
5.480725623582766559e+01,1.000000000000000000e+00
5.482993197278911879e+01,1.000000000000000000e+00
5.485260770975056488e+01,1.000000000000000000e+00
5.487528344671201808e+01,1.000000000000000000e+00
5.489795918367346417e+01,1.000000000000000000e+00
5.492063492063491736e+01,1.000000000000000000e+00
5.494331065759637767e+01,1.000000000000000000e+00
5.496598639455782376e+01,1.000000000000000000e+00
5.498866213151927695e+01,1.000000000000000000e+00
5.501133786848072305e+01,1.000000000000000000e+00
5.503401360544217624e+01,1.000000000000000000e+00
5.505668934240362944e+01,1.000000000000000000e+00
5.507936507936508264e+01,1.000000000000000000e+00
5.510204081632652873e+01,1.000000000000000000e+00
5.512471655328798192e+01,1.000000000000000000e+00
5.514739229024942802e+01,1.000000000000000000e+00
5.517006802721088121e+01,1.000000000000000000e+00
5.519274376417233441e+01,1.000000000000000000e+00
5.521541950113378761e+01,1.000000000000000000e+00
5.523809523809524080e+01,1.000000000000000000e+00
5.526077097505668689e+01,1.000000000000000000e+00
5.528344671201814009e+01,1.000000000000000000e+00
5.530612244897959329e+01,0.000000000000000000e+00
5.532879818594104648e+01,1.000000000000000000e+00
5.535147392290249257e+01,1.000000000000000000e+00
5.537414965986394577e+01,0.000000000000000000e+00
5.539682539682539186e+01,0.000000000000000000e+00
5.541950113378685217e+01,1.000000000000000000e+00
5.544217687074829826e+01,1.000000000000000000e+00
5.546485260770975145e+01,0.000000000000000000e+00
5.548752834467120465e+01,0.000000000000000000e+00
5.551020408163265074e+01,0.000000000000000000e+00
5.553287981859410394e+01,0.000000000000000000e+00
5.555555555555555713e+01,0.000000000000000000e+00
5.557823129251701033e+01,0.000000000000000000e+00
5.560090702947845642e+01,0.000000000000000000e+00
5.562358276643990962e+01,0.000000000000000000e+00
5.564625850340135571e+01,0.000000000000000000e+00
5.566893424036281601e+01,0.000000000000000000e+00
5.569160997732426210e+01,0.000000000000000000e+00
5.571428571428571530e+01,0.000000000000000000e+00
5.573696145124716850e+01,0.000000000000000000e+00
5.575963718820861459e+01,0.000000000000000000e+00
5.578231292517006779e+01,0.000000000000000000e+00
5.580498866213152098e+01,0.000000000000000000e+00
5.582766439909297418e+01,0.000000000000000000e+00
5.585034013605442027e+01,0.000000000000000000e+00
5.587301587301587347e+01,0.000000000000000000e+00
5.589569160997731956e+01,0.000000000000000000e+00
5.591836734693877986e+01,0.000000000000000000e+00
5.594104308390022595e+01,0.000000000000000000e+00
5.596371882086167915e+01,0.000000000000000000e+00
5.598639455782312524e+01,0.000000000000000000e+00
5.600907029478457844e+01,0.000000000000000000e+00
5.603174603174603163e+01,0.000000000000000000e+00
5.605442176870748483e+01,0.000000000000000000e+00
5.607709750566893803e+01,0.000000000000000000e+00
5.609977324263038412e+01,0.000000000000000000e+00
5.612244897959183731e+01,0.000000000000000000e+00
5.614512471655328341e+01,0.000000000000000000e+00
5.616780045351474371e+01,0.000000000000000000e+00
5.619047619047618980e+01,0.000000000000000000e+00
5.621315192743764300e+01,0.000000000000000000e+00
5.623582766439908909e+01,0.000000000000000000e+00
5.625850340136054228e+01,0.000000000000000000e+00
5.628117913832199548e+01,0.000000000000000000e+00
5.630385487528344868e+01,0.000000000000000000e+00
5.632653061224490187e+01,0.000000000000000000e+00
5.634920634920634797e+01,0.000000000000000000e+00
5.637188208616780116e+01,0.000000000000000000e+00
5.639455782312924725e+01,0.000000000000000000e+00
5.641723356009070756e+01,0.000000000000000000e+00
5.643990929705215365e+01,0.000000000000000000e+00
5.646258503401360684e+01,0.000000000000000000e+00
5.648526077097505294e+01,0.000000000000000000e+00
5.650793650793650613e+01,0.000000000000000000e+00
5.653061224489795933e+01,0.000000000000000000e+00
5.655328798185941253e+01,0.000000000000000000e+00
5.657596371882086572e+01,0.000000000000000000e+00
5.659863945578231181e+01,0.000000000000000000e+00
5.662131519274376501e+01,0.000000000000000000e+00
5.664399092970521110e+01,0.000000000000000000e+00
5.666666666666667140e+01,0.000000000000000000e+00
5.668934240362811749e+01,0.000000000000000000e+00
5.671201814058957069e+01,0.000000000000000000e+00
5.675736961451246998e+01,0.000000000000000000e+00
5.834467120181405875e+01,0.000000000000000000e+00
5.836734693877550484e+01,0.000000000000000000e+00
5.839002267573695804e+01,0.000000000000000000e+00
5.841269841269841834e+01,0.000000000000000000e+00
5.843537414965986443e+01,0.000000000000000000e+00
5.845804988662131763e+01,0.000000000000000000e+00
5.848072562358276372e+01,0.000000000000000000e+00
5.850340136054421691e+01,0.000000000000000000e+00
5.852607709750567011e+01,0.000000000000000000e+00
5.854875283446712331e+01,0.000000000000000000e+00
5.857142857142856940e+01,0.000000000000000000e+00
5.859410430839002260e+01,0.000000000000000000e+00
5.861678004535146869e+01,0.000000000000000000e+00
5.863945578231292899e+01,0.000000000000000000e+00
5.866213151927437508e+01,0.000000000000000000e+00
5.868480725623582828e+01,0.000000000000000000e+00
5.870748299319728147e+01,0.000000000000000000e+00
5.873015873015872756e+01,0.000000000000000000e+00
5.875283446712018076e+01,0.000000000000000000e+00
5.877551020408163396e+01,0.000000000000000000e+00
5.879818594104308715e+01,0.000000000000000000e+00
5.882086167800453325e+01,0.000000000000000000e+00
5.884353741496598644e+01,0.000000000000000000e+00
5.886621315192743253e+01,0.000000000000000000e+00
5.888888888888889284e+01,0.000000000000000000e+00
5.891156462585033893e+01,0.000000000000000000e+00
5.893424036281179212e+01,0.000000000000000000e+00
5.895691609977324532e+01,0.000000000000000000e+00
5.897959183673469141e+01,0.000000000000000000e+00
5.900226757369614461e+01,0.000000000000000000e+00
5.902494331065759781e+01,0.000000000000000000e+00
5.904761904761905100e+01,0.000000000000000000e+00
5.907029478458049709e+01,0.000000000000000000e+00
5.909297052154195029e+01,0.000000000000000000e+00
5.911564625850339638e+01,0.000000000000000000e+00
5.913832199546485668e+01,0.000000000000000000e+00
5.916099773242630278e+01,0.000000000000000000e+00
5.918367346938775597e+01,0.000000000000000000e+00
5.920634920634920917e+01,0.000000000000000000e+00
5.922902494331065526e+01,0.000000000000000000e+00
5.925170068027210846e+01,0.000000000000000000e+00
5.927437641723356165e+01,0.000000000000000000e+00
5.929705215419501485e+01,0.000000000000000000e+00
5.931972789115646094e+01,0.000000000000000000e+00
5.934240362811791414e+01,0.000000000000000000e+00
5.936507936507936023e+01,0.000000000000000000e+00
5.938775510204082053e+01,0.000000000000000000e+00
5.941043083900226662e+01,0.000000000000000000e+00
5.943310657596371982e+01,0.000000000000000000e+00
5.945578231292516591e+01,0.000000000000000000e+00
5.947845804988661911e+01,0.000000000000000000e+00
5.950113378684807230e+01,0.000000000000000000e+00
5.952380952380952550e+01,0.000000000000000000e+00
5.954648526077097870e+01,0.000000000000000000e+00
5.956916099773242479e+01,1.000000000000000000e+00
5.959183673469387799e+01,1.000000000000000000e+00
5.961451247165532408e+01,0.000000000000000000e+00
5.963718820861678438e+01,0.000000000000000000e+00
5.965986394557823047e+01,1.000000000000000000e+00
5.968253968253968367e+01,0.000000000000000000e+00
5.970521541950112976e+01,1.000000000000000000e+00
5.972789115646258296e+01,1.000000000000000000e+00
5.975056689342403615e+01,1.000000000000000000e+00
5.977324263038548935e+01,1.000000000000000000e+00
5.979591836734694255e+01,1.000000000000000000e+00
5.981859410430838864e+01,1.000000000000000000e+00
5.984126984126984183e+01,1.000000000000000000e+00
5.986394557823128793e+01,1.000000000000000000e+00
5.988662131519274823e+01,1.000000000000000000e+00
5.990929705215419432e+01,1.000000000000000000e+00
5.993197278911564752e+01,1.000000000000000000e+00
5.995464852607709361e+01,1.000000000000000000e+00
5.997732426303854680e+01,1.000000000000000000e+00
6.000000000000000000e+01,1.000000000000000000e+00
6.002267573696145320e+01,1.000000000000000000e+00
6.004535147392290639e+01,1.000000000000000000e+00
6.006802721088435248e+01,1.000000000000000000e+00
6.009070294784580568e+01,1.000000000000000000e+00
6.011337868480725177e+01,1.000000000000000000e+00
6.013605442176871207e+01,1.000000000000000000e+00
6.015873015873015817e+01,1.000000000000000000e+00
6.018140589569161136e+01,1.000000000000000000e+00
6.020408163265305745e+01,1.000000000000000000e+00
6.022675736961451065e+01,1.000000000000000000e+00
6.024943310657596385e+01,1.000000000000000000e+00
6.027210884353741704e+01,1.000000000000000000e+00
6.029478458049887024e+01,1.000000000000000000e+00
6.031746031746031633e+01,1.000000000000000000e+00
6.034013605442176953e+01,1.000000000000000000e+00
6.036281179138321562e+01,1.000000000000000000e+00
6.038548752834467592e+01,1.000000000000000000e+00
6.040816326530612201e+01,1.000000000000000000e+00
6.043083900226757521e+01,1.000000000000000000e+00
6.045351473922902130e+01,1.000000000000000000e+00
6.047619047619047450e+01,1.000000000000000000e+00
6.049886621315192770e+01,1.000000000000000000e+00
6.052154195011338089e+01,1.000000000000000000e+00
6.054421768707483409e+01,1.000000000000000000e+00
6.056689342403628018e+01,1.000000000000000000e+00
6.058956916099773338e+01,1.000000000000000000e+00
6.061224489795917947e+01,1.000000000000000000e+00
6.063492063492063977e+01,1.000000000000000000e+00
6.065759637188208586e+01,1.000000000000000000e+00
6.068027210884353906e+01,1.000000000000000000e+00
6.070294784580498515e+01,1.000000000000000000e+00
6.072562358276643835e+01,1.000000000000000000e+00
6.074829931972789154e+01,1.000000000000000000e+00
6.077097505668934474e+01,1.000000000000000000e+00
6.079365079365079083e+01,1.000000000000000000e+00
6.081632653061224403e+01,1.000000000000000000e+00
6.083900226757369722e+01,1.000000000000000000e+00
6.086167800453514332e+01,1.000000000000000000e+00
6.088435374149660362e+01,1.000000000000000000e+00
6.090702947845804971e+01,1.000000000000000000e+00
6.092970521541950291e+01,1.000000000000000000e+00
6.095238095238094900e+01,1.000000000000000000e+00
6.097505668934240219e+01,1.000000000000000000e+00
6.099773242630385539e+01,1.000000000000000000e+00
6.102040816326530859e+01,1.000000000000000000e+00
6.104308390022675468e+01,1.000000000000000000e+00
6.106575963718820788e+01,1.000000000000000000e+00
6.108843537414966107e+01,1.000000000000000000e+00
6.111111111111110716e+01,1.000000000000000000e+00
6.113378684807256747e+01,1.000000000000000000e+00
6.115646258503401356e+01,1.000000000000000000e+00
6.117913832199546675e+01,1.000000000000000000e+00
6.120181405895691285e+01,1.000000000000000000e+00
6.122448979591836604e+01,1.000000000000000000e+00
6.124716553287981924e+01,1.000000000000000000e+00
6.126984126984127244e+01,1.000000000000000000e+00
6.129251700680271853e+01,1.000000000000000000e+00
6.131519274376417172e+01,1.000000000000000000e+00
6.133786848072562492e+01,1.000000000000000000e+00
6.136054421768707101e+01,1.000000000000000000e+00
6.138321995464853131e+01,1.000000000000000000e+00
6.140589569160997740e+01,1.000000000000000000e+00
6.142857142857143060e+01,1.000000000000000000e+00
6.145124716553287669e+01,1.000000000000000000e+00
6.147392290249432989e+01,1.000000000000000000e+00
6.149659863945578309e+01,1.000000000000000000e+00
6.151927437641723628e+01,1.000000000000000000e+00
6.154195011337868237e+01,1.000000000000000000e+00
6.156462585034013557e+01,1.000000000000000000e+00
6.158730158730158166e+01,1.000000000000000000e+00
6.160997732426303486e+01,1.000000000000000000e+00
6.163265306122449516e+01,1.000000000000000000e+00
6.165532879818594125e+01,1.000000000000000000e+00
6.167800453514739445e+01,1.000000000000000000e+00
6.170068027210884054e+01,1.000000000000000000e+00
6.172335600907029374e+01,1.000000000000000000e+00
6.174603174603174693e+01,1.000000000000000000e+00
6.176870748299320013e+01,1.000000000000000000e+00
6.179138321995464622e+01,1.000000000000000000e+00
6.181405895691609942e+01,1.000000000000000000e+00
6.183673469387754551e+01,1.000000000000000000e+00
6.185941043083900581e+01,1.000000000000000000e+00
6.188208616780045901e+01,1.000000000000000000e+00
6.190476190476190510e+01,1.000000000000000000e+00
6.192743764172335830e+01,1.000000000000000000e+00
6.195011337868480439e+01,1.000000000000000000e+00
6.197278911564625759e+01,1.000000000000000000e+00
6.199546485260771078e+01,1.000000000000000000e+00
6.201814058956916398e+01,1.000000000000000000e+00
6.204081632653061007e+01,1.000000000000000000e+00
6.206349206349206327e+01,1.000000000000000000e+00
6.208616780045350936e+01,1.000000000000000000e+00
6.210884353741496966e+01,1.000000000000000000e+00
6.213151927437641575e+01,1.000000000000000000e+00
6.215419501133786895e+01,1.000000000000000000e+00
6.217687074829932214e+01,1.000000000000000000e+00
6.219954648526076824e+01,1.000000000000000000e+00
6.222222222222222143e+01,1.000000000000000000e+00
6.224489795918367463e+01,1.000000000000000000e+00
6.226757369614512783e+01,1.000000000000000000e+00
6.229024943310657392e+01,1.000000000000000000e+00
6.231292517006802711e+01,1.000000000000000000e+00
6.233560090702947321e+01,1.000000000000000000e+00
6.235827664399093351e+01,1.000000000000000000e+00
6.238095238095237960e+01,1.000000000000000000e+00
6.240362811791383280e+01,1.000000000000000000e+00
6.242630385487528599e+01,1.000000000000000000e+00
6.244897959183673208e+01,1.000000000000000000e+00
6.247165532879818528e+01,1.000000000000000000e+00
6.249433106575963848e+01,1.000000000000000000e+00
6.251700680272108457e+01,1.000000000000000000e+00
6.253968253968254487e+01,1.000000000000000000e+00
6.256235827664399807e+01,1.000000000000000000e+00
6.258503401360544416e+01,1.000000000000000000e+00
6.260770975056689736e+01,1.000000000000000000e+00
6.263038548752834345e+01,1.000000000000000000e+00
6.265306122448979664e+01,1.000000000000000000e+00
6.267573696145124984e+01,1.000000000000000000e+00
6.269841269841269593e+01,1.000000000000000000e+00
6.272108843537414913e+01,1.000000000000000000e+00
6.274376417233559522e+01,1.000000000000000000e+00
6.276643990929704842e+01,1.000000000000000000e+00
6.278911564625850872e+01,1.000000000000000000e+00
6.281179138321996192e+01,1.000000000000000000e+00
6.283446712018140801e+01,1.000000000000000000e+00
6.285714285714286120e+01,1.000000000000000000e+00
6.287981859410430729e+01,0.000000000000000000e+00
6.290249433106576049e+01,1.000000000000000000e+00
6.292517006802720658e+01,1.000000000000000000e+00
6.294784580498865978e+01,1.000000000000000000e+00
6.297052154195011298e+01,1.000000000000000000e+00
6.299319727891155907e+01,1.000000000000000000e+00
6.301587301587301226e+01,0.000000000000000000e+00
6.303854875283447257e+01,0.000000000000000000e+00
6.306122448979592576e+01,0.000000000000000000e+00
6.308390022675737185e+01,0.000000000000000000e+00
6.310657596371882505e+01,0.000000000000000000e+00
6.312925170068027114e+01,0.000000000000000000e+00
6.315192743764172434e+01,0.000000000000000000e+00
6.317460317460317043e+01,0.000000000000000000e+00
6.319727891156462363e+01,0.000000000000000000e+00
6.321995464852607682e+01,0.000000000000000000e+00
6.324263038548752291e+01,0.000000000000000000e+00
6.326530612244897611e+01,0.000000000000000000e+00
6.328798185941043641e+01,0.000000000000000000e+00
6.331065759637188961e+01,0.000000000000000000e+00
6.333333333333333570e+01,0.000000000000000000e+00
6.335600907029478890e+01,0.000000000000000000e+00
6.337868480725623499e+01,0.000000000000000000e+00
6.340136054421768819e+01,0.000000000000000000e+00
6.342403628117913428e+01,0.000000000000000000e+00
6.344671201814058747e+01,0.000000000000000000e+00
6.346938775510204067e+01,0.000000000000000000e+00
6.349206349206348676e+01,0.000000000000000000e+00
6.351473922902493996e+01,0.000000000000000000e+00
6.353741496598640026e+01,0.000000000000000000e+00
6.356009070294785346e+01,0.000000000000000000e+00
6.358276643990929955e+01,0.000000000000000000e+00
6.360544217687075275e+01,0.000000000000000000e+00
6.362811791383219884e+01,0.000000000000000000e+00
6.365079365079365203e+01,0.000000000000000000e+00
6.367346938775509813e+01,0.000000000000000000e+00
6.369614512471655132e+01,0.000000000000000000e+00
6.371882086167799741e+01,0.000000000000000000e+00
6.374149659863945061e+01,0.000000000000000000e+00
6.376417233560090381e+01,0.000000000000000000e+00
6.378684807256236411e+01,0.000000000000000000e+00
6.380952380952381731e+01,0.000000000000000000e+00
6.383219954648526340e+01,0.000000000000000000e+00
6.385487528344671659e+01,0.000000000000000000e+00
6.387755102040816269e+01,0.000000000000000000e+00
6.390022675736961588e+01,0.000000000000000000e+00
6.392290249433106197e+01,0.000000000000000000e+00
6.394557823129251517e+01,0.000000000000000000e+00
6.396825396825396126e+01,0.000000000000000000e+00
6.399092970521541446e+01,0.000000000000000000e+00
6.401360544217686765e+01,0.000000000000000000e+00
6.403628117913832796e+01,0.000000000000000000e+00
6.405895691609977405e+01,0.000000000000000000e+00
6.408163265306123435e+01,0.000000000000000000e+00
6.410430839002268044e+01,0.000000000000000000e+00
6.412698412698412653e+01,0.000000000000000000e+00
6.414965986394557262e+01,0.000000000000000000e+00
6.417233560090703293e+01,0.000000000000000000e+00
6.419501133786847902e+01,0.000000000000000000e+00
6.421768707482992511e+01,0.000000000000000000e+00
6.424036281179137120e+01,0.000000000000000000e+00
6.426303854875283150e+01,0.000000000000000000e+00
6.428571428571429180e+01,0.000000000000000000e+00
6.430839002267573790e+01,0.000000000000000000e+00
6.433106575963719820e+01,0.000000000000000000e+00
6.435374149659864429e+01,0.000000000000000000e+00
6.437641723356009038e+01,0.000000000000000000e+00
6.439909297052153647e+01,0.000000000000000000e+00
6.442176870748299677e+01,0.000000000000000000e+00
6.444444444444444287e+01,0.000000000000000000e+00
6.446712018140588896e+01,0.000000000000000000e+00
6.455782312925170174e+01,0.000000000000000000e+00
6.623582766439908198e+01,0.000000000000000000e+00
6.630385487528344868e+01,0.000000000000000000e+00
6.632653061224489477e+01,0.000000000000000000e+00
6.634920634920635507e+01,0.000000000000000000e+00
6.637188208616780116e+01,0.000000000000000000e+00
6.639455782312924725e+01,0.000000000000000000e+00
6.641723356009070756e+01,0.000000000000000000e+00
6.643990929705215365e+01,0.000000000000000000e+00
6.646258503401359974e+01,0.000000000000000000e+00
6.648526077097504583e+01,0.000000000000000000e+00
6.650793650793652034e+01,0.000000000000000000e+00
6.653061224489796643e+01,0.000000000000000000e+00
6.655328798185941253e+01,0.000000000000000000e+00
6.657596371882085862e+01,0.000000000000000000e+00
6.659863945578231892e+01,0.000000000000000000e+00
6.662131519274376501e+01,0.000000000000000000e+00
6.664399092970521110e+01,0.000000000000000000e+00
6.666666666666667140e+01,0.000000000000000000e+00
6.668934240362811749e+01,0.000000000000000000e+00
6.671201814058956359e+01,0.000000000000000000e+00
6.673469387755100968e+01,0.000000000000000000e+00
6.675736961451248419e+01,0.000000000000000000e+00
6.678004535147393028e+01,0.000000000000000000e+00
6.680272108843537637e+01,0.000000000000000000e+00
6.682539682539682246e+01,0.000000000000000000e+00
6.684807256235828277e+01,0.000000000000000000e+00
6.687074829931972886e+01,0.000000000000000000e+00
6.689342403628117495e+01,0.000000000000000000e+00
6.691609977324262104e+01,0.000000000000000000e+00
6.693877551020408134e+01,0.000000000000000000e+00
6.696145124716552743e+01,0.000000000000000000e+00
6.698412698412697353e+01,0.000000000000000000e+00
6.700680272108844804e+01,0.000000000000000000e+00
6.702947845804989413e+01,0.000000000000000000e+00
6.705215419501134022e+01,0.000000000000000000e+00
6.707482993197278631e+01,0.000000000000000000e+00
6.709750566893424661e+01,0.000000000000000000e+00
6.712018140589569271e+01,0.000000000000000000e+00
6.714285714285713880e+01,0.000000000000000000e+00
6.716553287981858489e+01,0.000000000000000000e+00
6.718820861678004519e+01,0.000000000000000000e+00
6.721088435374149128e+01,0.000000000000000000e+00
6.723356009070293737e+01,0.000000000000000000e+00
6.725623582766441189e+01,0.000000000000000000e+00
6.727891156462585798e+01,0.000000000000000000e+00
6.730158730158730407e+01,0.000000000000000000e+00
6.732426303854875016e+01,0.000000000000000000e+00
6.734693877551021046e+01,0.000000000000000000e+00
6.736961451247165655e+01,0.000000000000000000e+00
6.739229024943310264e+01,0.000000000000000000e+00
6.741496598639454874e+01,0.000000000000000000e+00
6.743764172335600904e+01,0.000000000000000000e+00
6.746031746031745513e+01,0.000000000000000000e+00
6.748299319727890122e+01,0.000000000000000000e+00
6.750566893424037573e+01,0.000000000000000000e+00
6.752834467120182182e+01,0.000000000000000000e+00
6.755102040816326792e+01,0.000000000000000000e+00
6.757369614512471401e+01,0.000000000000000000e+00
6.759637188208617431e+01,0.000000000000000000e+00
6.761904761904762040e+01,0.000000000000000000e+00
6.764172335600906649e+01,0.000000000000000000e+00
6.766439909297051258e+01,0.000000000000000000e+00
6.768707482993197289e+01,0.000000000000000000e+00
6.770975056689341898e+01,0.000000000000000000e+00
6.773242630385486507e+01,0.000000000000000000e+00
6.775510204081633958e+01,0.000000000000000000e+00
6.777777777777778567e+01,0.000000000000000000e+00
6.780045351473923176e+01,0.000000000000000000e+00
6.782312925170067786e+01,0.000000000000000000e+00
6.784580498866213816e+01,0.000000000000000000e+00
6.786848072562358425e+01,1.000000000000000000e+00
6.789115646258503034e+01,1.000000000000000000e+00
6.791383219954647643e+01,0.000000000000000000e+00
6.793650793650793673e+01,1.000000000000000000e+00
6.795918367346938282e+01,1.000000000000000000e+00
6.798185941043082892e+01,1.000000000000000000e+00
6.800453514739228922e+01,1.000000000000000000e+00
6.802721088435374952e+01,1.000000000000000000e+00
6.804988662131519561e+01,1.000000000000000000e+00
6.807256235827664170e+01,1.000000000000000000e+00
6.809523809523810201e+01,1.000000000000000000e+00
6.811791383219954810e+01,1.000000000000000000e+00
6.814058956916099419e+01,1.000000000000000000e+00
6.816326530612244028e+01,1.000000000000000000e+00
6.818594104308390058e+01,1.000000000000000000e+00
6.820861678004534667e+01,1.000000000000000000e+00
6.823129251700679276e+01,1.000000000000000000e+00
6.825396825396825307e+01,1.000000000000000000e+00
6.827664399092971337e+01,1.000000000000000000e+00
6.829931972789115946e+01,1.000000000000000000e+00
6.832199546485260555e+01,1.000000000000000000e+00
6.834467120181406585e+01,1.000000000000000000e+00
6.836734693877551194e+01,1.000000000000000000e+00
6.839002267573695804e+01,1.000000000000000000e+00
6.841269841269840413e+01,1.000000000000000000e+00
6.843537414965986443e+01,1.000000000000000000e+00
6.845804988662131052e+01,1.000000000000000000e+00
6.848072562358275661e+01,1.000000000000000000e+00
6.850340136054421691e+01,1.000000000000000000e+00
6.852607709750567722e+01,1.000000000000000000e+00
6.854875283446712331e+01,1.000000000000000000e+00
6.857142857142856940e+01,1.000000000000000000e+00
6.859410430839002970e+01,1.000000000000000000e+00
6.861678004535147579e+01,1.000000000000000000e+00
6.863945578231292188e+01,1.000000000000000000e+00
6.866213151927436797e+01,1.000000000000000000e+00
6.868480725623582828e+01,1.000000000000000000e+00
6.870748299319727437e+01,1.000000000000000000e+00
6.873015873015872046e+01,1.000000000000000000e+00
6.875283446712018076e+01,1.000000000000000000e+00
6.877551020408164106e+01,1.000000000000000000e+00
6.879818594104308715e+01,1.000000000000000000e+00
6.882086167800453325e+01,1.000000000000000000e+00
6.884353741496599355e+01,1.000000000000000000e+00
6.886621315192743964e+01,1.000000000000000000e+00
6.888888888888888573e+01,1.000000000000000000e+00
6.891156462585033182e+01,1.000000000000000000e+00
6.893424036281179212e+01,1.000000000000000000e+00
6.895691609977323822e+01,1.000000000000000000e+00
6.897959183673469852e+01,1.000000000000000000e+00
6.900226757369614461e+01,1.000000000000000000e+00
6.902494331065760491e+01,1.000000000000000000e+00
6.904761904761905100e+01,1.000000000000000000e+00
6.907029478458049709e+01,1.000000000000000000e+00
6.909297052154195740e+01,1.000000000000000000e+00
6.911564625850340349e+01,1.000000000000000000e+00
6.913832199546484958e+01,1.000000000000000000e+00
6.916099773242629567e+01,1.000000000000000000e+00
6.918367346938775597e+01,1.000000000000000000e+00
6.920634920634920206e+01,1.000000000000000000e+00
6.922902494331066237e+01,1.000000000000000000e+00
6.925170068027210846e+01,1.000000000000000000e+00
6.927437641723356876e+01,1.000000000000000000e+00
6.929705215419501485e+01,1.000000000000000000e+00
6.931972789115646094e+01,1.000000000000000000e+00
6.934240362811792124e+01,1.000000000000000000e+00
6.936507936507936734e+01,1.000000000000000000e+00
6.938775510204081343e+01,1.000000000000000000e+00
6.941043083900225952e+01,1.000000000000000000e+00
6.943310657596371982e+01,1.000000000000000000e+00
6.945578231292516591e+01,1.000000000000000000e+00
6.947845804988662621e+01,1.000000000000000000e+00
6.950113378684807230e+01,1.000000000000000000e+00
6.952380952380953261e+01,1.000000000000000000e+00
6.954648526077097870e+01,1.000000000000000000e+00
6.956916099773242479e+01,1.000000000000000000e+00
6.959183673469387088e+01,1.000000000000000000e+00
6.961451247165533118e+01,1.000000000000000000e+00
6.963718820861677727e+01,1.000000000000000000e+00
6.965986394557822337e+01,1.000000000000000000e+00
6.968253968253968367e+01,1.000000000000000000e+00
6.970521541950112976e+01,1.000000000000000000e+00
6.972789115646259006e+01,1.000000000000000000e+00
6.975056689342403615e+01,1.000000000000000000e+00
6.977324263038549645e+01,1.000000000000000000e+00
6.979591836734694255e+01,1.000000000000000000e+00
6.981859410430838864e+01,1.000000000000000000e+00
6.984126984126983473e+01,1.000000000000000000e+00
6.986394557823129503e+01,1.000000000000000000e+00
6.988662131519274112e+01,1.000000000000000000e+00
6.990929705215418721e+01,1.000000000000000000e+00
6.993197278911564752e+01,1.000000000000000000e+00
6.995464852607709361e+01,1.000000000000000000e+00
6.997732426303855391e+01,1.000000000000000000e+00
7.000000000000000000e+01,1.000000000000000000e+00
7.002267573696146030e+01,1.000000000000000000e+00
7.004535147392290639e+01,1.000000000000000000e+00
7.006802721088435248e+01,1.000000000000000000e+00
7.009070294784579858e+01,1.000000000000000000e+00
7.011337868480725888e+01,1.000000000000000000e+00
7.013605442176870497e+01,0.000000000000000000e+00
7.015873015873015106e+01,0.000000000000000000e+00
7.018140589569161136e+01,0.000000000000000000e+00
7.020408163265305745e+01,0.000000000000000000e+00
7.022675736961451776e+01,0.000000000000000000e+00
7.024943310657596385e+01,0.000000000000000000e+00
7.027210884353742415e+01,0.000000000000000000e+00
7.029478458049887024e+01,0.000000000000000000e+00
7.031746031746031633e+01,0.000000000000000000e+00
7.034013605442176242e+01,0.000000000000000000e+00
7.036281179138322273e+01,0.000000000000000000e+00
7.038548752834466882e+01,0.000000000000000000e+00
7.040816326530611491e+01,0.000000000000000000e+00
7.043083900226757521e+01,0.000000000000000000e+00
7.045351473922902130e+01,0.000000000000000000e+00
7.047619047619048160e+01,0.000000000000000000e+00
7.049886621315192770e+01,0.000000000000000000e+00
7.052154195011338800e+01,0.000000000000000000e+00
7.054421768707483409e+01,0.000000000000000000e+00
7.056689342403628018e+01,0.000000000000000000e+00
7.058956916099772627e+01,0.000000000000000000e+00
7.061224489795918657e+01,0.000000000000000000e+00
7.063492063492063266e+01,0.000000000000000000e+00
7.065759637188207876e+01,0.000000000000000000e+00
7.068027210884353906e+01,0.000000000000000000e+00
7.070294784580498515e+01,0.000000000000000000e+00
7.072562358276644545e+01,0.000000000000000000e+00
7.074829931972789154e+01,0.000000000000000000e+00
7.077097505668935185e+01,0.000000000000000000e+00
7.079365079365079794e+01,0.000000000000000000e+00
7.081632653061224403e+01,0.000000000000000000e+00
7.083900226757369012e+01,0.000000000000000000e+00
7.086167800453515042e+01,0.000000000000000000e+00
7.088435374149659651e+01,0.000000000000000000e+00
7.090702947845804260e+01,0.000000000000000000e+00
7.092970521541950291e+01,0.000000000000000000e+00
7.095238095238094900e+01,0.000000000000000000e+00
7.097505668934240930e+01,0.000000000000000000e+00
7.099773242630385539e+01,0.000000000000000000e+00
7.102040816326531569e+01,0.000000000000000000e+00
7.104308390022676178e+01,0.000000000000000000e+00
7.106575963718820788e+01,0.000000000000000000e+00
7.108843537414965397e+01,0.000000000000000000e+00
7.111111111111111427e+01,0.000000000000000000e+00
7.113378684807256036e+01,0.000000000000000000e+00
7.115646258503400645e+01,0.000000000000000000e+00
7.117913832199545254e+01,0.000000000000000000e+00
7.120181405895691285e+01,0.000000000000000000e+00
7.122448979591837315e+01,0.000000000000000000e+00
7.124716553287981924e+01,0.000000000000000000e+00
7.126984126984127954e+01,0.000000000000000000e+00
7.129251700680272563e+01,0.000000000000000000e+00
7.131519274376417172e+01,0.000000000000000000e+00
7.133786848072561781e+01,0.000000000000000000e+00
7.136054421768707812e+01,0.000000000000000000e+00
7.138321995464852421e+01,0.000000000000000000e+00
7.140589569160997030e+01,0.000000000000000000e+00
7.142857142857141639e+01,0.000000000000000000e+00
7.145124716553287669e+01,0.000000000000000000e+00
7.147392290249433700e+01,0.000000000000000000e+00
7.149659863945578309e+01,0.000000000000000000e+00
7.151927437641724339e+01,0.000000000000000000e+00
7.154195011337868948e+01,0.000000000000000000e+00
7.156462585034013557e+01,0.000000000000000000e+00
7.158730158730158166e+01,0.000000000000000000e+00
7.160997732426304196e+01,0.000000000000000000e+00
7.163265306122448806e+01,0.000000000000000000e+00
7.165532879818593415e+01,0.000000000000000000e+00
7.167800453514738024e+01,0.000000000000000000e+00
7.170068027210884054e+01,0.000000000000000000e+00
7.172335600907030084e+01,0.000000000000000000e+00
7.174603174603174693e+01,0.000000000000000000e+00
7.176870748299320724e+01,0.000000000000000000e+00
7.179138321995465333e+01,0.000000000000000000e+00
7.181405895691609942e+01,0.000000000000000000e+00
7.183673469387754551e+01,0.000000000000000000e+00
7.185941043083900581e+01,0.000000000000000000e+00
7.188208616780045190e+01,0.000000000000000000e+00
7.394557823129252938e+01,0.000000000000000000e+00
7.401360544217686765e+01,0.000000000000000000e+00
7.403628117913832796e+01,0.000000000000000000e+00
7.405895691609977405e+01,0.000000000000000000e+00
7.408163265306122014e+01,0.000000000000000000e+00
7.410430839002266623e+01,0.000000000000000000e+00
7.412698412698412653e+01,0.000000000000000000e+00
7.414965986394557262e+01,0.000000000000000000e+00
7.417233560090701872e+01,0.000000000000000000e+00
7.419501133786849323e+01,0.000000000000000000e+00
7.421768707482993932e+01,0.000000000000000000e+00
7.424036281179138541e+01,0.000000000000000000e+00
7.426303854875283150e+01,0.000000000000000000e+00
7.428571428571429180e+01,0.000000000000000000e+00
7.430839002267573790e+01,0.000000000000000000e+00
7.433106575963718399e+01,0.000000000000000000e+00
7.435374149659863008e+01,0.000000000000000000e+00
7.437641723356009038e+01,0.000000000000000000e+00
7.439909297052153647e+01,0.000000000000000000e+00
7.442176870748298256e+01,0.000000000000000000e+00
7.444444444444445708e+01,0.000000000000000000e+00
7.446712018140590317e+01,0.000000000000000000e+00
7.448979591836734926e+01,0.000000000000000000e+00
7.451247165532879535e+01,0.000000000000000000e+00
7.453514739229025565e+01,0.000000000000000000e+00
7.455782312925170174e+01,0.000000000000000000e+00
7.458049886621314783e+01,0.000000000000000000e+00
7.460317460317459393e+01,0.000000000000000000e+00
7.462585034013605423e+01,0.000000000000000000e+00
7.464852607709750032e+01,0.000000000000000000e+00
7.467120181405894641e+01,0.000000000000000000e+00
7.469387755102042092e+01,0.000000000000000000e+00
7.471655328798186702e+01,0.000000000000000000e+00
7.473922902494331311e+01,0.000000000000000000e+00
7.476190476190475920e+01,0.000000000000000000e+00
7.478458049886621950e+01,0.000000000000000000e+00
7.480725623582766559e+01,0.000000000000000000e+00
7.482993197278911168e+01,0.000000000000000000e+00
7.485260770975055777e+01,0.000000000000000000e+00
7.487528344671201808e+01,0.000000000000000000e+00
7.489795918367346417e+01,0.000000000000000000e+00
7.492063492063491026e+01,0.000000000000000000e+00
7.494331065759637056e+01,0.000000000000000000e+00
7.496598639455783086e+01,0.000000000000000000e+00
7.498866213151927695e+01,0.000000000000000000e+00
7.501133786848072305e+01,0.000000000000000000e+00
7.503401360544218335e+01,0.000000000000000000e+00
7.505668934240362944e+01,0.000000000000000000e+00
7.507936507936507553e+01,0.000000000000000000e+00
7.510204081632652162e+01,0.000000000000000000e+00
7.512471655328798192e+01,0.000000000000000000e+00
7.514739229024942802e+01,0.000000000000000000e+00
7.517006802721087411e+01,0.000000000000000000e+00
7.519274376417233441e+01,0.000000000000000000e+00
7.521541950113379471e+01,0.000000000000000000e+00
7.523809523809524080e+01,0.000000000000000000e+00
7.526077097505668689e+01,0.000000000000000000e+00
7.528344671201814720e+01,0.000000000000000000e+00
7.530612244897959329e+01,0.000000000000000000e+00
7.532879818594103938e+01,0.000000000000000000e+00
7.535147392290248547e+01,0.000000000000000000e+00
7.537414965986394577e+01,0.000000000000000000e+00
7.539682539682539186e+01,0.000000000000000000e+00
7.541950113378685217e+01,0.000000000000000000e+00
7.544217687074829826e+01,0.000000000000000000e+00
7.546485260770975856e+01,0.000000000000000000e+00
7.548752834467120465e+01,0.000000000000000000e+00
7.551020408163265074e+01,0.000000000000000000e+00
7.553287981859411104e+01,0.000000000000000000e+00
7.555555555555555713e+01,0.000000000000000000e+00
7.557823129251700323e+01,0.000000000000000000e+00
7.560090702947844932e+01,0.000000000000000000e+00
7.562358276643990962e+01,0.000000000000000000e+00
7.564625850340135571e+01,0.000000000000000000e+00
7.566893424036281601e+01,0.000000000000000000e+00
7.569160997732426210e+01,0.000000000000000000e+00
7.571428571428572241e+01,0.000000000000000000e+00
7.573696145124716850e+01,0.000000000000000000e+00
7.575963718820861459e+01,0.000000000000000000e+00
7.578231292517007489e+01,0.000000000000000000e+00
7.580498866213152098e+01,0.000000000000000000e+00
7.582766439909296707e+01,0.000000000000000000e+00
7.585034013605441316e+01,0.000000000000000000e+00
7.587301587301587347e+01,0.000000000000000000e+00
7.589569160997731956e+01,0.000000000000000000e+00
7.591836734693877986e+01,0.000000000000000000e+00
7.594104308390022595e+01,0.000000000000000000e+00
7.596371882086168625e+01,0.000000000000000000e+00
7.598639455782313235e+01,0.000000000000000000e+00
7.600907029478457844e+01,0.000000000000000000e+00
7.603174603174603874e+01,0.000000000000000000e+00
7.605442176870748483e+01,0.000000000000000000e+00
7.607709750566893092e+01,0.000000000000000000e+00
7.609977324263037701e+01,0.000000000000000000e+00
7.612244897959183731e+01,0.000000000000000000e+00
7.614512471655328341e+01,0.000000000000000000e+00
7.616780045351474371e+01,0.000000000000000000e+00
7.619047619047618980e+01,0.000000000000000000e+00
7.621315192743765010e+01,0.000000000000000000e+00
7.623582766439909619e+01,0.000000000000000000e+00
7.625850340136054228e+01,0.000000000000000000e+00
7.628117913832200259e+01,0.000000000000000000e+00
7.630385487528344868e+01,0.000000000000000000e+00
7.632653061224489477e+01,0.000000000000000000e+00
7.634920634920634086e+01,0.000000000000000000e+00
7.637188208616780116e+01,0.000000000000000000e+00
7.639455782312924725e+01,0.000000000000000000e+00
7.641723356009070756e+01,0.000000000000000000e+00
7.643990929705215365e+01,0.000000000000000000e+00
7.646258503401361395e+01,0.000000000000000000e+00
7.648526077097506004e+01,0.000000000000000000e+00
7.650793650793650613e+01,0.000000000000000000e+00
7.653061224489795222e+01,0.000000000000000000e+00
7.655328798185941253e+01,0.000000000000000000e+00
7.657596371882085862e+01,0.000000000000000000e+00
7.659863945578230471e+01,0.000000000000000000e+00
7.662131519274376501e+01,0.000000000000000000e+00
7.664399092970521110e+01,0.000000000000000000e+00
7.666666666666667140e+01,0.000000000000000000e+00
7.668934240362811749e+01,0.000000000000000000e+00
7.671201814058957780e+01,0.000000000000000000e+00
7.673469387755102389e+01,0.000000000000000000e+00
7.675736961451246998e+01,0.000000000000000000e+00
7.678004535147391607e+01,0.000000000000000000e+00
7.680272108843537637e+01,0.000000000000000000e+00
7.682539682539682246e+01,0.000000000000000000e+00
7.684807256235826856e+01,0.000000000000000000e+00
7.687074829931972886e+01,0.000000000000000000e+00
7.689342403628117495e+01,0.000000000000000000e+00
7.691609977324263525e+01,0.000000000000000000e+00
7.693877551020408134e+01,0.000000000000000000e+00
7.696145124716554164e+01,0.000000000000000000e+00
7.698412698412698774e+01,0.000000000000000000e+00
7.700680272108843383e+01,0.000000000000000000e+00
7.702947845804987992e+01,0.000000000000000000e+00
7.705215419501134022e+01,0.000000000000000000e+00
7.707482993197278631e+01,0.000000000000000000e+00
7.709750566893423240e+01,0.000000000000000000e+00
7.712018140589569271e+01,0.000000000000000000e+00
7.714285714285713880e+01,0.000000000000000000e+00
7.716553287981859910e+01,0.000000000000000000e+00
7.718820861678004519e+01,0.000000000000000000e+00
7.721088435374150549e+01,0.000000000000000000e+00
7.723356009070295158e+01,0.000000000000000000e+00
7.725623582766439768e+01,0.000000000000000000e+00
7.727891156462584377e+01,0.000000000000000000e+00
7.730158730158730407e+01,0.000000000000000000e+00
7.732426303854875016e+01,0.000000000000000000e+00
7.734693877551019625e+01,0.000000000000000000e+00
7.736961451247165655e+01,0.000000000000000000e+00
7.739229024943310264e+01,0.000000000000000000e+00
7.741496598639456295e+01,0.000000000000000000e+00
7.743764172335600904e+01,0.000000000000000000e+00
7.746031746031746934e+01,0.000000000000000000e+00
7.748299319727891543e+01,0.000000000000000000e+00
7.750566893424036152e+01,0.000000000000000000e+00
7.752834467120180761e+01,0.000000000000000000e+00
7.755102040816326792e+01,0.000000000000000000e+00
7.757369614512471401e+01,0.000000000000000000e+00
7.759637188208616010e+01,0.000000000000000000e+00
7.761904761904762040e+01,0.000000000000000000e+00
7.764172335600906649e+01,0.000000000000000000e+00
7.766439909297052679e+01,0.000000000000000000e+00
7.768707482993197289e+01,0.000000000000000000e+00
7.770975056689343319e+01,0.000000000000000000e+00
7.773242630385487928e+01,0.000000000000000000e+00
7.775510204081632537e+01,0.000000000000000000e+00
7.777777777777777146e+01,0.000000000000000000e+00
7.780045351473923176e+01,0.000000000000000000e+00
7.782312925170067786e+01,0.000000000000000000e+00
7.784580498866212395e+01,0.000000000000000000e+00
7.786848072562358425e+01,0.000000000000000000e+00
7.789115646258503034e+01,0.000000000000000000e+00
7.791383219954649064e+01,0.000000000000000000e+00
7.793650793650793673e+01,0.000000000000000000e+00
7.795918367346939704e+01,0.000000000000000000e+00
7.798185941043084313e+01,0.000000000000000000e+00
7.800453514739228922e+01,0.000000000000000000e+00
7.802721088435373531e+01,0.000000000000000000e+00
7.804988662131519561e+01,0.000000000000000000e+00
7.807256235827664170e+01,0.000000000000000000e+00
7.809523809523808779e+01,0.000000000000000000e+00
7.811791383219953389e+01,0.000000000000000000e+00
7.814058956916099419e+01,0.000000000000000000e+00
7.816326530612245449e+01,0.000000000000000000e+00
7.818594104308390058e+01,0.000000000000000000e+00
7.820861678004536088e+01,0.000000000000000000e+00
7.823129251700680697e+01,0.000000000000000000e+00
7.825396825396825307e+01,0.000000000000000000e+00
9.113378684807256036e+01,0.000000000000000000e+00
9.120181405895691285e+01,0.000000000000000000e+00
9.122448979591835894e+01,0.000000000000000000e+00
9.124716553287981924e+01,0.000000000000000000e+00
9.126984126984126533e+01,0.000000000000000000e+00
9.129251700680272563e+01,0.000000000000000000e+00
9.131519274376417172e+01,0.000000000000000000e+00
9.133786848072563203e+01,0.000000000000000000e+00
9.136054421768707812e+01,0.000000000000000000e+00
9.138321995464852421e+01,0.000000000000000000e+00
9.140589569160997030e+01,0.000000000000000000e+00
9.142857142857143060e+01,0.000000000000000000e+00
9.145124716553287669e+01,0.000000000000000000e+00
9.147392290249432278e+01,0.000000000000000000e+00
9.149659863945578309e+01,0.000000000000000000e+00
9.151927437641724339e+01,0.000000000000000000e+00
9.154195011337868948e+01,0.000000000000000000e+00
9.156462585034013557e+01,0.000000000000000000e+00
9.158730158730159587e+01,0.000000000000000000e+00
9.160997732426304196e+01,0.000000000000000000e+00
9.163265306122448806e+01,0.000000000000000000e+00
9.165532879818593415e+01,0.000000000000000000e+00
9.167800453514739445e+01,0.000000000000000000e+00
9.170068027210884054e+01,0.000000000000000000e+00
9.172335600907028663e+01,0.000000000000000000e+00
9.174603174603174693e+01,0.000000000000000000e+00
9.176870748299320724e+01,0.000000000000000000e+00
9.179138321995465333e+01,0.000000000000000000e+00
9.181405895691609942e+01,0.000000000000000000e+00
9.183673469387755972e+01,0.000000000000000000e+00
9.185941043083900581e+01,0.000000000000000000e+00
9.188208616780045190e+01,0.000000000000000000e+00
9.190476190476189799e+01,0.000000000000000000e+00
9.192743764172335830e+01,0.000000000000000000e+00
9.195011337868480439e+01,0.000000000000000000e+00
9.197278911564625048e+01,0.000000000000000000e+00
9.199546485260771078e+01,0.000000000000000000e+00
9.201814058956917108e+01,0.000000000000000000e+00
9.204081632653061718e+01,0.000000000000000000e+00
9.206349206349206327e+01,0.000000000000000000e+00
9.208616780045352357e+01,0.000000000000000000e+00
9.210884353741496966e+01,0.000000000000000000e+00
9.213151927437641575e+01,0.000000000000000000e+00
9.215419501133786184e+01,0.000000000000000000e+00
9.217687074829932214e+01,0.000000000000000000e+00
9.219954648526076824e+01,0.000000000000000000e+00
9.222222222222221433e+01,0.000000000000000000e+00
9.224489795918366042e+01,0.000000000000000000e+00
9.226757369614513493e+01,0.000000000000000000e+00
9.229024943310658102e+01,0.000000000000000000e+00
9.231292517006802711e+01,0.000000000000000000e+00
9.233560090702948742e+01,0.000000000000000000e+00
9.235827664399093351e+01,0.000000000000000000e+00
9.238095238095237960e+01,0.000000000000000000e+00
9.240362811791382569e+01,0.000000000000000000e+00
9.242630385487528599e+01,0.000000000000000000e+00
9.244897959183673208e+01,0.000000000000000000e+00
9.247165532879817818e+01,0.000000000000000000e+00
9.249433106575962427e+01,0.000000000000000000e+00
9.251700680272109878e+01,0.000000000000000000e+00
9.253968253968254487e+01,0.000000000000000000e+00
9.256235827664399096e+01,0.000000000000000000e+00
9.258503401360545126e+01,0.000000000000000000e+00
9.260770975056689736e+01,0.000000000000000000e+00
9.263038548752834345e+01,0.000000000000000000e+00
9.265306122448978954e+01,0.000000000000000000e+00
9.267573696145124984e+01,0.000000000000000000e+00
9.269841269841269593e+01,0.000000000000000000e+00
9.272108843537414202e+01,0.000000000000000000e+00
9.274376417233558811e+01,0.000000000000000000e+00
9.276643990929706263e+01,0.000000000000000000e+00
9.278911564625850872e+01,0.000000000000000000e+00
9.281179138321995481e+01,0.000000000000000000e+00
9.283446712018141511e+01,0.000000000000000000e+00
9.285714285714286120e+01,0.000000000000000000e+00
9.287981859410430729e+01,0.000000000000000000e+00
9.290249433106575339e+01,0.000000000000000000e+00
9.292517006802721369e+01,0.000000000000000000e+00
9.294784580498865978e+01,0.000000000000000000e+00
9.297052154195010587e+01,0.000000000000000000e+00
9.299319727891155196e+01,0.000000000000000000e+00
9.301587301587302647e+01,0.000000000000000000e+00
9.303854875283447257e+01,0.000000000000000000e+00
9.306122448979591866e+01,0.000000000000000000e+00
