time_ms,neuron_0_voltage,neuron_1_voltage
0.000000000000000000e+00,5.062874620878722587e-02,6.703976961430367643e-02
2.267573695999999459e-02,5.051394179562272019e-02,6.688775199614038769e-02
4.535147391999998917e-02,5.039939770992569318e-02,6.673607908912937425e-02
6.802721087999999416e-02,5.028511336138442867e-02,6.658475011161268942e-02
9.070294783999997834e-02,5.017108816102577862e-02,6.643376428370487141e-02
1.133786847999999764e-01,5.005732152121214473e-02,6.628312082728887722e-02
1.360544217599999883e-01,4.994381285563843226e-02,6.613281896601212739e-02
1.587301587199999586e-01,4.983056157932904545e-02,6.598285792528246763e-02
1.814058956799999567e-01,4.971756710863485529e-02,6.583323693226419970e-02
2.040816326399999547e-01,4.960482886123020185e-02,6.568395521587407082e-02
2.267573695999999528e-01,4.949234625610989674e-02,6.553501200677731842e-02
2.494331065599999231e-01,4.938011871358621852e-02,6.538640653738371500e-02
2.721088435199999767e-01,4.926814565528593592e-02,6.523813804184358522e-02
2.947845804799999470e-01,4.915642650414731724e-02,6.509020575604389236e-02
3.174603174399999173e-01,4.904496068441716039e-02,6.494260891760426924e-02
3.401360543999998876e-01,4.893374762164782316e-02,6.479534676587310471e-02
3.628117913599999134e-01,7.653309795817136996e-01,7.171726326621843395e-01
3.854875283199999392e-01,1.480103728022699627e+00,1.368070604985129224e+00
4.081632652799999095e-01,0.000000000000000000e+00,0.000000000000000000e+00
4.308390022399999353e-01,7.165081928390194532e-01,6.525242141202607371e-01
4.535147391999999056e-01,1.431391650546988803e+00,1.303568781496579287e+00
4.761904761599999314e-01,0.000000000000000000e+00,0.000000000000000000e+00
4.988662131199998462e-01,0.000000000000000000e+00,0.000000000000000000e+00
5.215419500799998165e-01,7.165081928390194532e-01,6.525242141202607371e-01
5.442176870399999533e-01,7.148834577079692387e-01,6.510445673763185503e-01
5.668934239999998681e-01,7.132624067835651172e-01,6.495682758404123236e-01
5.895691609599998939e-01,7.116450317115970980e-01,6.480953319043605276e-01
6.122448979199999197e-01,7.100313241567988154e-01,6.466257279772338329e-01
6.349206348799998345e-01,7.084212758028048951e-01,6.451594564853158076e-01
6.575963718399998603e-01,7.068148783521077672e-01,6.436965098720640599e-01
6.802721087999997751e-01,7.052121235260151444e-01,6.422368805980711581e-01
7.029478457599999119e-01,7.036130030646072786e-01,6.407805611410258839e-01
7.256235827199998267e-01,7.020175087266944391e-01,6.393275439956743744e-01
7.482993196799998525e-01,7.004256322897743914e-01,6.378778216737814866e-01
7.709750566399998783e-01,6.988373655499899861e-01,6.364313867040922723e-01
7.936507935999997931e-01,6.972527003220869712e-01,6.349882316322933429e-01
8.163265305599998189e-01,6.956716284393716920e-01,6.335483490209744550e-01
8.390022675199997337e-01,6.940941417536691249e-01,6.321117314495903194e-01
8.616780044799998706e-01,6.925202321352807999e-01,6.306783715144222979e-01
8.843537414399997854e-01,6.909498914729430563e-01,6.292482618285401008e-01
9.070294783999998112e-01,6.893831116737849651e-01,6.278213950217640393e-01
9.297052153599998370e-01,1.404328077502306371e+00,1.278921977860887349e+00
9.523809523199998628e-01,0.000000000000000000e+00,0.000000000000000000e+00
9.750566892799997776e-01,7.165081928390194532e-01,6.525242141202607371e-01
9.977324262399996924e-01,1.431391650546988803e+00,1.303568781496579287e+00
1.020408163199999718e+00,0.000000000000000000e+00,0.000000000000000000e+00
1.043083900159999633e+00,7.165081928390194532e-01,6.525242141202607371e-01
1.065759637119999770e+00,1.431391650546988803e+00,1.303568781496579287e+00
1.088435374079999907e+00,0.000000000000000000e+00,0.000000000000000000e+00
1.111111111039999821e+00,0.000000000000000000e+00,0.000000000000000000e+00
1.133786847999999736e+00,7.165081928390194532e-01,6.525242141202607371e-01
1.156462584959999651e+00,7.148834577079692387e-01,6.510445673763185503e-01
1.179138321919999788e+00,7.132624067835651172e-01,6.495682758404123236e-01
1.201814058879999703e+00,7.116450317115970980e-01,6.480953319043605276e-01
1.224489795839999839e+00,1.426539516995818158e+00,1.299149942097494570e+00
1.247165532799999754e+00,0.000000000000000000e+00,0.000000000000000000e+00
1.269841269759999669e+00,7.874312688966391693e-01,9.909182851925093516e-01
1.292517006719999806e+00,1.573076979360520600e+00,1.979589590146630940e+00
1.315192743679999721e+00,0.000000000000000000e+00,0.000000000000000000e+00
1.337868480639999635e+00,7.165081928390194532e-01,6.525242141202607371e-01
1.360544217599999550e+00,1.431391650546988803e+00,1.303568781496579287e+00
1.383219954559999687e+00,0.000000000000000000e+00,0.000000000000000000e+00
1.405895691519999824e+00,7.165081928390194532e-01,6.525242141202607371e-01
1.428571428479999739e+00,7.148834577079692387e-01,6.510445673763185503e-01
1.451247165439999653e+00,7.132624067835651172e-01,6.495682758404123236e-01
1.473922902399999568e+00,7.116450317115970980e-01,6.480953319043605276e-01
1.496598639359999705e+00,7.100313241567988154e-01,6.466257279772338329e-01
1.519274376319999620e+00,1.424929468641824348e+00,1.297683670605576545e+00
1.541950113279999757e+00,0.000000000000000000e+00,0.000000000000000000e+00
1.564625850239999671e+00,0.000000000000000000e+00,0.000000000000000000e+00
1.587301587199999586e+00,0.000000000000000000e+00,0.000000000000000000e+00
1.609977324159999723e+00,0.000000000000000000e+00,0.000000000000000000e+00
1.632653061119999638e+00,0.000000000000000000e+00,0.000000000000000000e+00
1.655328798079999553e+00,0.000000000000000000e+00,0.000000000000000000e+00
1.678004535039999467e+00,0.000000000000000000e+00,0.000000000000000000e+00
1.700680271999999826e+00,7.165081928390194532e-01,6.525242141202607371e-01
1.723356008959999741e+00,1.431391650546988803e+00,1.303568781496579287e+00
1.746031745919999656e+00,0.000000000000000000e+00,0.000000000000000000e+00
1.768707482879999571e+00,0.000000000000000000e+00,0.000000000000000000e+00
1.791383219839999486e+00,7.165081928390194532e-01,6.525242141202607371e-01
1.814058956799999622e+00,1.431391650546988803e+00,1.303568781496579287e+00
1.836734693759999537e+00,0.000000000000000000e+00,0.000000000000000000e+00
1.859410430719999674e+00,0.000000000000000000e+00,0.000000000000000000e+00
1.882086167679999589e+00,7.165081928390194532e-01,6.525242141202607371e-01
1.904761904639999726e+00,7.148834577079692387e-01,6.510445673763185503e-01
1.927437641599999640e+00,7.132624067835651172e-01,6.495682758404123236e-01
1.950113378559999555e+00,7.116450317115970980e-01,6.480953319043605276e-01
1.972789115519999692e+00,7.100313241567988154e-01,6.466257279772338329e-01
1.995464852479999385e+00,7.084212758028048951e-01,6.451594564853158076e-01
2.018140589439999744e+00,1.423323071191127109e+00,1.296220723992324686e+00
2.040816326399999436e+00,0.000000000000000000e+00,0.000000000000000000e+00
2.063492063359999573e+00,7.165081928390194532e-01,6.525242141202607371e-01
2.086167800319999266e+00,7.148834577079692387e-01,6.510445673763185503e-01
2.108843537279999403e+00,7.132624067835651172e-01,6.495682758404123236e-01
2.131519274239999540e+00,7.116450317115970980e-01,6.480953319043605276e-01
2.154195011199999676e+00,1.426539516995818158e+00,1.299149942097494570e+00
2.176870748159999813e+00,0.000000000000000000e+00,0.000000000000000000e+00
2.199546485119999506e+00,7.165081928390194532e-01,6.525242141202607371e-01
2.222222222079999643e+00,1.431391650546988803e+00,1.303568781496579287e+00
2.244897959039999336e+00,0.000000000000000000e+00,0.000000000000000000e+00
2.267573695999999472e+00,0.000000000000000000e+00,0.000000000000000000e+00
2.290249432959999609e+00,0.000000000000000000e+00,0.000000000000000000e+00
2.312925169919999302e+00,7.165081928390194532e-01,6.525242141202607371e-01
2.335600906879999439e+00,1.431391650546988803e+00,1.303568781496579287e+00
2.358276643839999576e+00,0.000000000000000000e+00,0.000000000000000000e+00
2.380952380799999712e+00,0.000000000000000000e+00,0.000000000000000000e+00
2.403628117759999405e+00,7.165081928390194532e-01,6.525242141202607371e-01
2.426303854719999542e+00,1.431391650546988803e+00,1.303568781496579287e+00
2.448979591679999679e+00,0.000000000000000000e+00,0.000000000000000000e+00
2.471655328639999372e+00,7.165081928390194532e-01,6.525242141202607371e-01
2.494331065599999508e+00,1.431391650546988803e+00,1.303568781496579287e+00
2.517006802559999201e+00,0.000000000000000000e+00,0.000000000000000000e+00
2.539682539519999338e+00,0.000000000000000000e+00,0.000000000000000000e+00
2.562358276479999475e+00,7.165081928390194532e-01,6.525242141202607371e-01
2.585034013439999612e+00,1.431391650546988803e+00,1.303568781496579287e+00
2.607709750399999749e+00,0.000000000000000000e+00,0.000000000000000000e+00
2.630385487359999441e+00,7.165081928390194532e-01,6.525242141202607371e-01
2.653061224319999578e+00,1.431391650546988803e+00,1.303568781496579287e+00
2.675736961279999271e+00,0.000000000000000000e+00,0.000000000000000000e+00
2.698412698239999408e+00,7.165081928390194532e-01,6.525242141202607371e-01
2.721088435199999100e+00,1.431391650546988803e+00,1.303568781496579287e+00
2.743764172159999237e+00,0.000000000000000000e+00,0.000000000000000000e+00
2.766439909119999374e+00,7.165081928390194532e-01,6.525242141202607371e-01
2.789115646079999511e+00,1.431391650546988803e+00,1.303568781496579287e+00
2.811791383039999648e+00,0.000000000000000000e+00,0.000000000000000000e+00
2.834467119999999341e+00,7.165081928390194532e-01,6.525242141202607371e-01
2.857142856959999477e+00,1.431391650546988803e+00,1.303568781496579287e+00
2.879818593919999170e+00,0.000000000000000000e+00,0.000000000000000000e+00
2.902494330879999307e+00,7.165081928390194532e-01,6.525242141202607371e-01
2.925170067839999444e+00,7.148834577079692387e-01,6.510445673763185503e-01
2.947845804799999136e+00,7.132624067835651172e-01,6.495682758404123236e-01
2.970521541759999273e+00,7.116450317115970980e-01,6.480953319043605276e-01
2.993197278719999410e+00,7.100313241567988154e-01,6.466257279772338329e-01
3.015873015679999547e+00,7.084212758028048951e-01,6.451594564853158076e-01
3.038548752639999240e+00,7.068148783521077672e-01,6.436965098720640599e-01
3.061224489599999377e+00,7.052121235260151444e-01,6.422368805980711581e-01
3.083900226559999513e+00,7.036130030646072786e-01,6.407805611410258839e-01
3.106575963519999206e+00,7.020175087266944391e-01,6.393275439956743744e-01
3.129251700479999343e+00,7.004256322897743914e-01,6.378778216737814866e-01
3.151927437439999036e+00,6.988373655499899861e-01,6.364313867040922723e-01
3.174603174399999173e+00,6.972527003220869712e-01,6.349882316322933429e-01
3.197278911359999309e+00,6.956716284393716920e-01,6.335483490209744550e-01
3.219954648319999446e+00,6.940941417536691249e-01,6.321117314495903194e-01
3.242630385279999583e+00,1.409028424974300364e+00,1.283202585634683146e+00
3.265306122239999276e+00,0.000000000000000000e+00,0.000000000000000000e+00
3.287981859199999413e+00,0.000000000000000000e+00,0.000000000000000000e+00
3.310657596159999105e+00,0.000000000000000000e+00,0.000000000000000000e+00
3.333333333119999242e+00,0.000000000000000000e+00,0.000000000000000000e+00
3.356009070079998935e+00,7.165081928390194532e-01,6.525242141202607371e-01
3.378684807039999072e+00,1.431391650546988803e+00,1.303568781496579287e+00
3.401360543999999653e+00,0.000000000000000000e+00,0.000000000000000000e+00
3.424036280959999345e+00,7.165081928390194532e-01,6.525242141202607371e-01
3.446712017919999482e+00,1.431391650546988803e+00,1.303568781496579287e+00
3.469387754879999175e+00,0.000000000000000000e+00,0.000000000000000000e+00
3.492063491839999312e+00,0.000000000000000000e+00,0.000000000000000000e+00
3.514739228799999005e+00,0.000000000000000000e+00,0.000000000000000000e+00
3.537414965759999141e+00,7.165081928390194532e-01,6.525242141202607371e-01
3.560090702719999278e+00,7.148834577079692387e-01,6.510445673763185503e-01
3.582766439679998971e+00,7.132624067835651172e-01,6.495682758404123236e-01
3.605442176639999552e+00,7.116450317115970980e-01,6.480953319043605276e-01
3.628117913599999245e+00,7.100313241567988154e-01,6.466257279772338329e-01
3.650793650559999381e+00,7.084212758028048951e-01,6.451594564853158076e-01
3.673469387519999074e+00,7.068148783521077672e-01,6.436965098720640599e-01
3.696145124479999211e+00,7.052121235260151444e-01,6.422368805980711581e-01
3.718820861439999348e+00,7.036130030646072786e-01,6.407805611410258839e-01
3.741496598399999041e+00,7.020175087266944391e-01,6.393275439956743744e-01
3.764172335359999177e+00,1.416933825128793956e+00,1.290402035794042224e+00
3.786848072319998870e+00,0.000000000000000000e+00,0.000000000000000000e+00
3.809523809279999451e+00,7.165081928390194532e-01,6.525242141202607371e-01
3.832199546239999144e+00,1.502314726604608408e+00,1.641962852568827902e+00
3.854875283199999281e+00,0.000000000000000000e+00,0.000000000000000000e+00
3.877551020159999418e+00,7.874312688966391693e-01,9.909182851925093516e-01
3.900226757119999110e+00,1.573076979360520600e+00,1.979589590146630940e+00
3.922902494079998803e+00,0.000000000000000000e+00,0.000000000000000000e+00
3.945578231039999384e+00,7.165081928390194532e-01,6.525242141202607371e-01
3.968253967999999077e+00,1.431391650546988803e+00,1.303568781496579287e+00
3.990929704959998769e+00,0.000000000000000000e+00,0.000000000000000000e+00
4.013605441919998462e+00,7.165081928390194532e-01,6.525242141202607371e-01
4.036281178879999487e+00,7.148834577079692387e-01,6.510445673763185503e-01
4.058956915839998736e+00,7.132624067835651172e-01,6.495682758404123236e-01
4.081632652799998873e+00,1.428153224550616551e+00,1.300619546024621265e+00
4.104308389759999010e+00,0.000000000000000000e+00,0.000000000000000000e+00
4.126984126719999146e+00,7.165081928390194532e-01,6.525242141202607371e-01
4.149659863679999283e+00,1.502314726604608408e+00,1.641962852568827902e+00
4.172335600639998532e+00,0.000000000000000000e+00,0.000000000000000000e+00
4.195011337599999557e+00,7.165081928390194532e-01,6.525242141202607371e-01
4.217687074559998806e+00,1.431391650546988803e+00,1.303568781496579287e+00
4.240362811519998942e+00,0.000000000000000000e+00,0.000000000000000000e+00
4.263038548479999079e+00,0.000000000000000000e+00,0.000000000000000000e+00
4.285714285439999216e+00,0.000000000000000000e+00,0.000000000000000000e+00
4.308390022399999353e+00,7.165081928390194532e-01,6.525242141202607371e-01
4.331065759359998601e+00,1.431391650546988803e+00,1.303568781496579287e+00
4.353741496319999627e+00,0.000000000000000000e+00,0.000000000000000000e+00
4.376417233279998875e+00,7.874312688966391693e-01,9.909182851925093516e-01
4.399092970239999012e+00,1.573076979360520600e+00,1.979589590146630940e+00
4.421768707199999149e+00,0.000000000000000000e+00,0.000000000000000000e+00
4.444444444159999286e+00,7.874312688966391693e-01,9.909182851925093516e-01
4.467120181119998534e+00,1.573076979360520600e+00,1.979589590146630940e+00
4.489795918079998671e+00,0.000000000000000000e+00,0.000000000000000000e+00
4.512471655039998808e+00,7.165081928390194532e-01,6.525242141202607371e-01
4.535147391999998945e+00,7.148834577079692387e-01,6.510445673763185503e-01
4.557823128959999082e+00,7.132624067835651172e-01,6.495682758404123236e-01
4.580498865919999218e+00,7.116450317115970980e-01,6.480953319043605276e-01
4.603174602879999355e+00,7.100313241567988154e-01,6.466257279772338329e-01
4.625850339839998604e+00,7.084212758028048951e-01,6.451594564853158076e-01
4.648526076799998741e+00,7.068148783521077672e-01,6.436965098720640599e-01
4.671201813759998878e+00,7.052121235260151444e-01,6.422368805980711581e-01
4.693877550719999014e+00,7.036130030646072786e-01,6.407805611410258839e-01
4.716553287679999151e+00,1.418525701565713781e+00,1.291851758115935223e+00
4.739229024639999288e+00,0.000000000000000000e+00,0.000000000000000000e+00
4.761904761599999425e+00,7.165081928390194532e-01,6.525242141202607371e-01
4.784580498559998674e+00,1.431391650546988803e+00,1.303568781496579287e+00
4.807256235519998810e+00,0.000000000000000000e+00,0.000000000000000000e+00
4.829931972479998947e+00,7.165081928390194532e-01,6.525242141202607371e-01
4.852607709439999084e+00,1.431391650546988803e+00,1.303568781496579287e+00
4.875283446399998333e+00,0.000000000000000000e+00,0.000000000000000000e+00
4.897959183359999358e+00,0.000000000000000000e+00,0.000000000000000000e+00
4.920634920319998606e+00,0.000000000000000000e+00,0.000000000000000000e+00
4.943310657279998743e+00,0.000000000000000000e+00,0.000000000000000000e+00
4.965986394239998880e+00,0.000000000000000000e+00,0.000000000000000000e+00
4.988662131199999017e+00,0.000000000000000000e+00,0.000000000000000000e+00
5.011337868159999154e+00,0.000000000000000000e+00,0.000000000000000000e+00
5.034013605119998402e+00,7.165081928390194532e-01,6.525242141202607371e-01
5.056689342079999427e+00,1.431391650546988803e+00,1.303568781496579287e+00
5.079365079039998676e+00,0.000000000000000000e+00,0.000000000000000000e+00
5.102040815999998813e+00,7.165081928390194532e-01,6.525242141202607371e-01
5.124716552959998950e+00,1.431391650546988803e+00,1.303568781496579287e+00
5.147392289919999087e+00,0.000000000000000000e+00,0.000000000000000000e+00
5.170068026879999223e+00,7.165081928390194532e-01,6.525242141202607371e-01
5.192743763839998472e+00,1.431391650546988803e+00,1.303568781496579287e+00
5.215419500799999497e+00,0.000000000000000000e+00,0.000000000000000000e+00
5.238095237759998746e+00,7.165081928390194532e-01,6.525242141202607371e-01
5.260770974719998883e+00,7.148834577079692387e-01,6.510445673763185503e-01
5.283446711679998131e+00,7.132624067835651172e-01,6.495682758404123236e-01
5.306122448639999156e+00,1.428153224550616551e+00,1.300619546024621265e+00
5.328798185599998405e+00,0.000000000000000000e+00,0.000000000000000000e+00
5.351473922559998542e+00,7.165081928390194532e-01,6.525242141202607371e-01
5.374149659519999567e+00,1.431391650546988803e+00,1.303568781496579287e+00
5.396825396479998815e+00,0.000000000000000000e+00,0.000000000000000000e+00
5.419501133439998952e+00,7.165081928390194532e-01,6.525242141202607371e-01
5.442176870399998201e+00,1.431391650546988803e+00,1.303568781496579287e+00
5.464852607359999226e+00,0.000000000000000000e+00,0.000000000000000000e+00
5.487528344319998475e+00,0.000000000000000000e+00,0.000000000000000000e+00
5.510204081279998611e+00,7.165081928390194532e-01,6.525242141202607371e-01
5.532879818239998748e+00,1.431391650546988803e+00,1.303568781496579287e+00
5.555555555199998885e+00,0.000000000000000000e+00,0.000000000000000000e+00
5.578231292159999022e+00,7.165081928390194532e-01,6.525242141202607371e-01
5.600907029119998271e+00,1.431391650546988803e+00,1.303568781496579287e+00
5.623582766079999296e+00,0.000000000000000000e+00,0.000000000000000000e+00
5.646258503039998544e+00,0.000000000000000000e+00,0.000000000000000000e+00
5.668934239999998681e+00,0.000000000000000000e+00,0.000000000000000000e+00
5.691609976959998818e+00,0.000000000000000000e+00,0.000000000000000000e+00
5.714285713919998955e+00,0.000000000000000000e+00,0.000000000000000000e+00
5.736961450879998203e+00,0.000000000000000000e+00,0.000000000000000000e+00
5.759637187839998340e+00,0.000000000000000000e+00,0.000000000000000000e+00
5.782312924799999365e+00,7.165081928390194532e-01,6.525242141202607371e-01
5.804988661759998614e+00,1.431391650546988803e+00,1.303568781496579287e+00
5.827664398719998751e+00,0.000000000000000000e+00,0.000000000000000000e+00
5.850340135679998887e+00,7.165081928390194532e-01,6.525242141202607371e-01
5.873015872639999024e+00,1.431391650546988803e+00,1.303568781496579287e+00
5.895691609599998273e+00,0.000000000000000000e+00,0.000000000000000000e+00
5.918367346559998410e+00,7.165081928390194532e-01,6.525242141202607371e-01
5.941043083519998547e+00,1.431391650546988803e+00,1.303568781496579287e+00
5.963718820479998683e+00,0.000000000000000000e+00,0.000000000000000000e+00
5.986394557439998820e+00,7.165081928390194532e-01,6.525242141202607371e-01
6.009070294399998957e+00,1.431391650546988803e+00,1.303568781496579287e+00
6.031746031359999094e+00,0.000000000000000000e+00,0.000000000000000000e+00
6.054421768319998343e+00,7.165081928390194532e-01,6.525242141202607371e-01
6.077097505279998479e+00,7.148834577079692387e-01,6.510445673763185503e-01
6.099773242239998616e+00,7.132624067835651172e-01,6.495682758404123236e-01
6.122448979199998753e+00,7.116450317115970980e-01,6.480953319043605276e-01
6.145124716159998002e+00,7.100313241567988154e-01,6.466257279772338329e-01
6.167800453119999027e+00,7.084212758028048951e-01,6.451594564853158076e-01
6.190476190079999164e+00,7.068148783521077672e-01,6.436965098720640599e-01
6.213151927039998412e+00,7.052121235260151444e-01,6.422368805980711581e-01
6.235827663999998549e+00,7.036130030646072786e-01,6.407805611410258839e-01
6.258503400959998686e+00,7.020175087266944391e-01,6.393275439956743744e-01
6.281179137919998823e+00,7.004256322897743914e-01,6.378778216737814866e-01
6.303854874879998071e+00,6.988373655499899861e-01,6.364313867040922723e-01
6.326530611839999096e+00,6.972527003220869712e-01,6.349882316322933429e-01
6.349206348799998345e+00,6.956716284393716920e-01,6.335483490209744550e-01
6.371882085759998482e+00,6.940941417536691249e-01,6.321117314495903194e-01
6.394557822719998619e+00,6.925202321352807999e-01,6.306783715144222979e-01
6.417233559679998756e+00,6.909498914729430563e-01,6.292482618285401008e-01
6.439909296639998892e+00,1.405891304512804307e+00,1.280345609142024887e+00
6.462585033599998141e+00,0.000000000000000000e+00,0.000000000000000000e+00
6.485260770559999166e+00,7.165081928390194532e-01,6.525242141202607371e-01
6.507936507519998415e+00,1.431391650546988803e+00,1.303568781496579287e+00
6.530612244479998552e+00,0.000000000000000000e+00,0.000000000000000000e+00
6.553287981439997800e+00,0.000000000000000000e+00,0.000000000000000000e+00
6.575963718399998825e+00,0.000000000000000000e+00,0.000000000000000000e+00
6.598639455359998962e+00,0.000000000000000000e+00,0.000000000000000000e+00
6.621315192319998211e+00,0.000000000000000000e+00,0.000000000000000000e+00
6.643990929279999236e+00,0.000000000000000000e+00,0.000000000000000000e+00
6.666666666239998484e+00,0.000000000000000000e+00,0.000000000000000000e+00
6.689342403199998621e+00,0.000000000000000000e+00,0.000000000000000000e+00
6.712018140159997870e+00,0.000000000000000000e+00,0.000000000000000000e+00
6.734693877119998895e+00,0.000000000000000000e+00,0.000000000000000000e+00
6.757369614079998144e+00,0.000000000000000000e+00,0.000000000000000000e+00
6.780045351039998280e+00,0.000000000000000000e+00,0.000000000000000000e+00
6.802721087999999305e+00,0.000000000000000000e+00,0.000000000000000000e+00
6.825396824959998554e+00,0.000000000000000000e+00,0.000000000000000000e+00
6.848072561919998691e+00,0.000000000000000000e+00,0.000000000000000000e+00
6.870748298879997940e+00,7.165081928390194532e-01,6.525242141202607371e-01
6.893424035839998965e+00,1.431391650546988803e+00,1.303568781496579287e+00
6.916099772799998213e+00,0.000000000000000000e+00,0.000000000000000000e+00
6.938775509759998350e+00,0.000000000000000000e+00,0.000000000000000000e+00
6.961451246719998487e+00,0.000000000000000000e+00,0.000000000000000000e+00
6.984126983679998624e+00,0.000000000000000000e+00,0.000000000000000000e+00
7.006802720639998761e+00,0.000000000000000000e+00,0.000000000000000000e+00
7.029478457599998009e+00,0.000000000000000000e+00,0.000000000000000000e+00
7.052154194559999034e+00,0.000000000000000000e+00,0.000000000000000000e+00
7.074829931519998283e+00,7.165081928390194532e-01,6.525242141202607371e-01
7.097505668479998420e+00,1.431391650546988803e+00,1.303568781496579287e+00
7.120181405439998557e+00,0.000000000000000000e+00,0.000000000000000000e+00
7.142857142399998693e+00,7.165081928390194532e-01,6.525242141202607371e-01
7.165532879359997942e+00,1.431391650546988803e+00,1.303568781496579287e+00
7.188208616319998079e+00,0.000000000000000000e+00,0.000000000000000000e+00
7.210884353279999104e+00,7.165081928390194532e-01,6.525242141202607371e-01
7.233560090239998353e+00,1.431391650546988803e+00,1.303568781496579287e+00
7.256235827199998489e+00,0.000000000000000000e+00,0.000000000000000000e+00
7.278911564159998626e+00,7.165081928390194532e-01,6.525242141202607371e-01
7.301587301119998763e+00,1.431391650546988803e+00,1.303568781496579287e+00
7.324263038079998012e+00,0.000000000000000000e+00,0.000000000000000000e+00
7.346938775039998148e+00,7.874312688966391693e-01,9.909182851925093516e-01
7.369614511999998285e+00,1.573076979360520600e+00,1.979589590146630940e+00
7.392290248959998422e+00,0.000000000000000000e+00,0.000000000000000000e+00
7.414965985919998559e+00,7.165081928390194532e-01,6.525242141202607371e-01
7.437641722879998696e+00,1.502314726604608408e+00,1.641962852568827902e+00
7.460317459839998833e+00,0.000000000000000000e+00,0.000000000000000000e+00
7.482993196799998081e+00,7.874312688966391693e-01,9.909182851925093516e-01
7.505668933759998218e+00,1.502153903302900773e+00,1.641195519074382325e+00
7.528344670719998355e+00,0.000000000000000000e+00,0.000000000000000000e+00
7.551020407679998492e+00,7.165081928390194532e-01,6.525242141202607371e-01
7.573696144639997740e+00,1.431391650546988803e+00,1.303568781496579287e+00
7.596371881599998765e+00,0.000000000000000000e+00,0.000000000000000000e+00
7.619047618559998902e+00,7.874312688966391693e-01,9.909182851925093516e-01
7.641723355519998151e+00,1.573076979360520600e+00,1.979589590146630940e+00
7.664399092479998288e+00,0.000000000000000000e+00,0.000000000000000000e+00
7.687074829439998425e+00,7.165081928390194532e-01,6.525242141202607371e-01
7.709750566399998561e+00,1.431391650546988803e+00,1.303568781496579287e+00
7.732426303359997810e+00,0.000000000000000000e+00,0.000000000000000000e+00
7.755102040319998835e+00,7.165081928390194532e-01,6.525242141202607371e-01
7.777777777279998084e+00,1.431391650546988803e+00,1.303568781496579287e+00
7.800453514239998221e+00,0.000000000000000000e+00,0.000000000000000000e+00
7.823129251199998357e+00,7.165081928390194532e-01,6.525242141202607371e-01
7.845804988159997606e+00,1.502314726604608408e+00,1.641962852568827902e+00
7.868480725119997743e+00,0.000000000000000000e+00,0.000000000000000000e+00
7.891156462079998768e+00,7.874312688966391693e-01,9.909182851925093516e-01
7.913832199039998905e+00,1.573076979360520600e+00,1.979589590146630940e+00
7.936507935999998153e+00,0.000000000000000000e+00,0.000000000000000000e+00
7.959183672959998290e+00,7.874312688966391693e-01,9.909182851925093516e-01
7.981859409919997539e+00,1.573076979360520600e+00,1.979589590146630940e+00
8.004535146879998564e+00,0.000000000000000000e+00,0.000000000000000000e+00
8.027210883839996924e+00,7.874312688966391693e-01,9.909182851925093516e-01
8.049886620799998838e+00,1.573076979360520600e+00,1.979589590146630940e+00
8.072562357759998974e+00,0.000000000000000000e+00,0.000000000000000000e+00
8.095238094719999111e+00,7.874312688966391693e-01,9.909182851925093516e-01
8.117913831679997472e+00,1.573076979360520600e+00,1.979589590146630940e+00
8.140589568639997609e+00,0.000000000000000000e+00,0.000000000000000000e+00
8.163265305599997745e+00,7.874312688966391693e-01,9.909182851925093516e-01
8.185941042559997882e+00,1.573076979360520600e+00,1.979589590146630940e+00
8.208616779519998019e+00,0.000000000000000000e+00,0.000000000000000000e+00
8.231292516479998156e+00,7.874312688966391693e-01,9.909182851925093516e-01
8.253968253439998293e+00,1.573076979360520600e+00,1.979589590146630940e+00
8.276643990399998430e+00,0.000000000000000000e+00,0.000000000000000000e+00
8.299319727359998566e+00,7.874312688966391693e-01,9.909182851925093516e-01
8.321995464319996927e+00,1.573076979360520600e+00,1.979589590146630940e+00
8.344671201279997064e+00,0.000000000000000000e+00,0.000000000000000000e+00
8.367346938239998977e+00,7.874312688966391693e-01,9.909182851925093516e-01
8.390022675199999114e+00,1.573076979360520600e+00,1.979589590146630940e+00
8.412698412159999251e+00,0.000000000000000000e+00,0.000000000000000000e+00
8.435374149119997611e+00,7.874312688966391693e-01,9.909182851925093516e-01
8.458049886079997748e+00,1.573076979360520600e+00,1.979589590146630940e+00
8.480725623039997885e+00,0.000000000000000000e+00,0.000000000000000000e+00
8.503401359999998022e+00,7.874312688966391693e-01,9.909182851925093516e-01
8.526077096959998158e+00,1.573076979360520600e+00,1.979589590146630940e+00
8.548752833919998295e+00,0.000000000000000000e+00,0.000000000000000000e+00
8.571428570879998432e+00,7.165081928390194532e-01,6.525242141202607371e-01
8.594104307839998569e+00,1.502314726604608408e+00,1.641962852568827902e+00
8.616780044799998706e+00,0.000000000000000000e+00,0.000000000000000000e+00
8.639455781759997066e+00,7.165081928390194532e-01,6.525242141202607371e-01
8.662131518719997203e+00,1.431391650546988803e+00,1.303568781496579287e+00
8.684807255679999116e+00,0.000000000000000000e+00,0.000000000000000000e+00
8.707482992639999253e+00,7.165081928390194532e-01,6.525242141202607371e-01
8.730158729599997613e+00,1.431391650546988803e+00,1.303568781496579287e+00
8.752834466559997750e+00,0.000000000000000000e+00,0.000000000000000000e+00
8.775510203519997887e+00,7.165081928390194532e-01,6.525242141202607371e-01
8.798185940479998024e+00,1.502314726604608408e+00,1.641962852568827902e+00
8.820861677439998161e+00,0.000000000000000000e+00,0.000000000000000000e+00
8.843537414399998298e+00,7.165081928390194532e-01,6.525242141202607371e-01
8.866213151359998434e+00,1.431391650546988803e+00,1.303568781496579287e+00
8.888888888319998571e+00,0.000000000000000000e+00,0.000000000000000000e+00
8.911564625279998708e+00,7.165081928390194532e-01,6.525242141202607371e-01
8.934240362239997069e+00,1.431391650546988803e+00,1.303568781496579287e+00
8.956916099199997205e+00,0.000000000000000000e+00,0.000000000000000000e+00
8.979591836159997342e+00,7.165081928390194532e-01,6.525242141202607371e-01
9.002267573119999255e+00,1.431391650546988803e+00,1.303568781496579287e+00
9.024943310079997616e+00,0.000000000000000000e+00,0.000000000000000000e+00
9.047619047039997753e+00,7.165081928390194532e-01,6.525242141202607371e-01
9.070294783999997890e+00,1.431391650546988803e+00,1.303568781496579287e+00
9.092970520959998026e+00,0.000000000000000000e+00,0.000000000000000000e+00
9.115646257919998163e+00,7.165081928390194532e-01,6.525242141202607371e-01
9.138321994879996524e+00,1.431391650546988803e+00,1.303568781496579287e+00
9.160997731839998437e+00,0.000000000000000000e+00,0.000000000000000000e+00
9.183673468799998574e+00,0.000000000000000000e+00,0.000000000000000000e+00
9.206349205759998711e+00,7.165081928390194532e-01,6.525242141202607371e-01
9.229024942719998847e+00,7.148834577079692387e-01,6.510445673763185503e-01
9.251700679679997208e+00,7.132624067835651172e-01,6.495682758404123236e-01
9.274376416639997345e+00,1.428153224550616551e+00,1.300619546024621265e+00
9.297052153599997482e+00,0.000000000000000000e+00,0.000000000000000000e+00
9.319727890559999395e+00,0.000000000000000000e+00,0.000000000000000000e+00
9.342403627519997755e+00,0.000000000000000000e+00,0.000000000000000000e+00
9.365079364479997892e+00,0.000000000000000000e+00,0.000000000000000000e+00
9.387755101439998029e+00,0.000000000000000000e+00,0.000000000000000000e+00
9.410430838399998166e+00,7.165081928390194532e-01,6.525242141202607371e-01
9.433106575359998303e+00,7.148834577079692387e-01,6.510445673763185503e-01
9.455782312319996663e+00,7.132624067835651172e-01,6.495682758404123236e-01
9.478458049279998576e+00,7.116450317115970980e-01,6.480953319043605276e-01
9.501133786239998713e+00,7.100313241567988154e-01,6.466257279772338329e-01
9.523809523199998850e+00,7.084212758028048951e-01,6.451594564853158076e-01
9.546485260159997210e+00,7.068148783521077672e-01,6.436965098720640599e-01
9.569160997119997347e+00,7.052121235260151444e-01,6.422368805980711581e-01
9.591836734079997484e+00,7.036130030646072786e-01,6.407805611410258839e-01
9.614512471039997621e+00,7.020175087266944391e-01,6.393275439956743744e-01
9.637188207999997758e+00,7.004256322897743914e-01,6.378778216737814866e-01
9.659863944959997895e+00,6.988373655499899861e-01,6.364313867040922723e-01
9.682539681919998031e+00,6.972527003220869712e-01,6.349882316322933429e-01
9.705215418879998168e+00,6.956716284393716920e-01,6.335483490209744550e-01
9.727891155839998305e+00,6.940941417536691249e-01,6.321117314495903194e-01
9.750566892799996666e+00,1.409028424974300364e+00,1.283202585634683146e+00
9.773242629759996802e+00,0.000000000000000000e+00,0.000000000000000000e+00
9.795918366719998716e+00,7.165081928390194532e-01,6.525242141202607371e-01
9.818594103679998852e+00,1.431391650546988803e+00,1.303568781496579287e+00
9.841269840639997213e+00,0.000000000000000000e+00,0.000000000000000000e+00
9.863945577599997350e+00,7.165081928390194532e-01,6.525242141202607371e-01
9.886621314559997487e+00,1.431391650546988803e+00,1.303568781496579287e+00
9.909297051519997623e+00,0.000000000000000000e+00,0.000000000000000000e+00
9.931972788479997760e+00,7.165081928390194532e-01,6.525242141202607371e-01
9.954648525439997897e+00,7.148834577079692387e-01,6.510445673763185503e-01
9.977324262399998034e+00,1.429770599622584459e+00,1.302092489960672950e+00
9.999999999359998171e+00,0.000000000000000000e+00,0.000000000000000000e+00
1.002267573631999831e+01,7.165081928390194532e-01,6.525242141202607371e-01
1.004535147327999667e+01,1.431391650546988803e+00,1.303568781496579287e+00
1.006802721023999680e+01,0.000000000000000000e+00,0.000000000000000000e+00
1.009070294719999694e+01,7.165081928390194532e-01,6.525242141202607371e-01
1.011337868415999885e+01,1.431391650546988803e+00,1.303568781496579287e+00
1.013605442111999899e+01,0.000000000000000000e+00,0.000000000000000000e+00
1.015873015807999735e+01,7.165081928390194532e-01,6.525242141202607371e-01
1.018140589503999749e+01,1.431391650546988803e+00,1.303568781496579287e+00
1.020408163199999763e+01,0.000000000000000000e+00,0.000000000000000000e+00
1.022675736895999776e+01,7.165081928390194532e-01,6.525242141202607371e-01
1.024943310591999790e+01,1.431391650546988803e+00,1.303568781496579287e+00
1.027210884287999804e+01,0.000000000000000000e+00,0.000000000000000000e+00
1.029478457983999817e+01,7.165081928390194532e-01,6.525242141202607371e-01
1.031746031679999831e+01,1.502314726604608408e+00,1.641962852568827902e+00
1.034013605375999845e+01,0.000000000000000000e+00,0.000000000000000000e+00
1.036281179071999681e+01,7.165081928390194532e-01,6.525242141202607371e-01
1.038548752767999694e+01,1.502314726604608408e+00,1.641962852568827902e+00
1.040816326463999708e+01,0.000000000000000000e+00,0.000000000000000000e+00
1.043083900159999899e+01,7.874312688966391693e-01,9.909182851925093516e-01
1.045351473855999735e+01,1.573076979360520600e+00,1.979589590146630940e+00
1.047619047551999749e+01,0.000000000000000000e+00,0.000000000000000000e+00
1.049886621247999763e+01,7.874312688966391693e-01,9.909182851925093516e-01
1.052154194943999777e+01,1.573076979360520600e+00,1.979589590146630940e+00
1.054421768639999790e+01,0.000000000000000000e+00,0.000000000000000000e+00
1.056689342335999626e+01,7.874312688966391693e-01,9.909182851925093516e-01
1.058956916031999818e+01,1.573076979360520600e+00,1.979589590146630940e+00
1.061224489727999831e+01,0.000000000000000000e+00,0.000000000000000000e+00
1.063492063423999845e+01,7.874312688966391693e-01,9.909182851925093516e-01
1.065759637119999681e+01,1.573076979360520600e+00,1.979589590146630940e+00
1.068027210815999695e+01,0.000000000000000000e+00,0.000000000000000000e+00
1.070294784511999708e+01,7.874312688966391693e-01,9.909182851925093516e-01
1.072562358207999722e+01,1.573076979360520600e+00,1.979589590146630940e+00
1.074829931903999913e+01,0.000000000000000000e+00,0.000000000000000000e+00
1.077097505599999749e+01,7.874312688966391693e-01,9.909182851925093516e-01
1.079365079295999763e+01,1.573076979360520600e+00,1.979589590146630940e+00
1.081632652991999777e+01,0.000000000000000000e+00,0.000000000000000000e+00
1.083900226687999790e+01,7.874312688966391693e-01,9.909182851925093516e-01
1.086167800383999626e+01,1.573076979360520600e+00,1.979589590146630940e+00
1.088435374079999640e+01,0.000000000000000000e+00,0.000000000000000000e+00
1.090702947775999831e+01,7.874312688966391693e-01,9.909182851925093516e-01
1.092970521471999845e+01,1.573076979360520600e+00,1.979589590146630940e+00
1.095238095167999859e+01,0.000000000000000000e+00,0.000000000000000000e+00
1.097505668863999695e+01,7.874312688966391693e-01,9.909182851925093516e-01
1.099773242559999709e+01,1.573076979360520600e+00,1.979589590146630940e+00
1.102040816255999722e+01,0.000000000000000000e+00,0.000000000000000000e+00
1.104308389951999736e+01,7.874312688966391693e-01,9.909182851925093516e-01
1.106575963647999750e+01,1.573076979360520600e+00,1.979589590146630940e+00
1.108843537343999763e+01,0.000000000000000000e+00,0.000000000000000000e+00
1.111111111039999777e+01,7.874312688966391693e-01,9.909182851925093516e-01
1.113378684735999791e+01,1.573076979360520600e+00,1.979589590146630940e+00
1.115646258431999804e+01,0.000000000000000000e+00,0.000000000000000000e+00
1.117913832127999640e+01,7.874312688966391693e-01,9.909182851925093516e-01
1.120181405823999654e+01,1.573076979360520600e+00,1.979589590146630940e+00
1.122448979519999845e+01,0.000000000000000000e+00,0.000000000000000000e+00
1.124716553215999859e+01,7.874312688966391693e-01,9.909182851925093516e-01
1.126984126911999695e+01,1.573076979360520600e+00,1.979589590146630940e+00
1.129251700607999709e+01,0.000000000000000000e+00,0.000000000000000000e+00
1.131519274303999723e+01,7.874312688966391693e-01,9.909182851925093516e-01
1.133786847999999736e+01,1.573076979360520600e+00,1.979589590146630940e+00
1.136054421695999750e+01,0.000000000000000000e+00,0.000000000000000000e+00
1.138321995391999764e+01,7.874312688966391693e-01,9.909182851925093516e-01
1.140589569087999777e+01,1.573076979360520600e+00,1.979589590146630940e+00
1.142857142783999791e+01,0.000000000000000000e+00,0.000000000000000000e+00
1.145124716479999805e+01,7.874312688966391693e-01,9.909182851925093516e-01
1.147392290175999641e+01,1.573076979360520600e+00,1.979589590146630940e+00
1.149659863871999654e+01,0.000000000000000000e+00,0.000000000000000000e+00
1.151927437567999668e+01,7.874312688966391693e-01,9.909182851925093516e-01
1.154195011263999859e+01,1.573076979360520600e+00,1.979589590146630940e+00
1.156462584959999873e+01,0.000000000000000000e+00,0.000000000000000000e+00
1.158730158655999709e+01,7.874312688966391693e-01,9.909182851925093516e-01
1.160997732351999723e+01,1.573076979360520600e+00,1.979589590146630940e+00
1.163265306047999736e+01,0.000000000000000000e+00,0.000000000000000000e+00
1.165532879743999750e+01,7.874312688966391693e-01,9.909182851925093516e-01
1.167800453439999586e+01,1.573076979360520600e+00,1.979589590146630940e+00
1.170068027135999777e+01,0.000000000000000000e+00,0.000000000000000000e+00
1.172335600831999791e+01,7.874312688966391693e-01,9.909182851925093516e-01
1.174603174527999805e+01,1.573076979360520600e+00,1.979589590146630940e+00
1.176870748223999819e+01,0.000000000000000000e+00,0.000000000000000000e+00
1.179138321919999655e+01,7.874312688966391693e-01,9.909182851925093516e-01
1.181405895615999668e+01,1.573076979360520600e+00,1.979589590146630940e+00
1.183673469311999682e+01,0.000000000000000000e+00,0.000000000000000000e+00
1.185941043007999873e+01,7.874312688966391693e-01,9.909182851925093516e-01
1.188208616703999709e+01,1.573076979360520600e+00,1.979589590146630940e+00
1.190476190399999723e+01,0.000000000000000000e+00,0.000000000000000000e+00
1.192743764095999737e+01,7.874312688966391693e-01,9.909182851925093516e-01
1.195011337791999750e+01,1.573076979360520600e+00,1.979589590146630940e+00
1.197278911487999764e+01,0.000000000000000000e+00,0.000000000000000000e+00
1.199546485183999600e+01,7.874312688966391693e-01,9.909182851925093516e-01
1.201814058879999791e+01,1.573076979360520600e+00,1.979589590146630940e+00
1.204081632575999805e+01,0.000000000000000000e+00,0.000000000000000000e+00
1.206349206271999819e+01,7.874312688966391693e-01,9.909182851925093516e-01
1.208616779967999655e+01,1.573076979360520600e+00,1.979589590146630940e+00
1.210884353663999669e+01,0.000000000000000000e+00,0.000000000000000000e+00
1.213151927359999682e+01,7.874312688966391693e-01,9.909182851925093516e-01
1.215419501055999696e+01,1.502153903302900773e+00,1.641195519074382325e+00
1.217687074751999887e+01,0.000000000000000000e+00,0.000000000000000000e+00
1.219954648447999723e+01,7.874312688966391693e-01,9.909182851925093516e-01
1.222222222143999737e+01,1.573076979360520600e+00,1.979589590146630940e+00
1.224489795839999751e+01,0.000000000000000000e+00,0.000000000000000000e+00
1.226757369535999764e+01,7.874312688966391693e-01,9.909182851925093516e-01
1.229024943231999600e+01,1.573076979360520600e+00,1.979589590146630940e+00
1.231292516927999614e+01,0.000000000000000000e+00,0.000000000000000000e+00
1.233560090623999805e+01,7.165081928390194532e-01,6.525242141202607371e-01
1.235827664319999819e+01,1.431391650546988803e+00,1.303568781496579287e+00
1.238095238015999833e+01,0.000000000000000000e+00,0.000000000000000000e+00
1.240362811711999669e+01,7.165081928390194532e-01,6.525242141202607371e-01
1.242630385407999682e+01,1.431391650546988803e+00,1.303568781496579287e+00
1.244897959103999696e+01,0.000000000000000000e+00,0.000000000000000000e+00
1.247165532799999710e+01,7.165081928390194532e-01,6.525242141202607371e-01
1.249433106495999724e+01,1.431391650546988803e+00,1.303568781496579287e+00
1.251700680191999737e+01,0.000000000000000000e+00,0.000000000000000000e+00
1.253968253887999751e+01,7.165081928390194532e-01,6.525242141202607371e-01
1.256235827583999765e+01,1.431391650546988803e+00,1.303568781496579287e+00
1.258503401279999778e+01,0.000000000000000000e+00,0.000000000000000000e+00
1.260770974975999614e+01,7.165081928390194532e-01,6.525242141202607371e-01
1.263038548671999628e+01,1.431391650546988803e+00,1.303568781496579287e+00
1.265306122367999819e+01,0.000000000000000000e+00,0.000000000000000000e+00
1.267573696063999833e+01,0.000000000000000000e+00,0.000000000000000000e+00
1.269841269759999669e+01,0.000000000000000000e+00,0.000000000000000000e+00
1.272108843455999683e+01,0.000000000000000000e+00,0.000000000000000000e+00
1.274376417151999696e+01,0.000000000000000000e+00,0.000000000000000000e+00
1.276643990847999710e+01,0.000000000000000000e+00,0.000000000000000000e+00
1.278911564543999724e+01,0.000000000000000000e+00,0.000000000000000000e+00
1.281179138239999737e+01,0.000000000000000000e+00,0.000000000000000000e+00
1.283446711935999751e+01,0.000000000000000000e+00,0.000000000000000000e+00
1.285714285631999765e+01,0.000000000000000000e+00,0.000000000000000000e+00
1.287981859327999778e+01,0.000000000000000000e+00,0.000000000000000000e+00
1.290249433023999615e+01,0.000000000000000000e+00,0.000000000000000000e+00
1.292517006719999628e+01,0.000000000000000000e+00,0.000000000000000000e+00
1.294784580415999642e+01,0.000000000000000000e+00,0.000000000000000000e+00
1.297052154111999833e+01,0.000000000000000000e+00,0.000000000000000000e+00
1.299319727807999847e+01,0.000000000000000000e+00,0.000000000000000000e+00
1.301587301503999683e+01,0.000000000000000000e+00,0.000000000000000000e+00
1.303854875199999697e+01,0.000000000000000000e+00,0.000000000000000000e+00
1.306122448895999710e+01,0.000000000000000000e+00,0.000000000000000000e+00
1.308390022591999724e+01,0.000000000000000000e+00,0.000000000000000000e+00
1.310657596287999560e+01,0.000000000000000000e+00,0.000000000000000000e+00
1.312925169983999751e+01,0.000000000000000000e+00,0.000000000000000000e+00
1.315192743679999765e+01,0.000000000000000000e+00,0.000000000000000000e+00
1.317460317375999779e+01,0.000000000000000000e+00,0.000000000000000000e+00
1.319727891071999792e+01,0.000000000000000000e+00,0.000000000000000000e+00
1.321995464767999628e+01,0.000000000000000000e+00,0.000000000000000000e+00
1.324263038463999642e+01,0.000000000000000000e+00,0.000000000000000000e+00
1.326530612159999656e+01,0.000000000000000000e+00,0.000000000000000000e+00
1.328798185855999847e+01,0.000000000000000000e+00,0.000000000000000000e+00
1.331065759551999683e+01,0.000000000000000000e+00,0.000000000000000000e+00
1.333333333247999697e+01,0.000000000000000000e+00,0.000000000000000000e+00
1.335600906943999711e+01,0.000000000000000000e+00,0.000000000000000000e+00
1.337868480639999724e+01,0.000000000000000000e+00,0.000000000000000000e+00
1.340136054335999738e+01,0.000000000000000000e+00,0.000000000000000000e+00
1.342403628031999574e+01,7.165081928390194532e-01,6.525242141202607371e-01
1.344671201727999765e+01,1.431391650546988803e+00,1.303568781496579287e+00
1.346938775423999779e+01,0.000000000000000000e+00,0.000000000000000000e+00
1.349206349119999793e+01,0.000000000000000000e+00,0.000000000000000000e+00
1.351473922815999629e+01,0.000000000000000000e+00,0.000000000000000000e+00
1.353741496511999642e+01,7.165081928390194532e-01,6.525242141202607371e-01
1.356009070207999656e+01,1.431391650546988803e+00,1.303568781496579287e+00
1.358276643903999670e+01,0.000000000000000000e+00,0.000000000000000000e+00
1.360544217599999861e+01,7.165081928390194532e-01,6.525242141202607371e-01
1.362811791295999697e+01,1.431391650546988803e+00,1.303568781496579287e+00
1.365079364991999711e+01,0.000000000000000000e+00,0.000000000000000000e+00
1.367346938687999724e+01,7.165081928390194532e-01,6.525242141202607371e-01
1.369614512383999738e+01,1.431391650546988803e+00,1.303568781496579287e+00
1.371882086079999574e+01,0.000000000000000000e+00,0.000000000000000000e+00
1.374149659775999588e+01,7.165081928390194532e-01,6.525242141202607371e-01
1.376417233471999779e+01,1.431391650546988803e+00,1.303568781496579287e+00
1.378684807167999793e+01,0.000000000000000000e+00,0.000000000000000000e+00
1.380952380863999807e+01,7.165081928390194532e-01,6.525242141202607371e-01
1.383219954559999643e+01,1.431391650546988803e+00,1.303568781496579287e+00
1.385487528255999656e+01,0.000000000000000000e+00,0.000000000000000000e+00
1.387755101951999670e+01,7.165081928390194532e-01,6.525242141202607371e-01
1.390022675647999684e+01,1.431391650546988803e+00,1.303568781496579287e+00
1.392290249343999697e+01,0.000000000000000000e+00,0.000000000000000000e+00
1.394557823039999711e+01,7.165081928390194532e-01,6.525242141202607371e-01
1.396825396735999725e+01,1.431391650546988803e+00,1.303568781496579287e+00
1.399092970431999738e+01,0.000000000000000000e+00,0.000000000000000000e+00
1.401360544127999752e+01,7.165081928390194532e-01,6.525242141202607371e-01
1.403628117823999588e+01,1.431391650546988803e+00,1.303568781496579287e+00
1.405895691519999602e+01,0.000000000000000000e+00,0.000000000000000000e+00
1.408163265215999793e+01,7.165081928390194532e-01,6.525242141202607371e-01
1.410430838911999807e+01,1.431391650546988803e+00,1.303568781496579287e+00
1.412698412607999643e+01,0.000000000000000000e+00,0.000000000000000000e+00
1.414965986303999657e+01,7.874312688966391693e-01,9.909182851925093516e-01
1.417233559999999670e+01,1.573076979360520600e+00,1.979589590146630940e+00
1.419501133695999684e+01,0.000000000000000000e+00,0.000000000000000000e+00
1.421768707391999698e+01,7.874312688966391693e-01,9.909182851925093516e-01
1.424036281087999711e+01,1.573076979360520600e+00,1.979589590146630940e+00
1.426303854783999725e+01,0.000000000000000000e+00,0.000000000000000000e+00
1.428571428479999739e+01,7.874312688966391693e-01,9.909182851925093516e-01
1.430839002175999752e+01,1.573076979360520600e+00,1.979589590146630940e+00
1.433106575871999588e+01,0.000000000000000000e+00,0.000000000000000000e+00
1.435374149567999602e+01,7.165081928390194532e-01,6.525242141202607371e-01
1.437641723263999616e+01,1.502314726604608408e+00,1.641962852568827902e+00
1.439909296959999807e+01,0.000000000000000000e+00,0.000000000000000000e+00
1.442176870655999821e+01,7.874312688966391693e-01,9.909182851925093516e-01
1.444444444351999657e+01,1.573076979360520600e+00,1.979589590146630940e+00
1.446712018047999671e+01,0.000000000000000000e+00,0.000000000000000000e+00
1.448979591743999684e+01,7.874312688966391693e-01,9.909182851925093516e-01
1.451247165439999698e+01,1.573076979360520600e+00,1.979589590146630940e+00
1.453514739135999534e+01,0.000000000000000000e+00,0.000000000000000000e+00
1.455782312831999725e+01,7.874312688966391693e-01,9.909182851925093516e-01
1.458049886527999739e+01,1.573076979360520600e+00,1.979589590146630940e+00
1.460317460223999753e+01,0.000000000000000000e+00,0.000000000000000000e+00
1.462585033919999766e+01,7.874312688966391693e-01,9.909182851925093516e-01
1.464852607615999602e+01,1.573076979360520600e+00,1.979589590146630940e+00
1.467120181311999616e+01,0.000000000000000000e+00,0.000000000000000000e+00
1.469387755007999630e+01,7.874312688966391693e-01,9.909182851925093516e-01
1.471655328703999821e+01,1.573076979360520600e+00,1.979589590146630940e+00
1.473922902399999657e+01,0.000000000000000000e+00,0.000000000000000000e+00
1.476190476095999671e+01,7.874312688966391693e-01,9.909182851925093516e-01
1.478458049791999684e+01,1.573076979360520600e+00,1.979589590146630940e+00
1.480725623487999698e+01,0.000000000000000000e+00,0.000000000000000000e+00
1.482993197183999712e+01,7.874312688966391693e-01,9.909182851925093516e-01
1.485260770879999548e+01,1.573076979360520600e+00,1.979589590146630940e+00
1.487528344575999739e+01,0.000000000000000000e+00,0.000000000000000000e+00
1.489795918271999753e+01,7.874312688966391693e-01,9.909182851925093516e-01
1.492063491967999767e+01,1.573076979360520600e+00,1.979589590146630940e+00
1.494331065663999603e+01,0.000000000000000000e+00,0.000000000000000000e+00
1.496598639359999616e+01,7.874312688966391693e-01,9.909182851925093516e-01
1.498866213055999630e+01,1.573076979360520600e+00,1.979589590146630940e+00
1.501133786751999644e+01,0.000000000000000000e+00,0.000000000000000000e+00
1.503401360447999835e+01,7.874312688966391693e-01,9.909182851925093516e-01
1.505668934143999671e+01,1.502153903302900773e+00,1.641195519074382325e+00
1.507936507839999685e+01,0.000000000000000000e+00,0.000000000000000000e+00
1.510204081535999698e+01,7.874312688966391693e-01,9.909182851925093516e-01
1.512471655231999712e+01,1.573076979360520600e+00,1.979589590146630940e+00
1.514739228927999548e+01,0.000000000000000000e+00,0.000000000000000000e+00
1.517006802623999562e+01,7.874312688966391693e-01,9.909182851925093516e-01
1.519274376319999753e+01,1.573076979360520600e+00,1.979589590146630940e+00
1.521541950015999767e+01,0.000000000000000000e+00,0.000000000000000000e+00
1.523809523711999780e+01,7.874312688966391693e-01,9.909182851925093516e-01
1.526077097407999617e+01,1.573076979360520600e+00,1.979589590146630940e+00
1.528344671103999630e+01,0.000000000000000000e+00,0.000000000000000000e+00
1.530612244799999644e+01,7.874312688966391693e-01,9.909182851925093516e-01
1.532879818495999658e+01,1.573076979360520600e+00,1.979589590146630940e+00
1.535147392191999671e+01,0.000000000000000000e+00,0.000000000000000000e+00
1.537414965887999685e+01,7.165081928390194532e-01,6.525242141202607371e-01
1.539682539583999699e+01,1.502314726604608408e+00,1.641962852568827902e+00
1.541950113279999712e+01,0.000000000000000000e+00,0.000000000000000000e+00
1.544217686975999726e+01,7.874312688966391693e-01,9.909182851925093516e-01
1.546485260671999562e+01,1.573076979360520600e+00,1.979589590146630940e+00
1.548752834367999576e+01,0.000000000000000000e+00,0.000000000000000000e+00
1.551020408063999767e+01,7.874312688966391693e-01,9.909182851925093516e-01
1.553287981759999781e+01,1.573076979360520600e+00,1.979589590146630940e+00
1.555555555455999617e+01,0.000000000000000000e+00,0.000000000000000000e+00
1.557823129151999630e+01,7.874312688966391693e-01,9.909182851925093516e-01
1.560090702847999644e+01,1.573076979360520600e+00,1.979589590146630940e+00
1.562358276543999658e+01,0.000000000000000000e+00,0.000000000000000000e+00
1.564625850239999671e+01,7.874312688966391693e-01,9.909182851925093516e-01
1.566893423935999508e+01,1.573076979360520600e+00,1.979589590146630940e+00
1.569160997631999521e+01,0.000000000000000000e+00,0.000000000000000000e+00
1.571428571327999535e+01,7.874312688966391693e-01,9.909182851925093516e-01
1.573696145023999549e+01,1.573076979360520600e+00,1.979589590146630940e+00
1.575963718719999740e+01,0.000000000000000000e+00,0.000000000000000000e+00
1.578231292415999754e+01,7.874312688966391693e-01,9.909182851925093516e-01
1.580498866111999767e+01,1.573076979360520600e+00,1.979589590146630940e+00
1.582766439807999781e+01,0.000000000000000000e+00,0.000000000000000000e+00
1.585034013503999795e+01,7.874312688966391693e-01,9.909182851925093516e-01
1.587301587199999631e+01,1.573076979360520600e+00,1.979589590146630940e+00
1.589569160895999644e+01,0.000000000000000000e+00,0.000000000000000000e+00
1.591836734591999658e+01,7.874312688966391693e-01,9.909182851925093516e-01
1.594104308287999672e+01,1.573076979360520600e+00,1.979589590146630940e+00
1.596371881983999508e+01,0.000000000000000000e+00,0.000000000000000000e+00
1.598639455679999521e+01,7.874312688966391693e-01,9.909182851925093516e-01
1.600907029375999713e+01,1.573076979360520600e+00,1.979589590146630940e+00
1.603174603071999371e+01,0.000000000000000000e+00,0.000000000000000000e+00
1.605442176767999385e+01,7.874312688966391693e-01,9.909182851925093516e-01
1.607709750463999754e+01,1.573076979360520600e+00,1.979589590146630940e+00
1.609977324159999768e+01,0.000000000000000000e+00,0.000000000000000000e+00
1.612244897855999781e+01,7.874312688966391693e-01,9.909182851925093516e-01
1.614512471551999795e+01,1.573076979360520600e+00,1.979589590146630940e+00
1.616780045247999809e+01,0.000000000000000000e+00,0.000000000000000000e+00
1.619047618943999822e+01,7.874312688966391693e-01,9.909182851925093516e-01
1.621315192639999836e+01,1.573076979360520600e+00,1.979589590146630940e+00
1.623582766335999494e+01,0.000000000000000000e+00,0.000000000000000000e+00
1.625850340031999508e+01,7.165081928390194532e-01,6.525242141202607371e-01
1.628117913727999522e+01,1.502314726604608408e+00,1.641962852568827902e+00
1.630385487423999535e+01,0.000000000000000000e+00,0.000000000000000000e+00
1.632653061119999549e+01,7.874312688966391693e-01,9.909182851925093516e-01
1.634920634815999563e+01,1.573076979360520600e+00,1.979589590146630940e+00
1.637188208511999576e+01,0.000000000000000000e+00,0.000000000000000000e+00
1.639455782207999945e+01,7.874312688966391693e-01,9.909182851925093516e-01
1.641723355903999604e+01,1.573076979360520600e+00,1.979589590146630940e+00
1.643990929599999617e+01,0.000000000000000000e+00,0.000000000000000000e+00
1.646258503295999631e+01,7.165081928390194532e-01,6.525242141202607371e-01
1.648526076991999645e+01,1.431391650546988803e+00,1.303568781496579287e+00
1.650793650687999659e+01,0.000000000000000000e+00,0.000000000000000000e+00
1.653061224383999672e+01,7.874312688966391693e-01,9.909182851925093516e-01
1.655328798079999686e+01,1.573076979360520600e+00,1.979589590146630940e+00
1.657596371775999700e+01,0.000000000000000000e+00,0.000000000000000000e+00
1.659863945471999713e+01,7.874312688966391693e-01,9.909182851925093516e-01
1.662131519167999727e+01,1.502153903302900773e+00,1.641195519074382325e+00
1.664399092863999385e+01,0.000000000000000000e+00,0.000000000000000000e+00
1.666666666559999399e+01,7.165081928390194532e-01,6.525242141202607371e-01
1.668934240255999413e+01,1.431391650546988803e+00,1.303568781496579287e+00
1.671201813951999782e+01,0.000000000000000000e+00,0.000000000000000000e+00
1.673469387647999795e+01,7.165081928390194532e-01,6.525242141202607371e-01
1.675736961343999809e+01,1.431391650546988803e+00,1.303568781496579287e+00
1.678004535039999823e+01,0.000000000000000000e+00,0.000000000000000000e+00
1.680272108735999836e+01,7.874312688966391693e-01,9.909182851925093516e-01
1.682539682431999850e+01,1.502153903302900773e+00,1.641195519074382325e+00
1.684807256127999509e+01,0.000000000000000000e+00,0.000000000000000000e+00
1.687074829823999522e+01,7.165081928390194532e-01,6.525242141202607371e-01
1.689342403519999536e+01,1.431391650546988803e+00,1.303568781496579287e+00
1.691609977215999550e+01,0.000000000000000000e+00,0.000000000000000000e+00
1.693877550911999563e+01,7.165081928390194532e-01,6.525242141202607371e-01
1.696145124607999577e+01,1.431391650546988803e+00,1.303568781496579287e+00
1.698412698303999591e+01,0.000000000000000000e+00,0.000000000000000000e+00
1.700680271999999604e+01,7.165081928390194532e-01,6.525242141202607371e-01
1.702947845695999618e+01,1.431391650546988803e+00,1.303568781496579287e+00
1.705215419391999632e+01,0.000000000000000000e+00,0.000000000000000000e+00
1.707482993087999645e+01,0.000000000000000000e+00,0.000000000000000000e+00
1.709750566783999659e+01,7.165081928390194532e-01,6.525242141202607371e-01
1.712018140479999673e+01,1.431391650546988803e+00,1.303568781496579287e+00
1.714285714175999686e+01,0.000000000000000000e+00,0.000000000000000000e+00
1.716553287871999700e+01,7.165081928390194532e-01,6.525242141202607371e-01
1.718820861567999714e+01,1.431391650546988803e+00,1.303568781496579287e+00
1.721088435263999727e+01,0.000000000000000000e+00,0.000000000000000000e+00
1.723356008959999741e+01,0.000000000000000000e+00,0.000000000000000000e+00
1.725623582655999400e+01,7.165081928390194532e-01,6.525242141202607371e-01
1.727891156351999413e+01,7.148834577079692387e-01,6.510445673763185503e-01
1.730158730047999427e+01,1.429770599622584459e+00,1.302092489960672950e+00
1.732426303743999441e+01,0.000000000000000000e+00,0.000000000000000000e+00
1.734693877439999810e+01,0.000000000000000000e+00,0.000000000000000000e+00
1.736961451135999823e+01,7.165081928390194532e-01,6.525242141202607371e-01
1.739229024831999837e+01,1.431391650546988803e+00,1.303568781496579287e+00
1.741496598527999851e+01,0.000000000000000000e+00,0.000000000000000000e+00
1.743764172223999509e+01,0.000000000000000000e+00,0.000000000000000000e+00
1.746031745919999523e+01,0.000000000000000000e+00,0.000000000000000000e+00
1.748299319615999536e+01,0.000000000000000000e+00,0.000000000000000000e+00
1.750566893311999550e+01,0.000000000000000000e+00,0.000000000000000000e+00
1.752834467007999564e+01,0.000000000000000000e+00,0.000000000000000000e+00
1.755102040703999577e+01,0.000000000000000000e+00,0.000000000000000000e+00
1.757369614399999591e+01,0.000000000000000000e+00,0.000000000000000000e+00
1.759637188095999605e+01,0.000000000000000000e+00,0.000000000000000000e+00
1.761904761791999618e+01,0.000000000000000000e+00,0.000000000000000000e+00
1.764172335487999632e+01,0.000000000000000000e+00,0.000000000000000000e+00
1.766439909183999646e+01,0.000000000000000000e+00,0.000000000000000000e+00
1.768707482879999660e+01,0.000000000000000000e+00,0.000000000000000000e+00
1.770975056575999673e+01,0.000000000000000000e+00,0.000000000000000000e+00
1.773242630271999687e+01,0.000000000000000000e+00,0.000000000000000000e+00
1.775510203967999701e+01,0.000000000000000000e+00,0.000000000000000000e+00
1.777777777663999714e+01,0.000000000000000000e+00,0.000000000000000000e+00
1.780045351359999728e+01,0.000000000000000000e+00,0.000000000000000000e+00
1.782312925055999742e+01,0.000000000000000000e+00,0.000000000000000000e+00
1.784580498751999755e+01,0.000000000000000000e+00,0.000000000000000000e+00
1.786848072447999414e+01,0.000000000000000000e+00,0.000000000000000000e+00
1.789115646143999427e+01,0.000000000000000000e+00,0.000000000000000000e+00
1.791383219839999441e+01,0.000000000000000000e+00,0.000000000000000000e+00
1.793650793535999455e+01,0.000000000000000000e+00,0.000000000000000000e+00
1.795918367231999468e+01,0.000000000000000000e+00,0.000000000000000000e+00
1.798185940927999837e+01,0.000000000000000000e+00,0.000000000000000000e+00
1.800453514623999851e+01,0.000000000000000000e+00,0.000000000000000000e+00
1.802721088319999865e+01,0.000000000000000000e+00,0.000000000000000000e+00
1.804988662015999523e+01,0.000000000000000000e+00,0.000000000000000000e+00
1.807256235711999537e+01,0.000000000000000000e+00,0.000000000000000000e+00
1.809523809407999551e+01,0.000000000000000000e+00,0.000000000000000000e+00
1.811791383103999564e+01,0.000000000000000000e+00,0.000000000000000000e+00
1.814058956799999578e+01,0.000000000000000000e+00,0.000000000000000000e+00
1.816326530495999592e+01,0.000000000000000000e+00,0.000000000000000000e+00
1.818594104191999605e+01,0.000000000000000000e+00,0.000000000000000000e+00
1.820861677887999619e+01,7.165081928390194532e-01,6.525242141202607371e-01
1.823129251583999633e+01,1.431391650546988803e+00,1.303568781496579287e+00
1.825396825279999646e+01,0.000000000000000000e+00,0.000000000000000000e+00
1.827664398975999305e+01,0.000000000000000000e+00,0.000000000000000000e+00
1.829931972671999674e+01,7.165081928390194532e-01,6.525242141202607371e-01
1.832199546367999687e+01,1.431391650546988803e+00,1.303568781496579287e+00
1.834467120063999701e+01,0.000000000000000000e+00,0.000000000000000000e+00
1.836734693759999715e+01,7.165081928390194532e-01,6.525242141202607371e-01
1.839002267455999728e+01,1.431391650546988803e+00,1.303568781496579287e+00
1.841269841151999742e+01,0.000000000000000000e+00,0.000000000000000000e+00
1.843537414847999756e+01,0.000000000000000000e+00,0.000000000000000000e+00
1.845804988543999769e+01,7.165081928390194532e-01,6.525242141202607371e-01
1.848072562239999428e+01,1.431391650546988803e+00,1.303568781496579287e+00
1.850340135935999442e+01,0.000000000000000000e+00,0.000000000000000000e+00
1.852607709631999455e+01,7.165081928390194532e-01,6.525242141202607371e-01
1.854875283327999469e+01,1.431391650546988803e+00,1.303568781496579287e+00
1.857142857023999483e+01,0.000000000000000000e+00,0.000000000000000000e+00
1.859410430719999496e+01,7.165081928390194532e-01,6.525242141202607371e-01
1.861678004415999865e+01,1.431391650546988803e+00,1.303568781496579287e+00
1.863945578111999879e+01,0.000000000000000000e+00,0.000000000000000000e+00
1.866213151807999537e+01,7.165081928390194532e-01,6.525242141202607371e-01
1.868480725503999551e+01,1.431391650546988803e+00,1.303568781496579287e+00
1.870748299199999565e+01,0.000000000000000000e+00,0.000000000000000000e+00
1.873015872895999578e+01,7.874312688966391693e-01,9.909182851925093516e-01
1.875283446591999592e+01,1.573076979360520600e+00,1.979589590146630940e+00
1.877551020287999606e+01,0.000000000000000000e+00,0.000000000000000000e+00
1.879818593983999619e+01,7.165081928390194532e-01,6.525242141202607371e-01
1.882086167679999633e+01,1.431391650546988803e+00,1.303568781496579287e+00
1.884353741375999647e+01,0.000000000000000000e+00,0.000000000000000000e+00
1.886621315071999661e+01,7.165081928390194532e-01,6.525242141202607371e-01
1.888888888767999319e+01,1.431391650546988803e+00,1.303568781496579287e+00
1.891156462463999333e+01,0.000000000000000000e+00,0.000000000000000000e+00
1.893424036159999702e+01,7.874312688966391693e-01,9.909182851925093516e-01
1.895691609855999715e+01,1.502153903302900773e+00,1.641195519074382325e+00
1.897959183551999729e+01,0.000000000000000000e+00,0.000000000000000000e+00
1.900226757247999743e+01,7.874312688966391693e-01,9.909182851925093516e-01
1.902494330943999756e+01,1.573076979360520600e+00,1.979589590146630940e+00
1.904761904639999770e+01,0.000000000000000000e+00,0.000000000000000000e+00
1.907029478335999428e+01,7.874312688966391693e-01,9.909182851925093516e-01
1.909297052031999442e+01,1.573076979360520600e+00,1.979589590146630940e+00
1.911564625727999456e+01,0.000000000000000000e+00,0.000000000000000000e+00
1.913832199423999469e+01,7.874312688966391693e-01,9.909182851925093516e-01
1.916099773119999483e+01,1.573076979360520600e+00,1.979589590146630940e+00
1.918367346815999497e+01,0.000000000000000000e+00,0.000000000000000000e+00
1.920634920511999510e+01,7.874312688966391693e-01,9.909182851925093516e-01
1.922902494207999524e+01,1.573076979360520600e+00,1.979589590146630940e+00
1.925170067903999893e+01,0.000000000000000000e+00,0.000000000000000000e+00
1.927437641599999552e+01,7.874312688966391693e-01,9.909182851925093516e-01
1.929705215295999565e+01,1.573076979360520600e+00,1.979589590146630940e+00
1.931972788991999579e+01,0.000000000000000000e+00,0.000000000000000000e+00
1.934240362687999593e+01,7.874312688966391693e-01,9.909182851925093516e-01
1.936507936383999606e+01,1.573076979360520600e+00,1.979589590146630940e+00
1.938775510079999620e+01,0.000000000000000000e+00,0.000000000000000000e+00
1.941043083775999634e+01,7.874312688966391693e-01,9.909182851925093516e-01
1.943310657471999647e+01,1.573076979360520600e+00,1.979589590146630940e+00
1.945578231167999661e+01,0.000000000000000000e+00,0.000000000000000000e+00
1.947845804863999675e+01,7.874312688966391693e-01,9.909182851925093516e-01
1.950113378559999333e+01,1.573076979360520600e+00,1.979589590146630940e+00
1.952380952255999347e+01,0.000000000000000000e+00,0.000000000000000000e+00
1.954648525951999360e+01,7.874312688966391693e-01,9.909182851925093516e-01
1.956916099647999729e+01,1.573076979360520600e+00,1.979589590146630940e+00
1.959183673343999743e+01,0.000000000000000000e+00,0.000000000000000000e+00
1.961451247039999757e+01,7.874312688966391693e-01,9.909182851925093516e-01
1.963718820735999770e+01,1.573076979360520600e+00,1.979589590146630940e+00
1.965986394431999784e+01,0.000000000000000000e+00,0.000000000000000000e+00
1.968253968127999443e+01,7.874312688966391693e-01,9.909182851925093516e-01
1.970521541823999456e+01,1.573076979360520600e+00,1.979589590146630940e+00
1.972789115519999470e+01,0.000000000000000000e+00,0.000000000000000000e+00
1.975056689215999484e+01,7.874312688966391693e-01,9.909182851925093516e-01
1.977324262911999497e+01,1.573076979360520600e+00,1.979589590146630940e+00
1.979591836607999511e+01,0.000000000000000000e+00,0.000000000000000000e+00
1.981859410303999525e+01,7.874312688966391693e-01,9.909182851925093516e-01
1.984126983999999538e+01,1.573076979360520600e+00,1.979589590146630940e+00
1.986394557695999552e+01,0.000000000000000000e+00,0.000000000000000000e+00
1.988662131391999566e+01,7.874312688966391693e-01,9.909182851925093516e-01
1.990929705087999579e+01,1.573076979360520600e+00,1.979589590146630940e+00
1.993197278783999593e+01,0.000000000000000000e+00,0.000000000000000000e+00
1.995464852479999607e+01,7.874312688966391693e-01,9.909182851925093516e-01
1.997732426175999620e+01,1.573076979360520600e+00,1.979589590146630940e+00
1.999999999871999634e+01,0.000000000000000000e+00,0.000000000000000000e+00
2.002267573567999648e+01,7.874312688966391693e-01,9.909182851925093516e-01
2.004535147263999662e+01,1.573076979360520600e+00,1.979589590146630940e+00
2.006802720959999675e+01,0.000000000000000000e+00,0.000000000000000000e+00
2.009070294655999334e+01,7.874312688966391693e-01,9.909182851925093516e-01
2.011337868351999347e+01,1.573076979360520600e+00,1.979589590146630940e+00
2.013605442047999361e+01,0.000000000000000000e+00,0.000000000000000000e+00
2.015873015743999375e+01,7.874312688966391693e-01,9.909182851925093516e-01
2.018140589439999388e+01,1.573076979360520600e+00,1.979589590146630940e+00
2.020408163135999757e+01,0.000000000000000000e+00,0.000000000000000000e+00
2.022675736831999771e+01,7.874312688966391693e-01,9.909182851925093516e-01
2.024943310527999785e+01,1.573076979360520600e+00,1.979589590146630940e+00
2.027210884223999798e+01,0.000000000000000000e+00,0.000000000000000000e+00
2.029478457919999457e+01,7.874312688966391693e-01,9.909182851925093516e-01
2.031746031615999470e+01,1.573076979360520600e+00,1.979589590146630940e+00
2.034013605311999484e+01,0.000000000000000000e+00,0.000000000000000000e+00
2.036281179007999498e+01,7.874312688966391693e-01,9.909182851925093516e-01
2.038548752703999511e+01,1.573076979360520600e+00,1.979589590146630940e+00
2.040816326399999525e+01,0.000000000000000000e+00,0.000000000000000000e+00
2.043083900095999539e+01,7.874312688966391693e-01,9.909182851925093516e-01
2.045351473791999553e+01,1.573076979360520600e+00,1.979589590146630940e+00
2.047619047487999566e+01,0.000000000000000000e+00,0.000000000000000000e+00
2.049886621183999580e+01,7.874312688966391693e-01,9.909182851925093516e-01
2.052154194879999594e+01,1.573076979360520600e+00,1.979589590146630940e+00
2.054421768575999607e+01,0.000000000000000000e+00,0.000000000000000000e+00
2.056689342271999621e+01,7.874312688966391693e-01,9.909182851925093516e-01
2.058956915967999635e+01,1.573076979360520600e+00,1.979589590146630940e+00
2.061224489663999648e+01,0.000000000000000000e+00,0.000000000000000000e+00
2.063492063359999662e+01,7.874312688966391693e-01,9.909182851925093516e-01
2.065759637055999676e+01,1.573076979360520600e+00,1.979589590146630940e+00
2.068027210751999689e+01,0.000000000000000000e+00,0.000000000000000000e+00
2.070294784447999348e+01,7.874312688966391693e-01,9.909182851925093516e-01
2.072562358143999361e+01,1.573076979360520600e+00,1.979589590146630940e+00
2.074829931839999375e+01,0.000000000000000000e+00,0.000000000000000000e+00
2.077097505535999389e+01,7.874312688966391693e-01,9.909182851925093516e-01
2.079365079231999403e+01,1.573076979360520600e+00,1.979589590146630940e+00
2.081632652927999416e+01,0.000000000000000000e+00,0.000000000000000000e+00
2.083900226623999785e+01,7.874312688966391693e-01,9.909182851925093516e-01
2.086167800319999799e+01,1.573076979360520600e+00,1.979589590146630940e+00
2.088435374015999813e+01,0.000000000000000000e+00,0.000000000000000000e+00
2.090702947711999471e+01,7.874312688966391693e-01,9.909182851925093516e-01
2.092970521407999485e+01,1.573076979360520600e+00,1.979589590146630940e+00
2.095238095103999498e+01,0.000000000000000000e+00,0.000000000000000000e+00
2.097505668799999512e+01,7.874312688966391693e-01,9.909182851925093516e-01
2.099773242495999526e+01,1.573076979360520600e+00,1.979589590146630940e+00
2.102040816191999539e+01,0.000000000000000000e+00,0.000000000000000000e+00
2.104308389887999553e+01,7.874312688966391693e-01,9.909182851925093516e-01
2.106575963583999567e+01,1.573076979360520600e+00,1.979589590146630940e+00
2.108843537279999580e+01,0.000000000000000000e+00,0.000000000000000000e+00
2.111111110975999594e+01,7.874312688966391693e-01,9.909182851925093516e-01
2.113378684671999252e+01,1.573076979360520600e+00,1.979589590146630940e+00
2.115646258367999621e+01,0.000000000000000000e+00,0.000000000000000000e+00
2.117913832063999635e+01,7.874312688966391693e-01,9.909182851925093516e-01
2.120181405759999649e+01,1.573076979360520600e+00,1.979589590146630940e+00
2.122448979455999662e+01,0.000000000000000000e+00,0.000000000000000000e+00
2.124716553151999676e+01,7.874312688966391693e-01,9.909182851925093516e-01
2.126984126847999690e+01,1.573076979360520600e+00,1.979589590146630940e+00
2.129251700543999704e+01,0.000000000000000000e+00,0.000000000000000000e+00
2.131519274239999362e+01,7.874312688966391693e-01,9.909182851925093516e-01
2.133786847935999376e+01,1.573076979360520600e+00,1.979589590146630940e+00
2.136054421631999389e+01,0.000000000000000000e+00,0.000000000000000000e+00
2.138321995327999403e+01,7.874312688966391693e-01,9.909182851925093516e-01
2.140589569023999417e+01,1.573076979360520600e+00,1.979589590146630940e+00
2.142857142719999430e+01,0.000000000000000000e+00,0.000000000000000000e+00
2.145124716415999444e+01,7.874312688966391693e-01,9.909182851925093516e-01
2.147392290111999813e+01,1.573076979360520600e+00,1.979589590146630940e+00
2.149659863807999827e+01,0.000000000000000000e+00,0.000000000000000000e+00
2.151927437503999485e+01,7.874312688966391693e-01,9.909182851925093516e-01
2.154195011199999499e+01,1.573076979360520600e+00,1.979589590146630940e+00
2.156462584895999512e+01,0.000000000000000000e+00,0.000000000000000000e+00
2.158730158591999526e+01,7.874312688966391693e-01,9.909182851925093516e-01
2.160997732287999540e+01,1.573076979360520600e+00,1.979589590146630940e+00
2.163265305983999554e+01,0.000000000000000000e+00,0.000000000000000000e+00
2.165532879679999567e+01,7.874312688966391693e-01,9.909182851925093516e-01
2.167800453375999581e+01,1.573076979360520600e+00,1.979589590146630940e+00
2.170068027071999595e+01,0.000000000000000000e+00,0.000000000000000000e+00
2.172335600767999253e+01,7.874312688966391693e-01,9.909182851925093516e-01
2.174603174463999267e+01,1.573076979360520600e+00,1.979589590146630940e+00
2.176870748159999280e+01,0.000000000000000000e+00,0.000000000000000000e+00
2.179138321855999649e+01,7.874312688966391693e-01,9.909182851925093516e-01
2.181405895551999663e+01,1.502153903302900773e+00,1.641195519074382325e+00
2.183673469247999677e+01,0.000000000000000000e+00,0.000000000000000000e+00
2.185941042943999690e+01,7.874312688966391693e-01,9.909182851925093516e-01
2.188208616639999704e+01,1.573076979360520600e+00,1.979589590146630940e+00
2.190476190335999718e+01,0.000000000000000000e+00,0.000000000000000000e+00
2.192743764031999376e+01,7.165081928390194532e-01,6.525242141202607371e-01
2.195011337727999390e+01,1.502314726604608408e+00,1.641962852568827902e+00
2.197278911423999403e+01,0.000000000000000000e+00,0.000000000000000000e+00
2.199546485119999417e+01,7.874312688966391693e-01,9.909182851925093516e-01
2.201814058815999431e+01,1.502153903302900773e+00,1.641195519074382325e+00
2.204081632511999445e+01,0.000000000000000000e+00,0.000000000000000000e+00
2.206349206207999458e+01,7.874312688966391693e-01,9.909182851925093516e-01
2.208616779903999472e+01,1.502153903302900773e+00,1.641195519074382325e+00
2.210884353599999841e+01,0.000000000000000000e+00,0.000000000000000000e+00
2.213151927295999499e+01,7.165081928390194532e-01,6.525242141202607371e-01
2.215419500991999513e+01,1.431391650546988803e+00,1.303568781496579287e+00
2.217687074687999527e+01,0.000000000000000000e+00,0.000000000000000000e+00
2.219954648383999540e+01,7.165081928390194532e-01,6.525242141202607371e-01
2.222222222079999554e+01,1.431391650546988803e+00,1.303568781496579287e+00
2.224489795775999568e+01,0.000000000000000000e+00,0.000000000000000000e+00
2.226757369471999581e+01,7.165081928390194532e-01,6.525242141202607371e-01
2.229024943167999595e+01,1.431391650546988803e+00,1.303568781496579287e+00
2.231292516863999609e+01,0.000000000000000000e+00,0.000000000000000000e+00
2.233560090559999267e+01,7.165081928390194532e-01,6.525242141202607371e-01
2.235827664255999281e+01,1.431391650546988803e+00,1.303568781496579287e+00
2.238095237951999295e+01,0.000000000000000000e+00,0.000000000000000000e+00
2.240362811647999308e+01,0.000000000000000000e+00,0.000000000000000000e+00
2.242630385343999677e+01,7.165081928390194532e-01,6.525242141202607371e-01
2.244897959039999691e+01,1.431391650546988803e+00,1.303568781496579287e+00
2.247165532735999705e+01,0.000000000000000000e+00,0.000000000000000000e+00
2.249433106431999718e+01,7.165081928390194532e-01,6.525242141202607371e-01
2.251700680127999732e+01,1.431391650546988803e+00,1.303568781496579287e+00
2.253968253823999390e+01,0.000000000000000000e+00,0.000000000000000000e+00
2.256235827519999404e+01,7.165081928390194532e-01,6.525242141202607371e-01
2.258503401215999418e+01,7.148834577079692387e-01,6.510445673763185503e-01
2.260770974911999431e+01,1.429770599622584459e+00,1.302092489960672950e+00
2.263038548607999445e+01,0.000000000000000000e+00,0.000000000000000000e+00
2.265306122303999459e+01,0.000000000000000000e+00,0.000000000000000000e+00
2.267573695999999472e+01,7.165081928390194532e-01,6.525242141202607371e-01
2.269841269695999486e+01,7.148834577079692387e-01,6.510445673763185503e-01
2.272108843391999500e+01,7.132624067835651172e-01,6.495682758404123236e-01
2.274376417087999513e+01,7.116450317115970980e-01,6.480953319043605276e-01
2.276643990783999527e+01,7.100313241567988154e-01,6.466257279772338329e-01
2.278911564479999541e+01,7.084212758028048951e-01,6.451594564853158076e-01
2.281179138175999555e+01,7.068148783521077672e-01,6.436965098720640599e-01
2.283446711871999568e+01,7.052121235260151444e-01,6.422368805980711581e-01
2.285714285567999582e+01,7.036130030646072786e-01,6.407805611410258839e-01
2.287981859263999596e+01,7.020175087266944391e-01,6.393275439956743744e-01
2.290249432959999609e+01,7.004256322897743914e-01,6.378778216737814866e-01
2.292517006655999623e+01,6.988373655499899861e-01,6.364313867040922723e-01
2.294784580351999281e+01,6.972527003220869712e-01,6.349882316322933429e-01
2.297052154047999295e+01,6.956716284393716920e-01,6.335483490209744550e-01
2.299319727743999309e+01,6.940941417536691249e-01,6.321117314495903194e-01
2.301587301439999322e+01,6.925202321352807999e-01,6.306783715144222979e-01
2.303854875135999336e+01,6.909498914729430563e-01,6.292482618285401008e-01
2.306122448831999705e+01,6.893831116737849651e-01,6.278213950217640393e-01
2.308390022527999719e+01,6.878198846632869179e-01,6.263977637406267229e-01
2.310657596223999732e+01,6.862602023852387712e-01,6.249773606483353117e-01
2.312925169919999746e+01,6.847040568016984352e-01,6.235601784247336576e-01
2.315192743615999404e+01,6.831514398929504628e-01,6.221462097662646684e-01
2.317460317311999418e+01,6.816023436574647487e-01,6.207354473859326704e-01
2.319727891007999432e+01,6.800567601118551186e-01,6.193278840132655505e-01
2.321995464703999446e+01,6.785146812908385838e-01,6.179235123942777852e-01
2.324263038399999459e+01,6.769760992471937078e-01,6.165223252914325824e-01
2.326530612095999473e+01,6.754410060517200831e-01,6.151243154836050220e-01
2.328798185791999487e+01,6.739093937931974754e-01,6.137294757660444189e-01
2.331065759487999500e+01,6.723812545783447447e-01,6.123377989503374641e-01
2.333333333183999514e+01,6.708565805317794339e-01,6.109492778643711430e-01
2.335600906879999172e+01,1.385843556634996698e+00,1.262088119472556613e+00
2.337868480575999186e+01,0.000000000000000000e+00,0.000000000000000000e+00
2.340136054271999555e+01,0.000000000000000000e+00,0.000000000000000000e+00
2.342403627967999569e+01,7.165081928390194532e-01,6.525242141202607371e-01
2.344671201663999582e+01,7.148834577079692387e-01,6.510445673763185503e-01
2.346938775359999596e+01,1.429770599622584459e+00,1.302092489960672950e+00
2.349206349055999610e+01,0.000000000000000000e+00,0.000000000000000000e+00
2.351473922751999623e+01,7.165081928390194532e-01,6.525242141202607371e-01
2.353741496447999637e+01,1.431391650546988803e+00,1.303568781496579287e+00
2.356009070143999296e+01,0.000000000000000000e+00,0.000000000000000000e+00
2.358276643839999309e+01,7.165081928390194532e-01,6.525242141202607371e-01
2.360544217535999323e+01,1.431391650546988803e+00,1.303568781496579287e+00
2.362811791231999337e+01,0.000000000000000000e+00,0.000000000000000000e+00
2.365079364927999350e+01,7.165081928390194532e-01,6.525242141202607371e-01
2.367346938623999364e+01,1.431391650546988803e+00,1.303568781496579287e+00
2.369614512319999378e+01,0.000000000000000000e+00,0.000000000000000000e+00
2.371882086015999747e+01,7.165081928390194532e-01,6.525242141202607371e-01
2.374149659711999760e+01,1.431391650546988803e+00,1.303568781496579287e+00
2.376417233407999419e+01,0.000000000000000000e+00,0.000000000000000000e+00
2.378684807103999432e+01,7.165081928390194532e-01,6.525242141202607371e-01
2.380952380799999446e+01,1.431391650546988803e+00,1.303568781496579287e+00
2.383219954495999460e+01,0.000000000000000000e+00,0.000000000000000000e+00
2.385487528191999473e+01,7.165081928390194532e-01,6.525242141202607371e-01
2.387755101887999487e+01,1.502314726604608408e+00,1.641962852568827902e+00
2.390022675583999501e+01,0.000000000000000000e+00,0.000000000000000000e+00
2.392290249279999514e+01,7.165081928390194532e-01,6.525242141202607371e-01
2.394557822975999528e+01,1.431391650546988803e+00,1.303568781496579287e+00
2.396825396671999187e+01,0.000000000000000000e+00,0.000000000000000000e+00
2.399092970367999200e+01,7.165081928390194532e-01,6.525242141202607371e-01
2.401360544063999214e+01,1.431391650546988803e+00,1.303568781496579287e+00
2.403628117759999583e+01,0.000000000000000000e+00,0.000000000000000000e+00
2.405895691455999597e+01,7.874312688966391693e-01,9.909182851925093516e-01
2.408163265151999610e+01,1.573076979360520600e+00,1.979589590146630940e+00
2.410430838847999624e+01,0.000000000000000000e+00,0.000000000000000000e+00
2.412698412543999638e+01,7.874312688966391693e-01,9.909182851925093516e-01
2.414965986239999651e+01,1.573076979360520600e+00,1.979589590146630940e+00
2.417233559935999310e+01,0.000000000000000000e+00,0.000000000000000000e+00
2.419501133631999323e+01,7.874312688966391693e-01,9.909182851925093516e-01
2.421768707327999337e+01,1.573076979360520600e+00,1.979589590146630940e+00
2.424036281023999351e+01,0.000000000000000000e+00,0.000000000000000000e+00
2.426303854719999364e+01,7.874312688966391693e-01,9.909182851925093516e-01
2.428571428415999378e+01,1.573076979360520600e+00,1.979589590146630940e+00
2.430839002111999392e+01,0.000000000000000000e+00,0.000000000000000000e+00
2.433106575807999405e+01,7.874312688966391693e-01,9.909182851925093516e-01
2.435374149503999774e+01,1.573076979360520600e+00,1.979589590146630940e+00
2.437641723199999433e+01,0.000000000000000000e+00,0.000000000000000000e+00
2.439909296895999447e+01,7.874312688966391693e-01,9.909182851925093516e-01
2.442176870591999460e+01,1.573076979360520600e+00,1.979589590146630940e+00
2.444444444287999474e+01,0.000000000000000000e+00,0.000000000000000000e+00
2.446712017983999488e+01,7.874312688966391693e-01,9.909182851925093516e-01
2.448979591679999501e+01,1.573076979360520600e+00,1.979589590146630940e+00
2.451247165375999515e+01,0.000000000000000000e+00,0.000000000000000000e+00
2.453514739071999529e+01,7.874312688966391693e-01,9.909182851925093516e-01
2.455782312767999542e+01,1.573076979360520600e+00,1.979589590146630940e+00
2.458049886463999201e+01,0.000000000000000000e+00,0.000000000000000000e+00
2.460317460159999214e+01,7.874312688966391693e-01,9.909182851925093516e-01
2.462585033855999228e+01,1.573076979360520600e+00,1.979589590146630940e+00
2.464852607551999242e+01,0.000000000000000000e+00,0.000000000000000000e+00
2.467120181247999611e+01,7.874312688966391693e-01,9.909182851925093516e-01
2.469387754943999624e+01,1.573076979360520600e+00,1.979589590146630940e+00
2.471655328639999638e+01,0.000000000000000000e+00,0.000000000000000000e+00
2.473922902335999652e+01,7.874312688966391693e-01,9.909182851925093516e-01
2.476190476031999665e+01,1.573076979360520600e+00,1.979589590146630940e+00
2.478458049727999324e+01,0.000000000000000000e+00,0.000000000000000000e+00
2.480725623423999338e+01,7.874312688966391693e-01,9.909182851925093516e-01
2.482993197119999351e+01,1.573076979360520600e+00,1.979589590146630940e+00
2.485260770815999365e+01,0.000000000000000000e+00,0.000000000000000000e+00
2.487528344511999379e+01,7.874312688966391693e-01,9.909182851925093516e-01
2.489795918207999392e+01,1.573076979360520600e+00,1.979589590146630940e+00
2.492063491903999406e+01,0.000000000000000000e+00,0.000000000000000000e+00
2.494331065599999420e+01,7.874312688966391693e-01,9.909182851925093516e-01
2.496598639295999433e+01,1.573076979360520600e+00,1.979589590146630940e+00
2.498866212991999447e+01,0.000000000000000000e+00,0.000000000000000000e+00
2.501133786687999461e+01,7.874312688966391693e-01,9.909182851925093516e-01
2.503401360383999474e+01,1.573076979360520600e+00,1.979589590146630940e+00
2.505668934079999488e+01,0.000000000000000000e+00,0.000000000000000000e+00
2.507936507775999502e+01,7.874312688966391693e-01,9.909182851925093516e-01
2.510204081471999515e+01,1.573076979360520600e+00,1.979589590146630940e+00
2.512471655167999529e+01,0.000000000000000000e+00,0.000000000000000000e+00
2.514739228863999543e+01,7.874312688966391693e-01,9.909182851925093516e-01
2.517006802559999556e+01,1.573076979360520600e+00,1.979589590146630940e+00
2.519274376255999215e+01,0.000000000000000000e+00,0.000000000000000000e+00
2.521541949951999229e+01,7.874312688966391693e-01,9.909182851925093516e-01
2.523809523647999242e+01,1.573076979360520600e+00,1.979589590146630940e+00
2.526077097343999256e+01,0.000000000000000000e+00,0.000000000000000000e+00
2.528344671039999270e+01,7.874312688966391693e-01,9.909182851925093516e-01
2.530612244735999639e+01,1.573076979360520600e+00,1.979589590146630940e+00
2.532879818431999652e+01,0.000000000000000000e+00,0.000000000000000000e+00
2.535147392127999666e+01,7.874312688966391693e-01,9.909182851925093516e-01
2.537414965823999680e+01,1.573076979360520600e+00,1.979589590146630940e+00
2.539682539519999338e+01,0.000000000000000000e+00,0.000000000000000000e+00
2.541950113215999352e+01,7.874312688966391693e-01,9.909182851925093516e-01
2.544217686911999365e+01,1.573076979360520600e+00,1.979589590146630940e+00
2.546485260607999379e+01,0.000000000000000000e+00,0.000000000000000000e+00
2.548752834303999393e+01,7.874312688966391693e-01,9.909182851925093516e-01
2.551020407999999406e+01,1.573076979360520600e+00,1.979589590146630940e+00
2.553287981695999420e+01,0.000000000000000000e+00,0.000000000000000000e+00
2.555555555391999434e+01,7.874312688966391693e-01,9.909182851925093516e-01
2.557823129087999448e+01,1.573076979360520600e+00,1.979589590146630940e+00
2.560090702783999106e+01,0.000000000000000000e+00,0.000000000000000000e+00
2.562358276479999475e+01,7.874312688966391693e-01,9.909182851925093516e-01
2.564625850175999489e+01,1.573076979360520600e+00,1.979589590146630940e+00
2.566893423871999502e+01,0.000000000000000000e+00,0.000000000000000000e+00
2.569160997567999516e+01,7.874312688966391693e-01,9.909182851925093516e-01
2.571428571263999530e+01,1.573076979360520600e+00,1.979589590146630940e+00
2.573696144959999543e+01,0.000000000000000000e+00,0.000000000000000000e+00
2.575963718655999557e+01,7.874312688966391693e-01,9.909182851925093516e-01
2.578231292351999571e+01,1.573076979360520600e+00,1.979589590146630940e+00
2.580498866047999229e+01,0.000000000000000000e+00,0.000000000000000000e+00
2.582766439743999243e+01,7.874312688966391693e-01,9.909182851925093516e-01
2.585034013439999256e+01,1.573076979360520600e+00,1.979589590146630940e+00
2.587301587135999270e+01,0.000000000000000000e+00,0.000000000000000000e+00
2.589569160831999284e+01,7.874312688966391693e-01,9.909182851925093516e-01
2.591836734527999297e+01,1.573076979360520600e+00,1.979589590146630940e+00
2.594104308223999666e+01,0.000000000000000000e+00,0.000000000000000000e+00
2.596371881919999680e+01,7.874312688966391693e-01,9.909182851925093516e-01
2.598639455615999694e+01,1.573076979360520600e+00,1.979589590146630940e+00
2.600907029311999352e+01,0.000000000000000000e+00,0.000000000000000000e+00
2.603174603007999366e+01,7.874312688966391693e-01,9.909182851925093516e-01
2.605442176703999380e+01,1.573076979360520600e+00,1.979589590146630940e+00
2.607709750399999393e+01,0.000000000000000000e+00,0.000000000000000000e+00
2.609977324095999407e+01,7.874312688966391693e-01,9.909182851925093516e-01
2.612244897791999421e+01,1.573076979360520600e+00,1.979589590146630940e+00
2.614512471487999434e+01,0.000000000000000000e+00,0.000000000000000000e+00
2.616780045183999448e+01,7.874312688966391693e-01,9.909182851925093516e-01
2.619047618879999462e+01,1.573076979360520600e+00,1.979589590146630940e+00
2.621315192575999120e+01,0.000000000000000000e+00,0.000000000000000000e+00
2.623582766271999134e+01,7.874312688966391693e-01,9.909182851925093516e-01
2.625850339967999503e+01,1.573076979360520600e+00,1.979589590146630940e+00
2.628117913663999516e+01,0.000000000000000000e+00,0.000000000000000000e+00
2.630385487359999530e+01,7.874312688966391693e-01,9.909182851925093516e-01
2.632653061055999544e+01,1.573076979360520600e+00,1.979589590146630940e+00
2.634920634751999557e+01,0.000000000000000000e+00,0.000000000000000000e+00
2.637188208447999571e+01,7.874312688966391693e-01,9.909182851925093516e-01
2.639455782143999585e+01,1.573076979360520600e+00,1.979589590146630940e+00
2.641723355839999243e+01,0.000000000000000000e+00,0.000000000000000000e+00
2.643990929535999257e+01,7.874312688966391693e-01,9.909182851925093516e-01
2.646258503231999271e+01,1.573076979360520600e+00,1.979589590146630940e+00
2.648526076927999284e+01,0.000000000000000000e+00,0.000000000000000000e+00
2.650793650623999298e+01,7.874312688966391693e-01,9.909182851925093516e-01
2.653061224319999312e+01,1.573076979360520600e+00,1.979589590146630940e+00
2.655328798015999325e+01,0.000000000000000000e+00,0.000000000000000000e+00
2.657596371711999694e+01,7.874312688966391693e-01,9.909182851925093516e-01
2.659863945407999708e+01,1.573076979360520600e+00,1.979589590146630940e+00
2.662131519103999366e+01,0.000000000000000000e+00,0.000000000000000000e+00
2.664399092799999380e+01,7.874312688966391693e-01,9.909182851925093516e-01
2.666666666495999394e+01,1.573076979360520600e+00,1.979589590146630940e+00
2.668934240191999407e+01,0.000000000000000000e+00,0.000000000000000000e+00
2.671201813887999421e+01,7.874312688966391693e-01,9.909182851925093516e-01
2.673469387583999435e+01,1.573076979360520600e+00,1.979589590146630940e+00
2.675736961279999448e+01,0.000000000000000000e+00,0.000000000000000000e+00
2.678004534975999462e+01,7.874312688966391693e-01,9.909182851925093516e-01
2.680272108671999476e+01,1.573076979360520600e+00,1.979589590146630940e+00
2.682539682367999134e+01,0.000000000000000000e+00,0.000000000000000000e+00
2.684807256063999148e+01,7.874312688966391693e-01,9.909182851925093516e-01
2.687074829759999162e+01,1.573076979360520600e+00,1.979589590146630940e+00
2.689342403455999531e+01,0.000000000000000000e+00,0.000000000000000000e+00
2.691609977151999544e+01,7.874312688966391693e-01,9.909182851925093516e-01
2.693877550847999558e+01,1.573076979360520600e+00,1.979589590146630940e+00
2.696145124543999572e+01,0.000000000000000000e+00,0.000000000000000000e+00
2.698412698239999585e+01,7.874312688966391693e-01,9.909182851925093516e-01
2.700680271935999599e+01,1.573076979360520600e+00,1.979589590146630940e+00
2.702947845631999257e+01,0.000000000000000000e+00,0.000000000000000000e+00
2.705215419327999271e+01,7.874312688966391693e-01,9.909182851925093516e-01
2.707482993023999285e+01,1.573076979360520600e+00,1.979589590146630940e+00
2.709750566719999298e+01,0.000000000000000000e+00,0.000000000000000000e+00
2.712018140415999312e+01,7.874312688966391693e-01,9.909182851925093516e-01
2.714285714111999326e+01,1.573076979360520600e+00,1.979589590146630940e+00
2.716553287807999340e+01,0.000000000000000000e+00,0.000000000000000000e+00
2.718820861503999353e+01,7.874312688966391693e-01,9.909182851925093516e-01
2.721088435199999722e+01,1.573076979360520600e+00,1.979589590146630940e+00
2.723356008895999381e+01,0.000000000000000000e+00,0.000000000000000000e+00
2.725623582591999394e+01,7.874312688966391693e-01,9.909182851925093516e-01
2.727891156287999408e+01,1.573076979360520600e+00,1.979589590146630940e+00
2.730158729983999422e+01,0.000000000000000000e+00,0.000000000000000000e+00
2.732426303679999435e+01,7.874312688966391693e-01,9.909182851925093516e-01
2.734693877375999449e+01,1.573076979360520600e+00,1.979589590146630940e+00
2.736961451071999463e+01,0.000000000000000000e+00,0.000000000000000000e+00
2.739229024767999476e+01,7.874312688966391693e-01,9.909182851925093516e-01
2.741496598463999490e+01,1.573076979360520600e+00,1.979589590146630940e+00
2.743764172159999148e+01,0.000000000000000000e+00,0.000000000000000000e+00
2.746031745855999162e+01,7.165081928390194532e-01,6.525242141202607371e-01
2.748299319551999176e+01,1.431391650546988803e+00,1.303568781496579287e+00
2.750566893247999189e+01,0.000000000000000000e+00,0.000000000000000000e+00
2.752834466943999558e+01,7.874312688966391693e-01,9.909182851925093516e-01
2.755102040639999572e+01,1.502153903302900773e+00,1.641195519074382325e+00
2.757369614335999586e+01,0.000000000000000000e+00,0.000000000000000000e+00
2.759637188031999600e+01,7.874312688966391693e-01,9.909182851925093516e-01
2.761904761727999613e+01,1.502153903302900773e+00,1.641195519074382325e+00
2.764172335423999272e+01,0.000000000000000000e+00,0.000000000000000000e+00
2.766439909119999285e+01,7.165081928390194532e-01,6.525242141202607371e-01
2.768707482815999299e+01,1.431391650546988803e+00,1.303568781496579287e+00
2.770975056511999313e+01,0.000000000000000000e+00,0.000000000000000000e+00
2.773242630207999326e+01,7.165081928390194532e-01,6.525242141202607371e-01
2.775510203903999340e+01,1.431391650546988803e+00,1.303568781496579287e+00
2.777777777599999354e+01,0.000000000000000000e+00,0.000000000000000000e+00
2.780045351295999367e+01,7.165081928390194532e-01,6.525242141202607371e-01
2.782312924991999381e+01,1.431391650546988803e+00,1.303568781496579287e+00
2.784580498687999395e+01,0.000000000000000000e+00,0.000000000000000000e+00
2.786848072383999408e+01,7.165081928390194532e-01,6.525242141202607371e-01
2.789115646079999422e+01,1.431391650546988803e+00,1.303568781496579287e+00
2.791383219775999436e+01,0.000000000000000000e+00,0.000000000000000000e+00
2.793650793471999449e+01,7.165081928390194532e-01,6.525242141202607371e-01
2.795918367167999463e+01,1.431391650546988803e+00,1.303568781496579287e+00
2.798185940863999477e+01,0.000000000000000000e+00,0.000000000000000000e+00
2.800453514559999491e+01,7.165081928390194532e-01,6.525242141202607371e-01
2.802721088255999504e+01,1.431391650546988803e+00,1.303568781496579287e+00
2.804988661951999163e+01,0.000000000000000000e+00,0.000000000000000000e+00
2.807256235647999176e+01,7.165081928390194532e-01,6.525242141202607371e-01
2.809523809343999190e+01,1.431391650546988803e+00,1.303568781496579287e+00
2.811791383039999204e+01,0.000000000000000000e+00,0.000000000000000000e+00
2.814058956735999217e+01,7.165081928390194532e-01,6.525242141202607371e-01
2.816326530431999586e+01,1.431391650546988803e+00,1.303568781496579287e+00
2.818594104127999600e+01,0.000000000000000000e+00,0.000000000000000000e+00
2.820861677823999614e+01,7.165081928390194532e-01,6.525242141202607371e-01
2.823129251519999627e+01,1.431391650546988803e+00,1.303568781496579287e+00
2.825396825215999286e+01,0.000000000000000000e+00,0.000000000000000000e+00
2.827664398911999299e+01,7.165081928390194532e-01,6.525242141202607371e-01
2.829931972607999313e+01,1.431391650546988803e+00,1.303568781496579287e+00
2.832199546303999327e+01,0.000000000000000000e+00,0.000000000000000000e+00
2.834467119999999341e+01,7.165081928390194532e-01,6.525242141202607371e-01
2.836734693695999354e+01,1.431391650546988803e+00,1.303568781496579287e+00
2.839002267391999368e+01,0.000000000000000000e+00,0.000000000000000000e+00
2.841269841087999382e+01,7.165081928390194532e-01,6.525242141202607371e-01
2.843537414783999395e+01,1.431391650546988803e+00,1.303568781496579287e+00
2.845804988479999054e+01,0.000000000000000000e+00,0.000000000000000000e+00
2.848072562175999423e+01,7.165081928390194532e-01,6.525242141202607371e-01
2.850340135871999436e+01,7.148834577079692387e-01,6.510445673763185503e-01
2.852607709567999450e+01,1.429770599622584459e+00,1.302092489960672950e+00
2.854875283263999464e+01,0.000000000000000000e+00,0.000000000000000000e+00
2.857142856959999477e+01,0.000000000000000000e+00,0.000000000000000000e+00
2.859410430655999491e+01,0.000000000000000000e+00,0.000000000000000000e+00
2.861678004351999505e+01,0.000000000000000000e+00,0.000000000000000000e+00
2.863945578047999518e+01,7.165081928390194532e-01,6.525242141202607371e-01
2.866213151743999177e+01,1.431391650546988803e+00,1.303568781496579287e+00
2.868480725439999190e+01,0.000000000000000000e+00,0.000000000000000000e+00
2.870748299135999204e+01,0.000000000000000000e+00,0.000000000000000000e+00
2.873015872831999218e+01,0.000000000000000000e+00,0.000000000000000000e+00
2.875283446527999232e+01,0.000000000000000000e+00,0.000000000000000000e+00
2.877551020223999245e+01,0.000000000000000000e+00,0.000000000000000000e+00
2.879818593919999614e+01,0.000000000000000000e+00,0.000000000000000000e+00
2.882086167615999628e+01,0.000000000000000000e+00,0.000000000000000000e+00
2.884353741311999642e+01,0.000000000000000000e+00,0.000000000000000000e+00
2.886621315007999300e+01,0.000000000000000000e+00,0.000000000000000000e+00
2.888888888703999314e+01,0.000000000000000000e+00,0.000000000000000000e+00
2.891156462399999327e+01,0.000000000000000000e+00,0.000000000000000000e+00
2.893424036095999341e+01,0.000000000000000000e+00,0.000000000000000000e+00
2.895691609791999355e+01,0.000000000000000000e+00,0.000000000000000000e+00
2.897959183487999368e+01,0.000000000000000000e+00,0.000000000000000000e+00
2.900226757183999382e+01,0.000000000000000000e+00,0.000000000000000000e+00
2.902494330879999396e+01,0.000000000000000000e+00,0.000000000000000000e+00
2.904761904575999409e+01,0.000000000000000000e+00,0.000000000000000000e+00
2.907029478271999068e+01,0.000000000000000000e+00,0.000000000000000000e+00
2.909297051967999082e+01,0.000000000000000000e+00,0.000000000000000000e+00
2.911564625663999450e+01,0.000000000000000000e+00,0.000000000000000000e+00
2.913832199359999464e+01,0.000000000000000000e+00,0.000000000000000000e+00
2.916099773055999478e+01,0.000000000000000000e+00,0.000000000000000000e+00
2.918367346751999492e+01,0.000000000000000000e+00,0.000000000000000000e+00
2.920634920447999505e+01,0.000000000000000000e+00,0.000000000000000000e+00
2.922902494143999519e+01,0.000000000000000000e+00,0.000000000000000000e+00
2.925170067839999533e+01,0.000000000000000000e+00,0.000000000000000000e+00
2.927437641535999191e+01,0.000000000000000000e+00,0.000000000000000000e+00
2.929705215231999205e+01,0.000000000000000000e+00,0.000000000000000000e+00
2.931972788927999218e+01,0.000000000000000000e+00,0.000000000000000000e+00
2.934240362623999232e+01,0.000000000000000000e+00,0.000000000000000000e+00
2.936507936319999246e+01,0.000000000000000000e+00,0.000000000000000000e+00
2.938775510015999259e+01,0.000000000000000000e+00,0.000000000000000000e+00
2.941043083711999273e+01,0.000000000000000000e+00,0.000000000000000000e+00
2.943310657407999642e+01,0.000000000000000000e+00,0.000000000000000000e+00
2.945578231103999656e+01,0.000000000000000000e+00,0.000000000000000000e+00
2.947845804799999314e+01,7.165081928390194532e-01,6.525242141202607371e-01
2.950113378495999328e+01,1.431391650546988803e+00,1.303568781496579287e+00
2.952380952191999341e+01,0.000000000000000000e+00,0.000000000000000000e+00
2.954648525887999355e+01,0.000000000000000000e+00,0.000000000000000000e+00
2.956916099583999369e+01,7.165081928390194532e-01,6.525242141202607371e-01
2.959183673279999383e+01,1.431391650546988803e+00,1.303568781496579287e+00
2.961451246975999396e+01,0.000000000000000000e+00,0.000000000000000000e+00
2.963718820671999410e+01,7.165081928390194532e-01,6.525242141202607371e-01
2.965986394367999424e+01,1.431391650546988803e+00,1.303568781496579287e+00
2.968253968063999082e+01,0.000000000000000000e+00,0.000000000000000000e+00
2.970521541759999096e+01,7.165081928390194532e-01,6.525242141202607371e-01
2.972789115455999109e+01,1.431391650546988803e+00,1.303568781496579287e+00
2.975056689151999478e+01,0.000000000000000000e+00,0.000000000000000000e+00
2.977324262847999492e+01,7.165081928390194532e-01,6.525242141202607371e-01
2.979591836543999506e+01,1.431391650546988803e+00,1.303568781496579287e+00
2.981859410239999519e+01,0.000000000000000000e+00,0.000000000000000000e+00
2.984126983935999533e+01,7.165081928390194532e-01,6.525242141202607371e-01
2.986394557631999547e+01,1.431391650546988803e+00,1.303568781496579287e+00
2.988662131327999205e+01,0.000000000000000000e+00,0.000000000000000000e+00
2.990929705023999219e+01,7.165081928390194532e-01,6.525242141202607371e-01
2.993197278719999233e+01,1.431391650546988803e+00,1.303568781496579287e+00
2.995464852415999246e+01,0.000000000000000000e+00,0.000000000000000000e+00
2.997732426111999260e+01,7.165081928390194532e-01,6.525242141202607371e-01
2.999999999807999274e+01,1.431391650546988803e+00,1.303568781496579287e+00
3.002267573503999287e+01,0.000000000000000000e+00,0.000000000000000000e+00
3.004535147199999301e+01,7.165081928390194532e-01,6.525242141202607371e-01
3.006802720895999670e+01,1.431391650546988803e+00,1.303568781496579287e+00
3.009070294591999328e+01,0.000000000000000000e+00,0.000000000000000000e+00
3.011337868287999342e+01,7.165081928390194532e-01,6.525242141202607371e-01
3.013605441983999356e+01,1.431391650546988803e+00,1.303568781496579287e+00
3.015873015679999369e+01,0.000000000000000000e+00,0.000000000000000000e+00
3.018140589375999383e+01,7.874312688966391693e-01,9.909182851925093516e-01
3.020408163071999397e+01,1.502153903302900773e+00,1.641195519074382325e+00
3.022675736767999410e+01,0.000000000000000000e+00,0.000000000000000000e+00
3.024943310463999424e+01,7.874312688966391693e-01,9.909182851925093516e-01
3.027210884159999438e+01,1.502153903302900773e+00,1.641195519074382325e+00
3.029478457855999096e+01,0.000000000000000000e+00,0.000000000000000000e+00
3.031746031551999110e+01,7.874312688966391693e-01,9.909182851925093516e-01
3.034013605247999124e+01,1.573076979360520600e+00,1.979589590146630940e+00
3.036281178943999137e+01,0.000000000000000000e+00,0.000000000000000000e+00
3.038548752639999506e+01,7.874312688966391693e-01,9.909182851925093516e-01
3.040816326335999520e+01,1.573076979360520600e+00,1.979589590146630940e+00
3.043083900031999534e+01,0.000000000000000000e+00,0.000000000000000000e+00
3.045351473727999547e+01,7.874312688966391693e-01,9.909182851925093516e-01
3.047619047423999561e+01,1.573076979360520600e+00,1.979589590146630940e+00
3.049886621119999219e+01,0.000000000000000000e+00,0.000000000000000000e+00
3.052154194815999233e+01,7.874312688966391693e-01,9.909182851925093516e-01
3.054421768511999247e+01,1.573076979360520600e+00,1.979589590146630940e+00
3.056689342207999260e+01,0.000000000000000000e+00,0.000000000000000000e+00
3.058956915903999274e+01,7.874312688966391693e-01,9.909182851925093516e-01
3.061224489599999288e+01,1.573076979360520600e+00,1.979589590146630940e+00
3.063492063295999301e+01,0.000000000000000000e+00,0.000000000000000000e+00
3.065759636991999315e+01,7.874312688966391693e-01,9.909182851925093516e-01
3.068027210687999329e+01,1.573076979360520600e+00,1.979589590146630940e+00
3.070294784383999342e+01,0.000000000000000000e+00,0.000000000000000000e+00
3.072562358079999356e+01,7.874312688966391693e-01,9.909182851925093516e-01
3.074829931775999370e+01,1.573076979360520600e+00,1.979589590146630940e+00
3.077097505471999384e+01,0.000000000000000000e+00,0.000000000000000000e+00
3.079365079167999397e+01,7.874312688966391693e-01,9.909182851925093516e-01
3.081632652863999411e+01,1.573076979360520600e+00,1.979589590146630940e+00
3.083900226559999425e+01,0.000000000000000000e+00,0.000000000000000000e+00
3.086167800255999438e+01,7.874312688966391693e-01,9.909182851925093516e-01
3.088435373951999452e+01,1.573076979360520600e+00,1.979589590146630940e+00
3.090702947647999110e+01,0.000000000000000000e+00,0.000000000000000000e+00
3.092970521343999124e+01,7.874312688966391693e-01,9.909182851925093516e-01
3.095238095039999138e+01,1.573076979360520600e+00,1.979589590146630940e+00
3.097505668735999151e+01,0.000000000000000000e+00,0.000000000000000000e+00
3.099773242431999165e+01,7.874312688966391693e-01,9.909182851925093516e-01
3.102040816127999534e+01,1.573076979360520600e+00,1.979589590146630940e+00
3.104308389823999548e+01,0.000000000000000000e+00,0.000000000000000000e+00
3.106575963519999561e+01,7.874312688966391693e-01,9.909182851925093516e-01
3.108843537215999575e+01,1.573076979360520600e+00,1.979589590146630940e+00
3.111111110911999234e+01,0.000000000000000000e+00,0.000000000000000000e+00
3.113378684607999247e+01,7.874312688966391693e-01,9.909182851925093516e-01
3.115646258303999261e+01,1.573076979360520600e+00,1.979589590146630940e+00
3.117913831999999275e+01,0.000000000000000000e+00,0.000000000000000000e+00
3.120181405695999288e+01,7.874312688966391693e-01,9.909182851925093516e-01
3.122448979391999302e+01,1.573076979360520600e+00,1.979589590146630940e+00
3.124716553087999316e+01,0.000000000000000000e+00,0.000000000000000000e+00
3.126984126783999329e+01,7.874312688966391693e-01,9.909182851925093516e-01
3.129251700479999343e+01,1.573076979360520600e+00,1.979589590146630940e+00
3.131519274175999001e+01,0.000000000000000000e+00,0.000000000000000000e+00
3.133786847871999015e+01,7.874312688966391693e-01,9.909182851925093516e-01
3.136054421567999029e+01,1.573076979360520600e+00,1.979589590146630940e+00
3.138321995263999042e+01,0.000000000000000000e+00,0.000000000000000000e+00
3.140589568959999056e+01,7.874312688966391693e-01,9.909182851925093516e-01
3.142857142655999070e+01,1.573076979360520600e+00,1.979589590146630940e+00
3.145124716351999083e+01,0.000000000000000000e+00,0.000000000000000000e+00
3.147392290047999097e+01,7.874312688966391693e-01,9.909182851925093516e-01
3.149659863743999821e+01,1.573076979360520600e+00,1.979589590146630940e+00
3.151927437439999480e+01,0.000000000000000000e+00,0.000000000000000000e+00
3.154195011135999493e+01,7.874312688966391693e-01,9.909182851925093516e-01
3.156462584831999507e+01,1.573076979360520600e+00,1.979589590146630940e+00
3.158730158527999521e+01,0.000000000000000000e+00,0.000000000000000000e+00
3.160997732223999535e+01,7.874312688966391693e-01,9.909182851925093516e-01
3.163265305919999548e+01,1.573076979360520600e+00,1.979589590146630940e+00
3.165532879615999562e+01,0.000000000000000000e+00,0.000000000000000000e+00
3.167800453311999576e+01,7.874312688966391693e-01,9.909182851925093516e-01
3.170068027007999589e+01,1.573076979360520600e+00,1.979589590146630940e+00
3.172335600703999248e+01,0.000000000000000000e+00,0.000000000000000000e+00
3.174603174399999261e+01,7.874312688966391693e-01,9.909182851925093516e-01
3.176870748095999275e+01,1.573076979360520600e+00,1.979589590146630940e+00
3.179138321791999289e+01,0.000000000000000000e+00,0.000000000000000000e+00
3.181405895487999302e+01,7.874312688966391693e-01,9.909182851925093516e-01
3.183673469183999316e+01,1.573076979360520600e+00,1.979589590146630940e+00
3.185941042879999330e+01,0.000000000000000000e+00,0.000000000000000000e+00
3.188208616575999343e+01,7.874312688966391693e-01,9.909182851925093516e-01
3.190476190271999357e+01,1.573076979360520600e+00,1.979589590146630940e+00
3.192743763967999016e+01,0.000000000000000000e+00,0.000000000000000000e+00
3.195011337663999029e+01,7.874312688966391693e-01,9.909182851925093516e-01
3.197278911359999043e+01,1.573076979360520600e+00,1.979589590146630940e+00
3.199546485055999057e+01,0.000000000000000000e+00,0.000000000000000000e+00
3.201814058751999426e+01,7.874312688966391693e-01,9.909182851925093516e-01
3.204081632447999084e+01,1.573076979360520600e+00,1.979589590146630940e+00
3.206349206143998742e+01,0.000000000000000000e+00,0.000000000000000000e+00
3.208616779839999111e+01,7.874312688966391693e-01,9.909182851925093516e-01
3.210884353535998770e+01,1.573076979360520600e+00,1.979589590146630940e+00
3.213151927231999849e+01,0.000000000000000000e+00,0.000000000000000000e+00
3.215419500927999508e+01,7.874312688966391693e-01,9.909182851925093516e-01
3.217687074623999877e+01,1.573076979360520600e+00,1.979589590146630940e+00
3.219954648319999535e+01,0.000000000000000000e+00,0.000000000000000000e+00
3.222222222015999193e+01,7.874312688966391693e-01,9.909182851925093516e-01
3.224489795711999562e+01,1.573076979360520600e+00,1.979589590146630940e+00
3.226757369407999221e+01,0.000000000000000000e+00,0.000000000000000000e+00
3.229024943103999590e+01,7.874312688966391693e-01,9.909182851925093516e-01
3.231292516799999248e+01,1.573076979360520600e+00,1.979589590146630940e+00
3.233560090495999617e+01,0.000000000000000000e+00,0.000000000000000000e+00
3.235827664191999276e+01,7.874312688966391693e-01,9.909182851925093516e-01
3.238095237887999644e+01,1.573076979360520600e+00,1.979589590146630940e+00
3.240362811583999303e+01,0.000000000000000000e+00,0.000000000000000000e+00
3.242630385279999672e+01,7.874312688966391693e-01,9.909182851925093516e-01
3.244897958975999330e+01,1.573076979360520600e+00,1.979589590146630940e+00
3.247165532671998989e+01,0.000000000000000000e+00,0.000000000000000000e+00
3.249433106367999358e+01,7.874312688966391693e-01,9.909182851925093516e-01
3.251700680063999016e+01,1.573076979360520600e+00,1.979589590146630940e+00
3.253968253759999385e+01,0.000000000000000000e+00,0.000000000000000000e+00
3.256235827455999043e+01,7.874312688966391693e-01,9.909182851925093516e-01
3.258503401151999412e+01,1.573076979360520600e+00,1.979589590146630940e+00
3.260770974847999071e+01,0.000000000000000000e+00,0.000000000000000000e+00
3.263038548543999440e+01,7.874312688966391693e-01,9.909182851925093516e-01
3.265306122239999098e+01,1.573076979360520600e+00,1.979589590146630940e+00
3.267573695935998757e+01,0.000000000000000000e+00,0.000000000000000000e+00
3.269841269631999126e+01,7.874312688966391693e-01,9.909182851925093516e-01
3.272108843327998784e+01,1.573076979360520600e+00,1.979589590146630940e+00
3.274376417023999153e+01,0.000000000000000000e+00,0.000000000000000000e+00
3.276643990719999522e+01,7.874312688966391693e-01,9.909182851925093516e-01
3.278911564415999891e+01,1.573076979360520600e+00,1.979589590146630940e+00
3.281179138111999549e+01,0.000000000000000000e+00,0.000000000000000000e+00
3.283446711807999208e+01,7.874312688966391693e-01,9.909182851925093516e-01
3.285714285503999577e+01,1.573076979360520600e+00,1.979589590146630940e+00
3.287981859199999235e+01,0.000000000000000000e+00,0.000000000000000000e+00
3.290249432895999604e+01,7.874312688966391693e-01,9.909182851925093516e-01
3.292517006591999262e+01,1.573076979360520600e+00,1.979589590146630940e+00
3.294784580287999631e+01,0.000000000000000000e+00,0.000000000000000000e+00
3.297052153983999290e+01,7.874312688966391693e-01,9.909182851925093516e-01
3.299319727679999659e+01,1.573076979360520600e+00,1.979589590146630940e+00
3.301587301375999317e+01,0.000000000000000000e+00,0.000000000000000000e+00
3.303854875071999686e+01,7.874312688966391693e-01,9.909182851925093516e-01
3.306122448767999344e+01,1.573076979360520600e+00,1.979589590146630940e+00
3.308390022463999003e+01,0.000000000000000000e+00,0.000000000000000000e+00
3.310657596159999372e+01,7.874312688966391693e-01,9.909182851925093516e-01
3.312925169855999030e+01,1.573076979360520600e+00,1.979589590146630940e+00
3.315192743551999399e+01,0.000000000000000000e+00,0.000000000000000000e+00
3.317460317247999058e+01,7.874312688966391693e-01,9.909182851925093516e-01
3.319727890943999427e+01,1.573076979360520600e+00,1.979589590146630940e+00
3.321995464639999085e+01,0.000000000000000000e+00,0.000000000000000000e+00
3.324263038335999454e+01,7.874312688966391693e-01,9.909182851925093516e-01
3.326530612031999112e+01,1.573076979360520600e+00,1.979589590146630940e+00
3.328798185727998771e+01,0.000000000000000000e+00,0.000000000000000000e+00
3.331065759423999140e+01,7.874312688966391693e-01,9.909182851925093516e-01
3.333333333119998798e+01,1.573076979360520600e+00,1.979589590146630940e+00
3.335600906815999167e+01,0.000000000000000000e+00,0.000000000000000000e+00
3.337868480511998825e+01,7.874312688966391693e-01,9.909182851925093516e-01
3.340136054207999905e+01,1.573076979360520600e+00,1.979589590146630940e+00
3.342403627903999563e+01,0.000000000000000000e+00,0.000000000000000000e+00
3.344671201599999222e+01,7.874312688966391693e-01,9.909182851925093516e-01
3.346938775295999591e+01,1.573076979360520600e+00,1.979589590146630940e+00
3.349206348991999249e+01,0.000000000000000000e+00,0.000000000000000000e+00
3.351473922687999618e+01,7.874312688966391693e-01,9.909182851925093516e-01
3.353741496383999277e+01,1.573076979360520600e+00,1.979589590146630940e+00
3.356009070079999645e+01,0.000000000000000000e+00,0.000000000000000000e+00
3.358276643775999304e+01,7.874312688966391693e-01,9.909182851925093516e-01
3.360544217471999673e+01,1.573076979360520600e+00,1.979589590146630940e+00
3.362811791167999331e+01,0.000000000000000000e+00,0.000000000000000000e+00
3.365079364863999700e+01,7.874312688966391693e-01,9.909182851925093516e-01
3.367346938559999359e+01,1.573076979360520600e+00,1.979589590146630940e+00
3.369614512255999017e+01,0.000000000000000000e+00,0.000000000000000000e+00
3.371882085951999386e+01,7.874312688966391693e-01,9.909182851925093516e-01
3.374149659647999044e+01,1.573076979360520600e+00,1.979589590146630940e+00
3.376417233343999413e+01,0.000000000000000000e+00,0.000000000000000000e+00
3.378684807039999072e+01,7.874312688966391693e-01,9.909182851925093516e-01
3.380952380735999441e+01,1.502153903302900773e+00,1.641195519074382325e+00
3.383219954431999099e+01,0.000000000000000000e+00,0.000000000000000000e+00
3.385487528127999468e+01,7.874312688966391693e-01,9.909182851925093516e-01
3.387755101823999127e+01,1.502153903302900773e+00,1.641195519074382325e+00
3.390022675519998785e+01,0.000000000000000000e+00,0.000000000000000000e+00
3.392290249215999154e+01,7.874312688966391693e-01,9.909182851925093516e-01
3.394557822911998812e+01,1.573076979360520600e+00,1.979589590146630940e+00
3.396825396607999181e+01,0.000000000000000000e+00,0.000000000000000000e+00
3.399092970303998840e+01,7.165081928390194532e-01,6.525242141202607371e-01
3.401360543999999209e+01,1.502314726604608408e+00,1.641962852568827902e+00
3.403628117695999578e+01,0.000000000000000000e+00,0.000000000000000000e+00
3.405895691391999236e+01,7.165081928390194532e-01,6.525242141202607371e-01
3.408163265087999605e+01,1.431391650546988803e+00,1.303568781496579287e+00
3.410430838783999263e+01,0.000000000000000000e+00,0.000000000000000000e+00
3.412698412479999632e+01,7.165081928390194532e-01,6.525242141202607371e-01
3.414965986175999291e+01,1.431391650546988803e+00,1.303568781496579287e+00
3.417233559871999660e+01,0.000000000000000000e+00,0.000000000000000000e+00
3.419501133567999318e+01,7.165081928390194532e-01,6.525242141202607371e-01
3.421768707263999687e+01,1.431391650546988803e+00,1.303568781496579287e+00
3.424036280959999345e+01,0.000000000000000000e+00,0.000000000000000000e+00
3.426303854655999714e+01,7.165081928390194532e-01,6.525242141202607371e-01
3.428571428351999373e+01,1.431391650546988803e+00,1.303568781496579287e+00
3.430839002047999031e+01,0.000000000000000000e+00,0.000000000000000000e+00
3.433106575743999400e+01,7.165081928390194532e-01,6.525242141202607371e-01
3.435374149439999059e+01,1.431391650546988803e+00,1.303568781496579287e+00
3.437641723135999428e+01,0.000000000000000000e+00,0.000000000000000000e+00
3.439909296831999086e+01,7.165081928390194532e-01,6.525242141202607371e-01
3.442176870527999455e+01,1.431391650546988803e+00,1.303568781496579287e+00
3.444444444223999113e+01,0.000000000000000000e+00,0.000000000000000000e+00
3.446712017919999482e+01,7.165081928390194532e-01,6.525242141202607371e-01
3.448979591615999141e+01,1.431391650546988803e+00,1.303568781496579287e+00
3.451247165311998799e+01,0.000000000000000000e+00,0.000000000000000000e+00
3.453514739007999168e+01,7.165081928390194532e-01,6.525242141202607371e-01
3.455782312703998826e+01,1.431391650546988803e+00,1.303568781496579287e+00
3.458049886399999195e+01,0.000000000000000000e+00,0.000000000000000000e+00
3.460317460095998854e+01,7.165081928390194532e-01,6.525242141202607371e-01
3.462585033791999223e+01,1.431391650546988803e+00,1.303568781496579287e+00
3.464852607487998881e+01,0.000000000000000000e+00,0.000000000000000000e+00
3.467120181183999250e+01,7.165081928390194532e-01,6.525242141202607371e-01
3.469387754879999619e+01,1.431391650546988803e+00,1.303568781496579287e+00
3.471655328575999278e+01,0.000000000000000000e+00,0.000000000000000000e+00
3.473922902271999646e+01,7.165081928390194532e-01,6.525242141202607371e-01
3.476190475967999305e+01,1.431391650546988803e+00,1.303568781496579287e+00
3.478458049663999674e+01,0.000000000000000000e+00,0.000000000000000000e+00
3.480725623359999332e+01,7.165081928390194532e-01,6.525242141202607371e-01
3.482993197055999701e+01,1.431391650546988803e+00,1.303568781496579287e+00
3.485260770751999360e+01,0.000000000000000000e+00,0.000000000000000000e+00
3.487528344447999018e+01,7.165081928390194532e-01,6.525242141202607371e-01
3.489795918143999387e+01,1.431391650546988803e+00,1.303568781496579287e+00
3.492063491839999045e+01,0.000000000000000000e+00,0.000000000000000000e+00
3.494331065535999414e+01,7.165081928390194532e-01,6.525242141202607371e-01
3.496598639231999073e+01,1.431391650546988803e+00,1.303568781496579287e+00
3.498866212927999442e+01,0.000000000000000000e+00,0.000000000000000000e+00
3.501133786623999100e+01,7.165081928390194532e-01,6.525242141202607371e-01
3.503401360319999469e+01,1.431391650546988803e+00,1.303568781496579287e+00
3.505668934015999127e+01,0.000000000000000000e+00,0.000000000000000000e+00
3.507936507711999496e+01,7.165081928390194532e-01,6.525242141202607371e-01
3.510204081407999155e+01,1.431391650546988803e+00,1.303568781496579287e+00
3.512471655103998813e+01,0.000000000000000000e+00,0.000000000000000000e+00
3.514739228799999182e+01,0.000000000000000000e+00,0.000000000000000000e+00
3.517006802495998841e+01,0.000000000000000000e+00,0.000000000000000000e+00
3.519274376191999210e+01,0.000000000000000000e+00,0.000000000000000000e+00
3.521541949887998868e+01,7.165081928390194532e-01,6.525242141202607371e-01
3.523809523583999237e+01,7.148834577079692387e-01,6.510445673763185503e-01
3.526077097279998895e+01,7.132624067835651172e-01,6.495682758404123236e-01
3.528344670975999264e+01,7.116450317115970980e-01,6.480953319043605276e-01
3.530612244671998923e+01,7.100313241567988154e-01,6.466257279772338329e-01
3.532879818367999292e+01,7.084212758028048951e-01,6.451594564853158076e-01
3.535147392063999661e+01,7.068148783521077672e-01,6.436965098720640599e-01
3.537414965759999319e+01,7.052121235260151444e-01,6.422368805980711581e-01
3.539682539455999688e+01,7.036130030646072786e-01,6.407805611410258839e-01
3.541950113151999346e+01,7.020175087266944391e-01,6.393275439956743744e-01
3.544217686847999715e+01,7.004256322897743914e-01,6.378778216737814866e-01
3.546485260543999374e+01,6.988373655499899861e-01,6.364313867040922723e-01
3.548752834239999032e+01,6.972527003220869712e-01,6.349882316322933429e-01
3.551020407935999401e+01,6.956716284393716920e-01,6.335483490209744550e-01
3.553287981631999060e+01,6.940941417536691249e-01,6.321117314495903194e-01
3.555555555327999429e+01,6.925202321352807999e-01,6.306783715144222979e-01
3.557823129023999087e+01,6.909498914729430563e-01,6.292482618285401008e-01
3.560090702719999456e+01,6.893831116737849651e-01,6.278213950217640393e-01
3.562358276415999114e+01,6.878198846632869179e-01,6.263977637406267229e-01
3.564625850111999483e+01,6.862602023852387712e-01,6.249773606483353117e-01
3.566893423807999142e+01,6.847040568016984352e-01,6.235601784247336576e-01
3.569160997503999511e+01,6.831514398929504628e-01,6.221462097662646684e-01
3.571428571199999169e+01,6.816023436574647487e-01,6.207354473859326704e-01
3.573696144895998827e+01,6.800567601118551186e-01,6.193278840132655505e-01
3.575963718591999196e+01,6.785146812908385838e-01,6.179235123942777852e-01
3.578231292287998855e+01,6.769760992471937078e-01,6.165223252914325824e-01
3.580498865983999224e+01,6.754410060517200831e-01,6.151243154836050220e-01
3.582766439679998882e+01,6.739093937931974754e-01,6.137294757660444189e-01
3.585034013375999251e+01,6.723812545783447447e-01,6.123377989503374641e-01
3.587301587071998910e+01,6.708565805317794339e-01,6.109492778643711430e-01
3.589569160767999279e+01,6.693353637959771341e-01,6.095639053522957651e-01
3.591836734463998937e+01,6.678175965312308504e-01,6.081816742744878823e-01
3.594104308159998595e+01,6.663032709156107014e-01,6.068025775075138739e-01
3.596371881855999675e+01,6.647923791449237285e-01,6.054266079440928650e-01
3.598639455551999333e+01,6.632849134326734841e-01,6.040537584930604220e-01
3.600907029247999702e+01,6.617808660100199525e-01,6.026840220793316938e-01
3.603174602943999361e+01,6.602802291257395817e-01,6.013173916438651068e-01
3.605442176639999730e+01,6.587829950461852047e-01,5.999538601436261720e-01
3.607709750335999388e+01,6.572891560552464041e-01,5.985934205515508477e-01
3.609977324031999046e+01,6.557987044543095445e-01,5.972360658565095681e-01
3.612244897727999415e+01,6.543116325622181373e-01,5.958817890632708281e-01
3.614512471423999074e+01,6.528279327152333167e-01,5.945305831924655449e-01
3.616780045119999443e+01,6.513475972669942049e-01,5.931824412805507540e-01
3.619047618815999101e+01,6.498706185884788322e-01,5.918373563797739711e-01
3.621315192511999470e+01,6.483969890679643910e-01,5.904953215581369985e-01
3.623582766207999128e+01,1.363434893950007609e+00,1.241680544019621468e+00
3.625850339903999497e+01,0.000000000000000000e+00,0.000000000000000000e+00
3.628117913599999156e+01,0.000000000000000000e+00,0.000000000000000000e+00
3.630385487295999525e+01,7.165081928390194532e-01,6.525242141202607371e-01
3.632653060991999183e+01,1.431391650546988803e+00,1.303568781496579287e+00
3.634920634687998842e+01,0.000000000000000000e+00,0.000000000000000000e+00
3.637188208383999211e+01,7.165081928390194532e-01,6.525242141202607371e-01
3.639455782079998869e+01,1.431391650546988803e+00,1.303568781496579287e+00
3.641723355775999238e+01,0.000000000000000000e+00,0.000000000000000000e+00
3.643990929471998896e+01,7.165081928390194532e-01,6.525242141202607371e-01
3.646258503167999265e+01,1.431391650546988803e+00,1.303568781496579287e+00
3.648526076863998924e+01,0.000000000000000000e+00,0.000000000000000000e+00
3.650793650559999293e+01,7.165081928390194532e-01,6.525242141202607371e-01
3.653061224255998951e+01,1.431391650546988803e+00,1.303568781496579287e+00
3.655328797951998610e+01,0.000000000000000000e+00,0.000000000000000000e+00
3.657596371647998978e+01,7.165081928390194532e-01,6.525242141202607371e-01
3.659863945343999347e+01,1.431391650546988803e+00,1.303568781496579287e+00
3.662131519039999716e+01,0.000000000000000000e+00,0.000000000000000000e+00
3.664399092735999375e+01,7.165081928390194532e-01,6.525242141202607371e-01
3.666666666431999744e+01,1.431391650546988803e+00,1.303568781496579287e+00
3.668934240127999402e+01,0.000000000000000000e+00,0.000000000000000000e+00
3.671201813823999061e+01,7.165081928390194532e-01,6.525242141202607371e-01
3.673469387519999430e+01,1.431391650546988803e+00,1.303568781496579287e+00
3.675736961215999088e+01,0.000000000000000000e+00,0.000000000000000000e+00
3.678004534911999457e+01,7.165081928390194532e-01,6.525242141202607371e-01
3.680272108607999115e+01,1.431391650546988803e+00,1.303568781496579287e+00
3.682539682303999484e+01,0.000000000000000000e+00,0.000000000000000000e+00
3.684807255999999143e+01,7.165081928390194532e-01,6.525242141202607371e-01
3.687074829695999512e+01,1.431391650546988803e+00,1.303568781496579287e+00
3.689342403391999170e+01,0.000000000000000000e+00,0.000000000000000000e+00
3.691609977087999539e+01,7.874312688966391693e-01,9.909182851925093516e-01
3.693877550783999197e+01,1.502153903302900773e+00,1.641195519074382325e+00
3.696145124479998856e+01,0.000000000000000000e+00,0.000000000000000000e+00
3.698412698175999225e+01,7.874312688966391693e-01,9.909182851925093516e-01
3.700680271871998883e+01,1.573076979360520600e+00,1.979589590146630940e+00
3.702947845567999252e+01,0.000000000000000000e+00,0.000000000000000000e+00
3.705215419263998911e+01,7.874312688966391693e-01,9.909182851925093516e-01
3.707482992959999279e+01,1.573076979360520600e+00,1.979589590146630940e+00
3.709750566655998938e+01,0.000000000000000000e+00,0.000000000000000000e+00
3.712018140351999307e+01,7.874312688966391693e-01,9.909182851925093516e-01
3.714285714047998965e+01,1.573076979360520600e+00,1.979589590146630940e+00
3.716553287743998624e+01,0.000000000000000000e+00,0.000000000000000000e+00
3.718820861439998993e+01,7.874312688966391693e-01,9.909182851925093516e-01
3.721088435135998651e+01,1.573076979360520600e+00,1.979589590146630940e+00
3.723356008831999731e+01,0.000000000000000000e+00,0.000000000000000000e+00
3.725623582527999389e+01,7.874312688966391693e-01,9.909182851925093516e-01
3.727891156223999758e+01,1.573076979360520600e+00,1.979589590146630940e+00
3.730158729919999416e+01,0.000000000000000000e+00,0.000000000000000000e+00
3.732426303615999075e+01,7.874312688966391693e-01,9.909182851925093516e-01
3.734693877311999444e+01,1.573076979360520600e+00,1.979589590146630940e+00
3.736961451007999102e+01,0.000000000000000000e+00,0.000000000000000000e+00
3.739229024703999471e+01,7.874312688966391693e-01,9.909182851925093516e-01
3.741496598399999129e+01,1.573076979360520600e+00,1.979589590146630940e+00
3.743764172095999498e+01,0.000000000000000000e+00,0.000000000000000000e+00
3.746031745791999157e+01,7.874312688966391693e-01,9.909182851925093516e-01
3.748299319487999526e+01,1.573076979360520600e+00,1.979589590146630940e+00
3.750566893183999184e+01,0.000000000000000000e+00,0.000000000000000000e+00
3.752834466879998843e+01,7.874312688966391693e-01,9.909182851925093516e-01
3.755102040575999212e+01,1.573076979360520600e+00,1.979589590146630940e+00
3.757369614271998870e+01,0.000000000000000000e+00,0.000000000000000000e+00
3.759637187967999239e+01,7.874312688966391693e-01,9.909182851925093516e-01
3.761904761663998897e+01,1.573076979360520600e+00,1.979589590146630940e+00
3.764172335359999266e+01,0.000000000000000000e+00,0.000000000000000000e+00
3.766439909055998925e+01,7.874312688966391693e-01,9.909182851925093516e-01
3.768707482751999294e+01,1.573076979360520600e+00,1.979589590146630940e+00
3.770975056447998952e+01,0.000000000000000000e+00,0.000000000000000000e+00
3.773242630143999321e+01,7.874312688966391693e-01,9.909182851925093516e-01
3.775510203839998979e+01,1.573076979360520600e+00,1.979589590146630940e+00
3.777777777535998638e+01,0.000000000000000000e+00,0.000000000000000000e+00
3.780045351231999007e+01,7.874312688966391693e-01,9.909182851925093516e-01
3.782312924927998665e+01,1.573076979360520600e+00,1.979589590146630940e+00
3.784580498623999034e+01,0.000000000000000000e+00,0.000000000000000000e+00
3.786848072319999403e+01,7.874312688966391693e-01,9.909182851925093516e-01
3.789115646015999772e+01,1.573076979360520600e+00,1.979589590146630940e+00
3.791383219711999431e+01,0.000000000000000000e+00,0.000000000000000000e+00
3.793650793407999089e+01,7.874312688966391693e-01,9.909182851925093516e-01
3.795918367103999458e+01,1.573076979360520600e+00,1.979589590146630940e+00
3.798185940799999116e+01,0.000000000000000000e+00,0.000000000000000000e+00
3.800453514495999485e+01,7.874312688966391693e-01,9.909182851925093516e-01
3.802721088191999144e+01,1.573076979360520600e+00,1.979589590146630940e+00
3.804988661887999513e+01,0.000000000000000000e+00,0.000000000000000000e+00
3.807256235583999171e+01,7.874312688966391693e-01,9.909182851925093516e-01
3.809523809279999540e+01,1.573076979360520600e+00,1.979589590146630940e+00
3.811791382975999198e+01,0.000000000000000000e+00,0.000000000000000000e+00
3.814058956671998857e+01,7.874312688966391693e-01,9.909182851925093516e-01
3.816326530367999226e+01,1.573076979360520600e+00,1.979589590146630940e+00
3.818594104063998884e+01,0.000000000000000000e+00,0.000000000000000000e+00
3.820861677759999253e+01,7.874312688966391693e-01,9.909182851925093516e-01
3.823129251455998912e+01,1.573076979360520600e+00,1.979589590146630940e+00
3.825396825151999280e+01,0.000000000000000000e+00,0.000000000000000000e+00
3.827664398847998939e+01,7.874312688966391693e-01,9.909182851925093516e-01
3.829931972543999308e+01,1.573076979360520600e+00,1.979589590146630940e+00
3.832199546239998966e+01,0.000000000000000000e+00,0.000000000000000000e+00
3.834467119935999335e+01,7.874312688966391693e-01,9.909182851925093516e-01
3.836734693631998994e+01,1.573076979360520600e+00,1.979589590146630940e+00
3.839002267327998652e+01,0.000000000000000000e+00,0.000000000000000000e+00
3.841269841023999021e+01,7.874312688966391693e-01,9.909182851925093516e-01
3.843537414719998679e+01,1.573076979360520600e+00,1.979589590146630940e+00
3.845804988415999048e+01,0.000000000000000000e+00,0.000000000000000000e+00
3.848072562111998707e+01,7.874312688966391693e-01,9.909182851925093516e-01
3.850340135807999786e+01,1.573076979360520600e+00,1.979589590146630940e+00
3.852607709503999445e+01,0.000000000000000000e+00,0.000000000000000000e+00
3.854875283199999103e+01,7.874312688966391693e-01,9.909182851925093516e-01
3.857142856895999472e+01,1.573076979360520600e+00,1.979589590146630940e+00
3.859410430591999130e+01,0.000000000000000000e+00,0.000000000000000000e+00
3.861678004287999499e+01,7.874312688966391693e-01,9.909182851925093516e-01
3.863945577983999158e+01,1.573076979360520600e+00,1.979589590146630940e+00
3.866213151679999527e+01,0.000000000000000000e+00,0.000000000000000000e+00
3.868480725375999185e+01,7.874312688966391693e-01,9.909182851925093516e-01
3.870748299071999554e+01,1.573076979360520600e+00,1.979589590146630940e+00
3.873015872767999213e+01,0.000000000000000000e+00,0.000000000000000000e+00
3.875283446463998871e+01,7.874312688966391693e-01,9.909182851925093516e-01
3.877551020159999240e+01,1.573076979360520600e+00,1.979589590146630940e+00
3.879818593855998898e+01,0.000000000000000000e+00,0.000000000000000000e+00
3.882086167551999267e+01,7.874312688966391693e-01,9.909182851925093516e-01
3.884353741247998926e+01,1.573076979360520600e+00,1.979589590146630940e+00
3.886621314943999295e+01,0.000000000000000000e+00,0.000000000000000000e+00
3.888888888639998953e+01,7.874312688966391693e-01,9.909182851925093516e-01
3.891156462335999322e+01,1.573076979360520600e+00,1.979589590146630940e+00
3.893424036031998980e+01,0.000000000000000000e+00,0.000000000000000000e+00
3.895691609727999349e+01,7.874312688966391693e-01,9.909182851925093516e-01
3.897959183423999008e+01,1.573076979360520600e+00,1.979589590146630940e+00
3.900226757119998666e+01,0.000000000000000000e+00,0.000000000000000000e+00
3.902494330815999035e+01,7.874312688966391693e-01,9.909182851925093516e-01
3.904761904511998694e+01,1.573076979360520600e+00,1.979589590146630940e+00
3.907029478207999063e+01,0.000000000000000000e+00,0.000000000000000000e+00
3.909297051903998721e+01,7.874312688966391693e-01,9.909182851925093516e-01
3.911564625599999090e+01,1.573076979360520600e+00,1.979589590146630940e+00
3.913832199295999459e+01,0.000000000000000000e+00,0.000000000000000000e+00
3.916099772991999117e+01,7.874312688966391693e-01,9.909182851925093516e-01
3.918367346687999486e+01,1.573076979360520600e+00,1.979589590146630940e+00
3.920634920383999145e+01,0.000000000000000000e+00,0.000000000000000000e+00
3.922902494079999514e+01,7.874312688966391693e-01,9.909182851925093516e-01
3.925170067775999172e+01,1.573076979360520600e+00,1.979589590146630940e+00
3.927437641471999541e+01,0.000000000000000000e+00,0.000000000000000000e+00
3.929705215167999199e+01,7.874312688966391693e-01,9.909182851925093516e-01
3.931972788863999568e+01,1.573076979360520600e+00,1.979589590146630940e+00
3.934240362559999227e+01,0.000000000000000000e+00,0.000000000000000000e+00
3.936507936255998885e+01,7.874312688966391693e-01,9.909182851925093516e-01
3.938775509951999254e+01,1.573076979360520600e+00,1.979589590146630940e+00
3.941043083647998913e+01,0.000000000000000000e+00,0.000000000000000000e+00
3.943310657343999281e+01,7.874312688966391693e-01,9.909182851925093516e-01
3.945578231039998940e+01,1.573076979360520600e+00,1.979589590146630940e+00
3.947845804735999309e+01,0.000000000000000000e+00,0.000000000000000000e+00
3.950113378431998967e+01,7.874312688966391693e-01,9.909182851925093516e-01
3.952380952127999336e+01,1.573076979360520600e+00,1.979589590146630940e+00
3.954648525823998995e+01,0.000000000000000000e+00,0.000000000000000000e+00
3.956916099519999364e+01,7.874312688966391693e-01,9.909182851925093516e-01
3.959183673215999022e+01,1.573076979360520600e+00,1.979589590146630940e+00
3.961451246911998680e+01,0.000000000000000000e+00,0.000000000000000000e+00
3.963718820607999049e+01,7.874312688966391693e-01,9.909182851925093516e-01
3.965986394303998708e+01,1.573076979360520600e+00,1.979589590146630940e+00
3.968253967999999077e+01,0.000000000000000000e+00,0.000000000000000000e+00
3.970521541695998735e+01,7.874312688966391693e-01,9.909182851925093516e-01
3.972789115391999104e+01,1.573076979360520600e+00,1.979589590146630940e+00
3.975056689087998762e+01,0.000000000000000000e+00,0.000000000000000000e+00
3.977324262783999131e+01,7.874312688966391693e-01,9.909182851925093516e-01
3.979591836479999500e+01,1.573076979360520600e+00,1.979589590146630940e+00
3.981859410175999159e+01,0.000000000000000000e+00,0.000000000000000000e+00
3.984126983871999528e+01,7.874312688966391693e-01,9.909182851925093516e-01
3.986394557567999186e+01,1.573076979360520600e+00,1.979589590146630940e+00
3.988662131263999555e+01,0.000000000000000000e+00,0.000000000000000000e+00
3.990929704959999214e+01,7.874312688966391693e-01,9.909182851925093516e-01
3.993197278655999582e+01,1.573076979360520600e+00,1.979589590146630940e+00
3.995464852351999241e+01,0.000000000000000000e+00,0.000000000000000000e+00
3.997732426047998899e+01,7.874312688966391693e-01,9.909182851925093516e-01
3.999999999743999268e+01,1.573076979360520600e+00,1.979589590146630940e+00
4.002267573439998927e+01,0.000000000000000000e+00,0.000000000000000000e+00
4.004535147135999296e+01,7.874312688966391693e-01,9.909182851925093516e-01
4.006802720831998954e+01,1.573076979360520600e+00,1.979589590146630940e+00
4.009070294527999323e+01,0.000000000000000000e+00,0.000000000000000000e+00
4.011337868223998981e+01,7.874312688966391693e-01,9.909182851925093516e-01
4.013605441919999350e+01,1.573076979360520600e+00,1.979589590146630940e+00
4.015873015615999009e+01,0.000000000000000000e+00,0.000000000000000000e+00
4.018140589311998667e+01,7.874312688966391693e-01,9.909182851925093516e-01
4.020408163007999036e+01,1.573076979360520600e+00,1.979589590146630940e+00
4.022675736703998695e+01,0.000000000000000000e+00,0.000000000000000000e+00
4.024943310399999064e+01,7.874312688966391693e-01,9.909182851925093516e-01
4.027210884095998722e+01,1.573076979360520600e+00,1.979589590146630940e+00
4.029478457791999091e+01,0.000000000000000000e+00,0.000000000000000000e+00
4.031746031487998749e+01,7.874312688966391693e-01,9.909182851925093516e-01
4.034013605183999118e+01,1.573076979360520600e+00,1.979589590146630940e+00
4.036281178879998777e+01,0.000000000000000000e+00,0.000000000000000000e+00
4.038548752575999146e+01,7.874312688966391693e-01,9.909182851925093516e-01
4.040816326271999515e+01,1.573076979360520600e+00,1.979589590146630940e+00
4.043083899967999173e+01,0.000000000000000000e+00,0.000000000000000000e+00
4.045351473663999542e+01,7.874312688966391693e-01,9.909182851925093516e-01
4.047619047359999200e+01,1.573076979360520600e+00,1.979589590146630940e+00
4.049886621055999569e+01,0.000000000000000000e+00,0.000000000000000000e+00
4.052154194751999228e+01,7.874312688966391693e-01,9.909182851925093516e-01
4.054421768447999597e+01,1.573076979360520600e+00,1.979589590146630940e+00
4.056689342143999255e+01,0.000000000000000000e+00,0.000000000000000000e+00
4.058956915839998913e+01,7.874312688966391693e-01,9.909182851925093516e-01
4.061224489535999282e+01,1.573076979360520600e+00,1.979589590146630940e+00
4.063492063231998941e+01,0.000000000000000000e+00,0.000000000000000000e+00
4.065759636927999310e+01,7.874312688966391693e-01,9.909182851925093516e-01
4.068027210623998968e+01,1.573076979360520600e+00,1.979589590146630940e+00
4.070294784319999337e+01,0.000000000000000000e+00,0.000000000000000000e+00
4.072562358015998996e+01,7.874312688966391693e-01,9.909182851925093516e-01
4.074829931711999365e+01,1.573076979360520600e+00,1.979589590146630940e+00
4.077097505407999023e+01,0.000000000000000000e+00,0.000000000000000000e+00
4.079365079103998681e+01,7.874312688966391693e-01,9.909182851925093516e-01
4.081632652799999050e+01,1.502153903302900773e+00,1.641195519074382325e+00
4.083900226495998709e+01,0.000000000000000000e+00,0.000000000000000000e+00
4.086167800191999078e+01,7.874312688966391693e-01,9.909182851925093516e-01
4.088435373887998736e+01,1.502153903302900773e+00,1.641195519074382325e+00
4.090702947583999105e+01,0.000000000000000000e+00,0.000000000000000000e+00
4.092970521279998763e+01,7.874312688966391693e-01,9.909182851925093516e-01
4.095238094975999132e+01,1.573076979360520600e+00,1.979589590146630940e+00
4.097505668671998791e+01,0.000000000000000000e+00,0.000000000000000000e+00
4.099773242367999160e+01,7.165081928390194532e-01,6.525242141202607371e-01
4.102040816063998818e+01,1.502314726604608408e+00,1.641962852568827902e+00
4.104308389759999187e+01,0.000000000000000000e+00,0.000000000000000000e+00
4.106575963455999556e+01,7.165081928390194532e-01,6.525242141202607371e-01
4.108843537151999215e+01,1.431391650546988803e+00,1.303568781496579287e+00
4.111111110847999583e+01,0.000000000000000000e+00,0.000000000000000000e+00
4.113378684543999242e+01,7.165081928390194532e-01,6.525242141202607371e-01
4.115646258239999611e+01,1.431391650546988803e+00,1.303568781496579287e+00
4.117913831935999269e+01,0.000000000000000000e+00,0.000000000000000000e+00
4.120181405631998928e+01,7.165081928390194532e-01,6.525242141202607371e-01
4.122448979327999297e+01,1.431391650546988803e+00,1.303568781496579287e+00
4.124716553023998955e+01,0.000000000000000000e+00,0.000000000000000000e+00
4.126984126719999324e+01,7.165081928390194532e-01,6.525242141202607371e-01
4.129251700415998982e+01,1.431391650546988803e+00,1.303568781496579287e+00
4.131519274111999351e+01,0.000000000000000000e+00,0.000000000000000000e+00
4.133786847807999010e+01,7.165081928390194532e-01,6.525242141202607371e-01
4.136054421503999379e+01,1.431391650546988803e+00,1.303568781496579287e+00
4.138321995199999037e+01,0.000000000000000000e+00,0.000000000000000000e+00
4.140589568895998696e+01,7.165081928390194532e-01,6.525242141202607371e-01
4.142857142591999065e+01,1.431391650546988803e+00,1.303568781496579287e+00
4.145124716287998723e+01,0.000000000000000000e+00,0.000000000000000000e+00
4.147392289983999092e+01,7.165081928390194532e-01,6.525242141202607371e-01
4.149659863679998750e+01,1.431391650546988803e+00,1.303568781496579287e+00
4.151927437375999119e+01,0.000000000000000000e+00,0.000000000000000000e+00
4.154195011071998778e+01,7.165081928390194532e-01,6.525242141202607371e-01
4.156462584767999147e+01,1.431391650546988803e+00,1.303568781496579287e+00
4.158730158463998805e+01,0.000000000000000000e+00,0.000000000000000000e+00
4.160997732159999174e+01,7.165081928390194532e-01,6.525242141202607371e-01
4.163265305855998832e+01,1.431391650546988803e+00,1.303568781496579287e+00
4.165532879551998491e+01,0.000000000000000000e+00,0.000000000000000000e+00
4.167800453247999570e+01,7.165081928390194532e-01,6.525242141202607371e-01
4.170068026943999229e+01,1.431391650546988803e+00,1.303568781496579287e+00
4.172335600639999598e+01,0.000000000000000000e+00,0.000000000000000000e+00
4.174603174335999256e+01,7.165081928390194532e-01,6.525242141202607371e-01
4.176870748031999625e+01,1.431391650546988803e+00,1.303568781496579287e+00
4.179138321727999283e+01,0.000000000000000000e+00,0.000000000000000000e+00
4.181405895423998942e+01,7.165081928390194532e-01,6.525242141202607371e-01
4.183673469119999311e+01,7.148834577079692387e-01,6.510445673763185503e-01
4.185941042815998969e+01,7.132624067835651172e-01,6.495682758404123236e-01
4.188208616511999338e+01,7.116450317115970980e-01,6.480953319043605276e-01
4.190476190207998997e+01,7.100313241567988154e-01,6.466257279772338329e-01
4.192743763903999366e+01,7.084212758028048951e-01,6.451594564853158076e-01
4.195011337599999024e+01,7.068148783521077672e-01,6.436965098720640599e-01
4.197278911295999393e+01,7.052121235260151444e-01,6.422368805980711581e-01
4.199546484991999051e+01,7.036130030646072786e-01,6.407805611410258839e-01
4.201814058687998710e+01,7.020175087266944391e-01,6.393275439956743744e-01
4.204081632383999079e+01,7.004256322897743914e-01,6.378778216737814866e-01
4.206349206079998737e+01,6.988373655499899861e-01,6.364313867040922723e-01
4.208616779775999106e+01,6.972527003220869712e-01,6.349882316322933429e-01
4.210884353471998764e+01,6.956716284393716920e-01,6.335483490209744550e-01
4.213151927167999133e+01,6.940941417536691249e-01,6.321117314495903194e-01
4.215419500863998792e+01,6.925202321352807999e-01,6.306783715144222979e-01
4.217687074559999161e+01,6.909498914729430563e-01,6.292482618285401008e-01
4.219954648255998819e+01,6.893831116737849651e-01,6.278213950217640393e-01
4.222222221951999188e+01,6.878198846632869179e-01,6.263977637406267229e-01
4.224489795647998847e+01,6.862602023852387712e-01,6.249773606483353117e-01
4.226757369343998505e+01,6.847040568016984352e-01,6.235601784247336576e-01
4.229024943039998874e+01,6.831514398929504628e-01,6.221462097662646684e-01
4.231292516735999243e+01,6.816023436574647487e-01,6.207354473859326704e-01
4.233560090431999612e+01,6.800567601118551186e-01,6.193278840132655505e-01
4.235827664127999270e+01,6.785146812908385838e-01,6.179235123942777852e-01
4.238095237823999639e+01,6.769760992471937078e-01,6.165223252914325824e-01
4.240362811519999298e+01,6.754410060517200831e-01,6.151243154836050220e-01
4.242630385215998956e+01,6.739093937931974754e-01,6.137294757660444189e-01
4.244897958911999325e+01,6.723812545783447447e-01,6.123377989503374641e-01
4.247165532607998983e+01,6.708565805317794339e-01,6.109492778643711430e-01
4.249433106303999352e+01,6.693353637959771341e-01,6.095639053522957651e-01
4.251700679999999011e+01,6.678175965312308504e-01,6.081816742744878823e-01
4.253968253695999380e+01,6.663032709156107014e-01,6.068025775075138739e-01
4.256235827391999038e+01,6.647923791449237285e-01,6.054266079440928650e-01
4.258503401087999407e+01,6.632849134326734841e-01,6.040537584930604220e-01
4.260770974783999065e+01,6.617808660100199525e-01,6.026840220793316938e-01
4.263038548479998724e+01,6.602802291257395817e-01,6.013173916438651068e-01
4.265306122175999093e+01,6.587829950461852047e-01,5.999538601436261720e-01
4.267573695871998751e+01,6.572891560552464041e-01,5.985934205515508477e-01
4.269841269567999120e+01,6.557987044543095445e-01,5.972360658565095681e-01
4.272108843263998779e+01,6.543116325622181373e-01,5.958817890632708281e-01
4.274376416959999148e+01,6.528279327152333167e-01,5.945305831924655449e-01
4.276643990655998806e+01,6.513475972669942049e-01,5.931824412805507540e-01
4.278911564351999175e+01,6.498706185884788322e-01,5.918373563797739711e-01
4.281179138047998833e+01,6.483969890679643910e-01,5.904953215581369985e-01
4.283446711743998492e+01,6.469267011109882670e-01,5.891563298993607312e-01
4.285714285439998861e+01,6.454597471403089592e-01,5.878203745028490745e-01
4.287981859135998519e+01,6.439961195958667783e-01,5.864874484836535284e-01
4.290249432831998888e+01,6.425358109347450997e-01,5.851575449724378819e-01
4.292517006527998547e+01,6.410788136311315055e-01,5.838306571154424640e-01
4.294784580223999626e+01,6.396251201762787053e-01,5.825067780744491719e-01
4.297052153919999284e+01,6.381747230784661218e-01,5.811859010267458325e-01
4.299319727615999653e+01,1.353235807701980820e+00,1.232392233285352301e+00
4.301587301311999312e+01,0.000000000000000000e+00,0.000000000000000000e+00
4.303854875007998970e+01,0.000000000000000000e+00,0.000000000000000000e+00
4.306122448703999339e+01,0.000000000000000000e+00,0.000000000000000000e+00
4.308390022399998998e+01,7.165081928390194532e-01,6.525242141202607371e-01
4.310657596095999367e+01,1.431391650546988803e+00,1.303568781496579287e+00
4.312925169791999025e+01,0.000000000000000000e+00,0.000000000000000000e+00
4.315192743487999394e+01,7.165081928390194532e-01,6.525242141202607371e-01
4.317460317183999052e+01,1.431391650546988803e+00,1.303568781496579287e+00
4.319727890879999421e+01,0.000000000000000000e+00,0.000000000000000000e+00
4.321995464575999080e+01,7.165081928390194532e-01,6.525242141202607371e-01
4.324263038271998738e+01,1.431391650546988803e+00,1.303568781496579287e+00
4.326530611967999107e+01,0.000000000000000000e+00,0.000000000000000000e+00
4.328798185663998765e+01,7.165081928390194532e-01,6.525242141202607371e-01
4.331065759359999134e+01,1.431391650546988803e+00,1.303568781496579287e+00
4.333333333055998793e+01,0.000000000000000000e+00,0.000000000000000000e+00
4.335600906751999162e+01,7.165081928390194532e-01,6.525242141202607371e-01
4.337868480447998820e+01,1.431391650546988803e+00,1.303568781496579287e+00
4.340136054143999189e+01,0.000000000000000000e+00,0.000000000000000000e+00
4.342403627839998848e+01,7.165081928390194532e-01,6.525242141202607371e-01
4.344671201535998506e+01,1.431391650546988803e+00,1.303568781496579287e+00
4.346938775231998875e+01,0.000000000000000000e+00,0.000000000000000000e+00
4.349206348927998533e+01,7.165081928390194532e-01,6.525242141202607371e-01
4.351473922623998902e+01,1.431391650546988803e+00,1.303568781496579287e+00
4.353741496319998561e+01,0.000000000000000000e+00,0.000000000000000000e+00
4.356009070015998930e+01,7.165081928390194532e-01,6.525242141202607371e-01
4.358276643711999299e+01,1.431391650546988803e+00,1.303568781496579287e+00
4.360544217407999668e+01,0.000000000000000000e+00,0.000000000000000000e+00
4.362811791103999326e+01,7.165081928390194532e-01,6.525242141202607371e-01
4.365079364799998984e+01,1.431391650546988803e+00,1.303568781496579287e+00
4.367346938495999353e+01,0.000000000000000000e+00,0.000000000000000000e+00
4.369614512191999012e+01,7.165081928390194532e-01,6.525242141202607371e-01
4.371882085887999381e+01,1.431391650546988803e+00,1.303568781496579287e+00
4.374149659583999039e+01,0.000000000000000000e+00,0.000000000000000000e+00
4.376417233279999408e+01,7.165081928390194532e-01,6.525242141202607371e-01
4.378684806975999066e+01,1.431391650546988803e+00,1.303568781496579287e+00
4.380952380671999435e+01,0.000000000000000000e+00,0.000000000000000000e+00
4.383219954367999094e+01,7.165081928390194532e-01,6.525242141202607371e-01
4.385487528063998752e+01,1.431391650546988803e+00,1.303568781496579287e+00
4.387755101759999121e+01,0.000000000000000000e+00,0.000000000000000000e+00
4.390022675455998780e+01,7.165081928390194532e-01,6.525242141202607371e-01
4.392290249151999149e+01,1.431391650546988803e+00,1.303568781496579287e+00
4.394557822847998807e+01,0.000000000000000000e+00,0.000000000000000000e+00
4.396825396543999176e+01,7.165081928390194532e-01,6.525242141202607371e-01
4.399092970239998834e+01,1.431391650546988803e+00,1.303568781496579287e+00
4.401360543935999203e+01,0.000000000000000000e+00,0.000000000000000000e+00
4.403628117631998862e+01,7.165081928390194532e-01,6.525242141202607371e-01
4.405895691327998520e+01,1.431391650546988803e+00,1.303568781496579287e+00
4.408163265023998889e+01,0.000000000000000000e+00,0.000000000000000000e+00
4.410430838719998548e+01,7.874312688966391693e-01,9.909182851925093516e-01
4.412698412415998916e+01,1.502153903302900773e+00,1.641195519074382325e+00
4.414965986111998575e+01,0.000000000000000000e+00,0.000000000000000000e+00
4.417233559807998944e+01,7.874312688966391693e-01,9.909182851925093516e-01
4.419501133503998602e+01,1.573076979360520600e+00,1.979589590146630940e+00
4.421768707199999682e+01,0.000000000000000000e+00,0.000000000000000000e+00
4.424036280895999340e+01,7.874312688966391693e-01,9.909182851925093516e-01
4.426303854591998999e+01,1.573076979360520600e+00,1.979589590146630940e+00
4.428571428287999368e+01,0.000000000000000000e+00,0.000000000000000000e+00
4.430839001983999026e+01,7.874312688966391693e-01,9.909182851925093516e-01
4.433106575679999395e+01,1.573076979360520600e+00,1.979589590146630940e+00
4.435374149375999053e+01,0.000000000000000000e+00,0.000000000000000000e+00
4.437641723071999422e+01,7.874312688966391693e-01,9.909182851925093516e-01
4.439909296767999081e+01,1.573076979360520600e+00,1.979589590146630940e+00
4.442176870463999450e+01,0.000000000000000000e+00,0.000000000000000000e+00
4.444444444159999108e+01,7.874312688966391693e-01,9.909182851925093516e-01
4.446712017855998766e+01,1.573076979360520600e+00,1.979589590146630940e+00
4.448979591551999135e+01,0.000000000000000000e+00,0.000000000000000000e+00
4.451247165247998794e+01,7.874312688966391693e-01,9.909182851925093516e-01
4.453514738943999163e+01,1.573076979360520600e+00,1.979589590146630940e+00
4.455782312639998821e+01,0.000000000000000000e+00,0.000000000000000000e+00
4.458049886335999190e+01,7.874312688966391693e-01,9.909182851925093516e-01
4.460317460031998849e+01,1.573076979360520600e+00,1.979589590146630940e+00
4.462585033727999217e+01,0.000000000000000000e+00,0.000000000000000000e+00
4.464852607423998876e+01,7.874312688966391693e-01,9.909182851925093516e-01
4.467120181119998534e+01,1.573076979360520600e+00,1.979589590146630940e+00
4.469387754815998903e+01,0.000000000000000000e+00,0.000000000000000000e+00
4.471655328511998562e+01,7.874312688966391693e-01,9.909182851925093516e-01
4.473922902207998931e+01,1.573076979360520600e+00,1.979589590146630940e+00
4.476190475903998589e+01,0.000000000000000000e+00,0.000000000000000000e+00
4.478458049599998958e+01,7.874312688966391693e-01,9.909182851925093516e-01
4.480725623295998616e+01,1.573076979360520600e+00,1.979589590146630940e+00
4.482993196991998985e+01,0.000000000000000000e+00,0.000000000000000000e+00
4.485260770687999354e+01,7.874312688966391693e-01,9.909182851925093516e-01
4.487528344383999013e+01,1.573076979360520600e+00,1.979589590146630940e+00
4.489795918079999382e+01,0.000000000000000000e+00,0.000000000000000000e+00
4.492063491775999040e+01,7.874312688966391693e-01,9.909182851925093516e-01
4.494331065471999409e+01,1.573076979360520600e+00,1.979589590146630940e+00
4.496598639167999067e+01,0.000000000000000000e+00,0.000000000000000000e+00
4.498866212863999436e+01,7.874312688966391693e-01,9.909182851925093516e-01
4.501133786559999095e+01,1.573076979360520600e+00,1.979589590146630940e+00
4.503401360255999464e+01,0.000000000000000000e+00,0.000000000000000000e+00
4.505668933951999122e+01,7.874312688966391693e-01,9.909182851925093516e-01
4.507936507647998781e+01,1.573076979360520600e+00,1.979589590146630940e+00
4.510204081343999150e+01,0.000000000000000000e+00,0.000000000000000000e+00
4.512471655039998808e+01,7.874312688966391693e-01,9.909182851925093516e-01
4.514739228735999177e+01,1.573076979360520600e+00,1.979589590146630940e+00
4.517006802431998835e+01,0.000000000000000000e+00,0.000000000000000000e+00
4.519274376127999204e+01,7.874312688966391693e-01,9.909182851925093516e-01
4.521541949823998863e+01,1.573076979360520600e+00,1.979589590146630940e+00
4.523809523519999232e+01,0.000000000000000000e+00,0.000000000000000000e+00
4.526077097215998890e+01,7.874312688966391693e-01,9.909182851925093516e-01
4.528344670911998548e+01,1.573076979360520600e+00,1.979589590146630940e+00
4.530612244607998917e+01,0.000000000000000000e+00,0.000000000000000000e+00
4.532879818303998576e+01,7.874312688966391693e-01,9.909182851925093516e-01
4.535147391999998945e+01,1.573076979360520600e+00,1.979589590146630940e+00
4.537414965695998603e+01,0.000000000000000000e+00,0.000000000000000000e+00
4.539682539391998972e+01,7.874312688966391693e-01,9.909182851925093516e-01
4.541950113087998631e+01,1.573076979360520600e+00,1.979589590146630940e+00
4.544217686783999000e+01,0.000000000000000000e+00,0.000000000000000000e+00
4.546485260479998658e+01,7.874312688966391693e-01,9.909182851925093516e-01
4.548752834175999027e+01,1.573076979360520600e+00,1.979589590146630940e+00
4.551020407871999396e+01,0.000000000000000000e+00,0.000000000000000000e+00
4.553287981567999054e+01,7.874312688966391693e-01,9.909182851925093516e-01
4.555555555263999423e+01,1.573076979360520600e+00,1.979589590146630940e+00
4.557823128959999082e+01,0.000000000000000000e+00,0.000000000000000000e+00
4.560090702655999451e+01,7.874312688966391693e-01,9.909182851925093516e-01
4.562358276351999109e+01,1.573076979360520600e+00,1.979589590146630940e+00
4.564625850047999478e+01,0.000000000000000000e+00,0.000000000000000000e+00
4.566893423743999136e+01,7.874312688966391693e-01,9.909182851925093516e-01
4.569160997439998795e+01,1.573076979360520600e+00,1.979589590146630940e+00
4.571428571135999164e+01,0.000000000000000000e+00,0.000000000000000000e+00
4.573696144831998822e+01,7.874312688966391693e-01,9.909182851925093516e-01
4.575963718527999191e+01,1.573076979360520600e+00,1.979589590146630940e+00
4.578231292223998850e+01,0.000000000000000000e+00,0.000000000000000000e+00
4.580498865919999218e+01,7.874312688966391693e-01,9.909182851925093516e-01
4.582766439615998877e+01,1.573076979360520600e+00,1.979589590146630940e+00
4.585034013311999246e+01,0.000000000000000000e+00,0.000000000000000000e+00
4.587301587007998904e+01,7.874312688966391693e-01,9.909182851925093516e-01
4.589569160703998563e+01,1.573076979360520600e+00,1.979589590146630940e+00
4.591836734399998932e+01,0.000000000000000000e+00,0.000000000000000000e+00
4.594104308095998590e+01,7.874312688966391693e-01,9.909182851925093516e-01
4.596371881791998959e+01,1.573076979360520600e+00,1.979589590146630940e+00
4.598639455487998617e+01,0.000000000000000000e+00,0.000000000000000000e+00
4.600907029183998986e+01,7.874312688966391693e-01,9.909182851925093516e-01
4.603174602879998645e+01,1.573076979360520600e+00,1.979589590146630940e+00
4.605442176575999014e+01,0.000000000000000000e+00,0.000000000000000000e+00
4.607709750271998672e+01,7.874312688966391693e-01,9.909182851925093516e-01
4.609977323967998331e+01,1.573076979360520600e+00,1.979589590146630940e+00
4.612244897663999410e+01,0.000000000000000000e+00,0.000000000000000000e+00
4.614512471359999068e+01,7.874312688966391693e-01,9.909182851925093516e-01
4.616780045055999437e+01,1.573076979360520600e+00,1.979589590146630940e+00
4.619047618751999096e+01,0.000000000000000000e+00,0.000000000000000000e+00
4.621315192447999465e+01,7.874312688966391693e-01,9.909182851925093516e-01
4.623582766143999123e+01,1.573076979360520600e+00,1.979589590146630940e+00
4.625850339839999492e+01,0.000000000000000000e+00,0.000000000000000000e+00
4.628117913535999151e+01,7.874312688966391693e-01,9.909182851925093516e-01
4.630385487231998809e+01,1.573076979360520600e+00,1.979589590146630940e+00
4.632653060927999178e+01,0.000000000000000000e+00,0.000000000000000000e+00
4.634920634623998836e+01,7.874312688966391693e-01,9.909182851925093516e-01
4.637188208319999205e+01,1.573076979360520600e+00,1.979589590146630940e+00
4.639455782015998864e+01,0.000000000000000000e+00,0.000000000000000000e+00
4.641723355711999233e+01,7.874312688966391693e-01,9.909182851925093516e-01
4.643990929407998891e+01,1.573076979360520600e+00,1.979589590146630940e+00
4.646258503103999260e+01,0.000000000000000000e+00,0.000000000000000000e+00
4.648526076799998918e+01,7.874312688966391693e-01,9.909182851925093516e-01
4.650793650495998577e+01,1.573076979360520600e+00,1.979589590146630940e+00
4.653061224191998946e+01,0.000000000000000000e+00,0.000000000000000000e+00
4.655328797887998604e+01,7.874312688966391693e-01,9.909182851925093516e-01
4.657596371583998973e+01,1.573076979360520600e+00,1.979589590146630940e+00
4.659863945279998632e+01,0.000000000000000000e+00,0.000000000000000000e+00
4.662131518975999001e+01,7.874312688966391693e-01,9.909182851925093516e-01
4.664399092671998659e+01,1.573076979360520600e+00,1.979589590146630940e+00
4.666666666367999028e+01,0.000000000000000000e+00,0.000000000000000000e+00
4.668934240063998686e+01,7.874312688966391693e-01,9.909182851925093516e-01
4.671201813759998345e+01,1.573076979360520600e+00,1.979589590146630940e+00
4.673469387455998714e+01,0.000000000000000000e+00,0.000000000000000000e+00
4.675736961151998372e+01,7.874312688966391693e-01,9.909182851925093516e-01
4.678004534847999452e+01,1.573076979360520600e+00,1.979589590146630940e+00
4.680272108543999110e+01,0.000000000000000000e+00,0.000000000000000000e+00
4.682539682239999479e+01,7.874312688966391693e-01,9.909182851925093516e-01
4.684807255935999137e+01,1.573076979360520600e+00,1.979589590146630940e+00
4.687074829631999506e+01,0.000000000000000000e+00,0.000000000000000000e+00
4.689342403327999165e+01,7.874312688966391693e-01,9.909182851925093516e-01
4.691609977023998823e+01,1.573076979360520600e+00,1.979589590146630940e+00
4.693877550719999192e+01,0.000000000000000000e+00,0.000000000000000000e+00
4.696145124415998851e+01,7.874312688966391693e-01,9.909182851925093516e-01
4.698412698111999219e+01,1.573076979360520600e+00,1.979589590146630940e+00
4.700680271807998878e+01,0.000000000000000000e+00,0.000000000000000000e+00
4.702947845503999247e+01,7.874312688966391693e-01,9.909182851925093516e-01
4.705215419199998905e+01,1.573076979360520600e+00,1.979589590146630940e+00
4.707482992895999274e+01,0.000000000000000000e+00,0.000000000000000000e+00
4.709750566591998933e+01,7.874312688966391693e-01,9.909182851925093516e-01
4.712018140287998591e+01,1.573076979360520600e+00,1.979589590146630940e+00
4.714285713983998960e+01,0.000000000000000000e+00,0.000000000000000000e+00
4.716553287679998618e+01,7.874312688966391693e-01,9.909182851925093516e-01
4.718820861375998987e+01,1.573076979360520600e+00,1.979589590146630940e+00
4.721088435071998646e+01,0.000000000000000000e+00,0.000000000000000000e+00
4.723356008767999015e+01,7.874312688966391693e-01,9.909182851925093516e-01
4.725623582463998673e+01,1.573076979360520600e+00,1.979589590146630940e+00
4.727891156159999042e+01,0.000000000000000000e+00,0.000000000000000000e+00
4.730158729855998700e+01,7.874312688966391693e-01,9.909182851925093516e-01
4.732426303551998359e+01,1.573076979360520600e+00,1.979589590146630940e+00
4.734693877247998728e+01,0.000000000000000000e+00,0.000000000000000000e+00
4.736961450943998386e+01,7.874312688966391693e-01,9.909182851925093516e-01
4.739229024639998755e+01,1.573076979360520600e+00,1.979589590146630940e+00
4.741496598335999124e+01,0.000000000000000000e+00,0.000000000000000000e+00
4.743764172031999493e+01,7.874312688966391693e-01,9.909182851925093516e-01
4.746031745727999152e+01,1.573076979360520600e+00,1.979589590146630940e+00
4.748299319423999520e+01,0.000000000000000000e+00,0.000000000000000000e+00
4.750566893119999179e+01,7.874312688966391693e-01,9.909182851925093516e-01
4.752834466815998837e+01,1.573076979360520600e+00,1.979589590146630940e+00
4.755102040511999206e+01,0.000000000000000000e+00,0.000000000000000000e+00
4.757369614207998865e+01,7.874312688966391693e-01,9.909182851925093516e-01
4.759637187903999234e+01,1.573076979360520600e+00,1.979589590146630940e+00
4.761904761599998892e+01,0.000000000000000000e+00,0.000000000000000000e+00
4.764172335295999261e+01,7.874312688966391693e-01,9.909182851925093516e-01
4.766439908991998919e+01,1.573076979360520600e+00,1.979589590146630940e+00
4.768707482687999288e+01,0.000000000000000000e+00,0.000000000000000000e+00
4.770975056383998947e+01,7.874312688966391693e-01,9.909182851925093516e-01
4.773242630079998605e+01,1.573076979360520600e+00,1.979589590146630940e+00
4.775510203775998974e+01,0.000000000000000000e+00,0.000000000000000000e+00
4.777777777471998633e+01,7.874312688966391693e-01,9.909182851925093516e-01
4.780045351167999002e+01,1.573076979360520600e+00,1.979589590146630940e+00
4.782312924863998660e+01,0.000000000000000000e+00,0.000000000000000000e+00
4.784580498559999029e+01,7.874312688966391693e-01,9.909182851925093516e-01
4.786848072255998687e+01,1.573076979360520600e+00,1.979589590146630940e+00
4.789115645951999056e+01,0.000000000000000000e+00,0.000000000000000000e+00
4.791383219647998715e+01,7.165081928390194532e-01,6.525242141202607371e-01
4.793650793343998373e+01,1.431391650546988803e+00,1.303568781496579287e+00
4.795918367039998742e+01,0.000000000000000000e+00,0.000000000000000000e+00
4.798185940735998400e+01,7.165081928390194532e-01,6.525242141202607371e-01
4.800453514431998769e+01,1.431391650546988803e+00,1.303568781496579287e+00
4.802721088127998428e+01,0.000000000000000000e+00,0.000000000000000000e+00
4.804988661823999507e+01,7.165081928390194532e-01,6.525242141202607371e-01
4.807256235519999166e+01,1.431391650546988803e+00,1.303568781496579287e+00
4.809523809215999535e+01,0.000000000000000000e+00,0.000000000000000000e+00
4.811791382911999193e+01,7.165081928390194532e-01,6.525242141202607371e-01
4.814058956607998851e+01,1.431391650546988803e+00,1.303568781496579287e+00
4.816326530303999220e+01,0.000000000000000000e+00,0.000000000000000000e+00
4.818594103999998879e+01,7.165081928390194532e-01,6.525242141202607371e-01
4.820861677695999248e+01,1.431391650546988803e+00,1.303568781496579287e+00
4.823129251391998906e+01,0.000000000000000000e+00,0.000000000000000000e+00
4.825396825087999275e+01,7.165081928390194532e-01,6.525242141202607371e-01
4.827664398783998934e+01,1.431391650546988803e+00,1.303568781496579287e+00
4.829931972479999303e+01,0.000000000000000000e+00,0.000000000000000000e+00
4.832199546175998961e+01,7.165081928390194532e-01,6.525242141202607371e-01
4.834467119871998619e+01,1.431391650546988803e+00,1.303568781496579287e+00
4.836734693567998988e+01,0.000000000000000000e+00,0.000000000000000000e+00
4.839002267263998647e+01,7.165081928390194532e-01,6.525242141202607371e-01
4.841269840959999016e+01,1.431391650546988803e+00,1.303568781496579287e+00
4.843537414655998674e+01,0.000000000000000000e+00,0.000000000000000000e+00
4.845804988351999043e+01,7.165081928390194532e-01,6.525242141202607371e-01
4.848072562047998701e+01,1.431391650546988803e+00,1.303568781496579287e+00
4.850340135743999070e+01,0.000000000000000000e+00,0.000000000000000000e+00
4.852607709439998729e+01,7.165081928390194532e-01,6.525242141202607371e-01
4.854875283135998387e+01,1.431391650546988803e+00,1.303568781496579287e+00
4.857142856831998756e+01,0.000000000000000000e+00,0.000000000000000000e+00
4.859410430527998415e+01,7.165081928390194532e-01,6.525242141202607371e-01
4.861678004223998784e+01,1.431391650546988803e+00,1.303568781496579287e+00
4.863945577919998442e+01,0.000000000000000000e+00,0.000000000000000000e+00
4.866213151615998811e+01,7.165081928390194532e-01,6.525242141202607371e-01
4.868480725311999180e+01,1.431391650546988803e+00,1.303568781496579287e+00
4.870748299007999549e+01,0.000000000000000000e+00,0.000000000000000000e+00
4.873015872703999207e+01,7.165081928390194532e-01,6.525242141202607371e-01
4.875283446399998866e+01,1.431391650546988803e+00,1.303568781496579287e+00
4.877551020095999235e+01,0.000000000000000000e+00,0.000000000000000000e+00
4.879818593791998893e+01,7.165081928390194532e-01,6.525242141202607371e-01
4.882086167487999262e+01,1.431391650546988803e+00,1.303568781496579287e+00
4.884353741183998920e+01,0.000000000000000000e+00,0.000000000000000000e+00
4.886621314879999289e+01,7.165081928390194532e-01,6.525242141202607371e-01
4.888888888575998948e+01,1.431391650546988803e+00,1.303568781496579287e+00
4.891156462271999317e+01,0.000000000000000000e+00,0.000000000000000000e+00
4.893424035967998975e+01,7.165081928390194532e-01,6.525242141202607371e-01
4.895691609663998634e+01,1.431391650546988803e+00,1.303568781496579287e+00
4.897959183359999003e+01,0.000000000000000000e+00,0.000000000000000000e+00
4.900226757055998661e+01,7.165081928390194532e-01,6.525242141202607371e-01
4.902494330751999030e+01,7.148834577079692387e-01,6.510445673763185503e-01
4.904761904447998688e+01,7.132624067835651172e-01,6.495682758404123236e-01
4.907029478143999057e+01,1.428153224550616551e+00,1.300619546024621265e+00
4.909297051839998716e+01,0.000000000000000000e+00,0.000000000000000000e+00
4.911564625535999085e+01,0.000000000000000000e+00,0.000000000000000000e+00
4.913832199231998743e+01,0.000000000000000000e+00,0.000000000000000000e+00
4.916099772927998401e+01,0.000000000000000000e+00,0.000000000000000000e+00
4.918367346623998770e+01,0.000000000000000000e+00,0.000000000000000000e+00
4.920634920319998429e+01,0.000000000000000000e+00,0.000000000000000000e+00
4.922902494015998798e+01,0.000000000000000000e+00,0.000000000000000000e+00
4.925170067711998456e+01,0.000000000000000000e+00,0.000000000000000000e+00
4.927437641407998825e+01,0.000000000000000000e+00,0.000000000000000000e+00
4.929705215103998484e+01,0.000000000000000000e+00,0.000000000000000000e+00
4.931972788799999563e+01,0.000000000000000000e+00,0.000000000000000000e+00
4.934240362495999221e+01,0.000000000000000000e+00,0.000000000000000000e+00
4.936507936191998880e+01,0.000000000000000000e+00,0.000000000000000000e+00
4.938775509887999249e+01,0.000000000000000000e+00,0.000000000000000000e+00
4.941043083583998907e+01,0.000000000000000000e+00,0.000000000000000000e+00
4.943310657279999276e+01,0.000000000000000000e+00,0.000000000000000000e+00
4.945578230975998935e+01,0.000000000000000000e+00,0.000000000000000000e+00
4.947845804671999304e+01,0.000000000000000000e+00,0.000000000000000000e+00
4.950113378367998962e+01,0.000000000000000000e+00,0.000000000000000000e+00
4.952380952063999331e+01,0.000000000000000000e+00,0.000000000000000000e+00
4.954648525759998989e+01,0.000000000000000000e+00,0.000000000000000000e+00
4.956916099455998648e+01,0.000000000000000000e+00,0.000000000000000000e+00
4.959183673151999017e+01,0.000000000000000000e+00,0.000000000000000000e+00
4.961451246847998675e+01,0.000000000000000000e+00,0.000000000000000000e+00
4.963718820543999044e+01,0.000000000000000000e+00,0.000000000000000000e+00
4.965986394239998702e+01,0.000000000000000000e+00,0.000000000000000000e+00
4.968253967935999071e+01,0.000000000000000000e+00,0.000000000000000000e+00
4.970521541631998730e+01,0.000000000000000000e+00,0.000000000000000000e+00
4.972789115327999099e+01,0.000000000000000000e+00,0.000000000000000000e+00
4.975056689023998757e+01,0.000000000000000000e+00,0.000000000000000000e+00
4.977324262719998416e+01,0.000000000000000000e+00,0.000000000000000000e+00
4.979591836415998785e+01,0.000000000000000000e+00,0.000000000000000000e+00
4.981859410111998443e+01,0.000000000000000000e+00,0.000000000000000000e+00
4.984126983807998812e+01,0.000000000000000000e+00,0.000000000000000000e+00
4.986394557503998470e+01,0.000000000000000000e+00,0.000000000000000000e+00
4.988662131199998839e+01,0.000000000000000000e+00,0.000000000000000000e+00
4.990929704895998498e+01,0.000000000000000000e+00,0.000000000000000000e+00
4.993197278591998867e+01,0.000000000000000000e+00,0.000000000000000000e+00
4.995464852287999236e+01,0.000000000000000000e+00,0.000000000000000000e+00
4.997732425983998894e+01,0.000000000000000000e+00,0.000000000000000000e+00
4.999999999679999263e+01,0.000000000000000000e+00,0.000000000000000000e+00
5.002267573375998921e+01,0.000000000000000000e+00,0.000000000000000000e+00
5.004535147071999290e+01,0.000000000000000000e+00,0.000000000000000000e+00
5.006802720767998949e+01,0.000000000000000000e+00,0.000000000000000000e+00
5.009070294463999318e+01,0.000000000000000000e+00,0.000000000000000000e+00
5.011337868159998976e+01,0.000000000000000000e+00,0.000000000000000000e+00
5.013605441855999345e+01,0.000000000000000000e+00,0.000000000000000000e+00
5.015873015551999003e+01,0.000000000000000000e+00,0.000000000000000000e+00
5.018140589247998662e+01,0.000000000000000000e+00,0.000000000000000000e+00
5.020408162943999031e+01,0.000000000000000000e+00,0.000000000000000000e+00
5.022675736639998689e+01,0.000000000000000000e+00,0.000000000000000000e+00
5.024943310335999058e+01,0.000000000000000000e+00,0.000000000000000000e+00
5.027210884031998717e+01,0.000000000000000000e+00,0.000000000000000000e+00
5.029478457727999086e+01,0.000000000000000000e+00,0.000000000000000000e+00
5.031746031423998744e+01,0.000000000000000000e+00,0.000000000000000000e+00
5.034013605119999113e+01,0.000000000000000000e+00,0.000000000000000000e+00
5.036281178815998771e+01,0.000000000000000000e+00,0.000000000000000000e+00
5.038548752511998430e+01,0.000000000000000000e+00,0.000000000000000000e+00
5.040816326207998799e+01,7.165081928390194532e-01,6.525242141202607371e-01
5.043083899903998457e+01,7.148834577079692387e-01,6.510445673763185503e-01
5.045351473599998826e+01,7.132624067835651172e-01,6.495682758404123236e-01
5.047619047295998485e+01,1.428153224550616551e+00,1.300619546024621265e+00
5.049886620991998853e+01,0.000000000000000000e+00,0.000000000000000000e+00
5.052154194687998512e+01,0.000000000000000000e+00,0.000000000000000000e+00
5.054421768383998881e+01,7.165081928390194532e-01,6.525242141202607371e-01
5.056689342079998539e+01,1.431391650546988803e+00,1.303568781496579287e+00
5.058956915775998908e+01,0.000000000000000000e+00,0.000000000000000000e+00
5.061224489471999277e+01,7.165081928390194532e-01,6.525242141202607371e-01
5.063492063167998936e+01,1.431391650546988803e+00,1.303568781496579287e+00
5.065759636863999305e+01,0.000000000000000000e+00,0.000000000000000000e+00
5.068027210559998963e+01,7.165081928390194532e-01,6.525242141202607371e-01
5.070294784255999332e+01,1.431391650546988803e+00,1.303568781496579287e+00
5.072562357951998990e+01,0.000000000000000000e+00,0.000000000000000000e+00
5.074829931647999359e+01,7.165081928390194532e-01,6.525242141202607371e-01
5.077097505343999018e+01,1.431391650546988803e+00,1.303568781496579287e+00
5.079365079039998676e+01,0.000000000000000000e+00,0.000000000000000000e+00
5.081632652735999045e+01,7.165081928390194532e-01,6.525242141202607371e-01
5.083900226431998703e+01,1.431391650546988803e+00,1.303568781496579287e+00
5.086167800127999072e+01,0.000000000000000000e+00,0.000000000000000000e+00
5.088435373823998731e+01,7.165081928390194532e-01,6.525242141202607371e-01
5.090702947519999100e+01,1.431391650546988803e+00,1.303568781496579287e+00
5.092970521215998758e+01,0.000000000000000000e+00,0.000000000000000000e+00
5.095238094911999127e+01,7.165081928390194532e-01,6.525242141202607371e-01
5.097505668607998786e+01,1.431391650546988803e+00,1.303568781496579287e+00
5.099773242303998444e+01,0.000000000000000000e+00,0.000000000000000000e+00
5.102040815999998813e+01,7.165081928390194532e-01,6.525242141202607371e-01
5.104308389695998471e+01,1.431391650546988803e+00,1.303568781496579287e+00
5.106575963391998840e+01,0.000000000000000000e+00,0.000000000000000000e+00
5.108843537087998499e+01,7.165081928390194532e-01,6.525242141202607371e-01
5.111111110783998868e+01,1.431391650546988803e+00,1.303568781496579287e+00
5.113378684479998526e+01,0.000000000000000000e+00,0.000000000000000000e+00
5.115646258175998895e+01,7.165081928390194532e-01,6.525242141202607371e-01
5.117913831871998553e+01,1.431391650546988803e+00,1.303568781496579287e+00
5.120181405567998212e+01,0.000000000000000000e+00,0.000000000000000000e+00
5.122448979263999291e+01,7.165081928390194532e-01,6.525242141202607371e-01
5.124716552959998950e+01,1.431391650546988803e+00,1.303568781496579287e+00
5.126984126655999319e+01,0.000000000000000000e+00,0.000000000000000000e+00
5.129251700351998977e+01,7.165081928390194532e-01,6.525242141202607371e-01
5.131519274047999346e+01,1.431391650546988803e+00,1.303568781496579287e+00
5.133786847743999004e+01,0.000000000000000000e+00,0.000000000000000000e+00
5.136054421439999373e+01,7.165081928390194532e-01,6.525242141202607371e-01
5.138321995135999032e+01,1.431391650546988803e+00,1.303568781496579287e+00
5.140589568831998690e+01,0.000000000000000000e+00,0.000000000000000000e+00
5.142857142527999059e+01,7.165081928390194532e-01,6.525242141202607371e-01
5.145124716223998718e+01,1.431391650546988803e+00,1.303568781496579287e+00
5.147392289919999087e+01,0.000000000000000000e+00,0.000000000000000000e+00
5.149659863615998745e+01,7.165081928390194532e-01,6.525242141202607371e-01
5.151927437311999114e+01,1.431391650546988803e+00,1.303568781496579287e+00
5.154195011007998772e+01,0.000000000000000000e+00,0.000000000000000000e+00
5.156462584703999141e+01,7.165081928390194532e-01,6.525242141202607371e-01
5.158730158399998800e+01,1.431391650546988803e+00,1.303568781496579287e+00
5.160997732095998458e+01,0.000000000000000000e+00,0.000000000000000000e+00
5.163265305791998827e+01,7.165081928390194532e-01,6.525242141202607371e-01
5.165532879487998486e+01,1.431391650546988803e+00,1.303568781496579287e+00
5.167800453183998854e+01,0.000000000000000000e+00,0.000000000000000000e+00
5.170068026879998513e+01,7.874312688966391693e-01,9.909182851925093516e-01
5.172335600575998882e+01,1.502153903302900773e+00,1.641195519074382325e+00
5.174603174271998540e+01,0.000000000000000000e+00,0.000000000000000000e+00
5.176870747967998909e+01,7.874312688966391693e-01,9.909182851925093516e-01
5.179138321663998568e+01,1.573076979360520600e+00,1.979589590146630940e+00
5.181405895359998226e+01,0.000000000000000000e+00,0.000000000000000000e+00
5.183673469055998595e+01,7.874312688966391693e-01,9.909182851925093516e-01
5.185941042751998964e+01,1.573076979360520600e+00,1.979589590146630940e+00
5.188208616447999333e+01,0.000000000000000000e+00,0.000000000000000000e+00
5.190476190143998991e+01,7.874312688966391693e-01,9.909182851925093516e-01
5.192743763839999360e+01,1.573076979360520600e+00,1.979589590146630940e+00
5.195011337535999019e+01,0.000000000000000000e+00,0.000000000000000000e+00
5.197278911231999388e+01,7.874312688966391693e-01,9.909182851925093516e-01
5.199546484927999046e+01,1.573076979360520600e+00,1.979589590146630940e+00
5.201814058623998704e+01,0.000000000000000000e+00,0.000000000000000000e+00
5.204081632319999073e+01,7.874312688966391693e-01,9.909182851925093516e-01
5.206349206015998732e+01,1.573076979360520600e+00,1.979589590146630940e+00
5.208616779711999101e+01,0.000000000000000000e+00,0.000000000000000000e+00
5.210884353407998759e+01,7.874312688966391693e-01,9.909182851925093516e-01
5.213151927103999128e+01,1.573076979360520600e+00,1.979589590146630940e+00
5.215419500799998787e+01,0.000000000000000000e+00,0.000000000000000000e+00
5.217687074495999155e+01,7.874312688966391693e-01,9.909182851925093516e-01
5.219954648191998814e+01,1.573076979360520600e+00,1.979589590146630940e+00
5.222222221887998472e+01,0.000000000000000000e+00,0.000000000000000000e+00
5.224489795583998841e+01,7.874312688966391693e-01,9.909182851925093516e-01
5.226757369279998500e+01,1.573076979360520600e+00,1.979589590146630940e+00
5.229024942975998869e+01,0.000000000000000000e+00,0.000000000000000000e+00
5.231292516671998527e+01,7.874312688966391693e-01,9.909182851925093516e-01
5.233560090367998896e+01,1.573076979360520600e+00,1.979589590146630940e+00
5.235827664063998554e+01,0.000000000000000000e+00,0.000000000000000000e+00
5.238095237759998923e+01,7.874312688966391693e-01,9.909182851925093516e-01
5.240362811455998582e+01,1.573076979360520600e+00,1.979589590146630940e+00
5.242630385151998240e+01,0.000000000000000000e+00,0.000000000000000000e+00
5.244897958847998609e+01,7.874312688966391693e-01,9.909182851925093516e-01
5.247165532543998268e+01,1.573076979360520600e+00,1.979589590146630940e+00
5.249433106239999347e+01,0.000000000000000000e+00,0.000000000000000000e+00
5.251700679935999005e+01,7.874312688966391693e-01,9.909182851925093516e-01
5.253968253631999374e+01,1.573076979360520600e+00,1.979589590146630940e+00
5.256235827327999033e+01,0.000000000000000000e+00,0.000000000000000000e+00
5.258503401023999402e+01,7.874312688966391693e-01,9.909182851925093516e-01
5.260770974719999060e+01,1.573076979360520600e+00,1.979589590146630940e+00
5.263038548415998719e+01,0.000000000000000000e+00,0.000000000000000000e+00
5.265306122111999088e+01,7.874312688966391693e-01,9.909182851925093516e-01
5.267573695807998746e+01,1.573076979360520600e+00,1.979589590146630940e+00
5.269841269503999115e+01,0.000000000000000000e+00,0.000000000000000000e+00
5.272108843199998773e+01,7.874312688966391693e-01,9.909182851925093516e-01
5.274376416895999142e+01,1.573076979360520600e+00,1.979589590146630940e+00
5.276643990591998801e+01,0.000000000000000000e+00,0.000000000000000000e+00
5.278911564287999170e+01,7.874312688966391693e-01,9.909182851925093516e-01
5.281179137983998828e+01,1.573076979360520600e+00,1.979589590146630940e+00
5.283446711679998486e+01,0.000000000000000000e+00,0.000000000000000000e+00
5.285714285375998855e+01,7.874312688966391693e-01,9.909182851925093516e-01
5.287981859071998514e+01,1.573076979360520600e+00,1.979589590146630940e+00
5.290249432767998883e+01,0.000000000000000000e+00,0.000000000000000000e+00
5.292517006463998541e+01,7.874312688966391693e-01,9.909182851925093516e-01
5.294784580159998910e+01,1.573076979360520600e+00,1.979589590146630940e+00
5.297052153855998569e+01,0.000000000000000000e+00,0.000000000000000000e+00
5.299319727551998938e+01,7.874312688966391693e-01,9.909182851925093516e-01
5.301587301247998596e+01,1.573076979360520600e+00,1.979589590146630940e+00
5.303854874943998254e+01,0.000000000000000000e+00,0.000000000000000000e+00
5.306122448639998623e+01,7.874312688966391693e-01,9.909182851925093516e-01
5.308390022335998282e+01,1.573076979360520600e+00,1.979589590146630940e+00
5.310657596031998651e+01,0.000000000000000000e+00,0.000000000000000000e+00
5.312925169727999020e+01,7.874312688966391693e-01,9.909182851925093516e-01
5.315192743423999389e+01,1.573076979360520600e+00,1.979589590146630940e+00
5.317460317119999047e+01,0.000000000000000000e+00,0.000000000000000000e+00
5.319727890815999416e+01,7.874312688966391693e-01,9.909182851925093516e-01
5.321995464511999074e+01,1.573076979360520600e+00,1.979589590146630940e+00
5.324263038207998733e+01,0.000000000000000000e+00,0.000000000000000000e+00
5.326530611903999102e+01,7.874312688966391693e-01,9.909182851925093516e-01
5.328798185599998760e+01,1.573076979360520600e+00,1.979589590146630940e+00
5.331065759295999129e+01,0.000000000000000000e+00,0.000000000000000000e+00
5.333333332991998788e+01,7.874312688966391693e-01,9.909182851925093516e-01
5.335600906687999156e+01,1.573076979360520600e+00,1.979589590146630940e+00
5.337868480383998815e+01,0.000000000000000000e+00,0.000000000000000000e+00
5.340136054079999184e+01,7.874312688966391693e-01,9.909182851925093516e-01
5.342403627775998842e+01,1.573076979360520600e+00,1.979589590146630940e+00
5.344671201471998501e+01,0.000000000000000000e+00,0.000000000000000000e+00
5.346938775167998870e+01,7.874312688966391693e-01,9.909182851925093516e-01
5.349206348863998528e+01,1.573076979360520600e+00,1.979589590146630940e+00
5.351473922559998897e+01,0.000000000000000000e+00,0.000000000000000000e+00
5.353741496255998555e+01,7.874312688966391693e-01,9.909182851925093516e-01
5.356009069951998924e+01,1.573076979360520600e+00,1.979589590146630940e+00
5.358276643647998583e+01,0.000000000000000000e+00,0.000000000000000000e+00
5.360544217343998952e+01,7.874312688966391693e-01,9.909182851925093516e-01
5.362811791039998610e+01,1.573076979360520600e+00,1.979589590146630940e+00
5.365079364735998269e+01,0.000000000000000000e+00,0.000000000000000000e+00
5.367346938431998637e+01,7.874312688966391693e-01,9.909182851925093516e-01
5.369614512127998296e+01,1.573076979360520600e+00,1.979589590146630940e+00
5.371882085823998665e+01,0.000000000000000000e+00,0.000000000000000000e+00
5.374149659519998323e+01,7.874312688966391693e-01,9.909182851925093516e-01
5.376417233215999403e+01,1.573076979360520600e+00,1.979589590146630940e+00
5.378684806911999061e+01,0.000000000000000000e+00,0.000000000000000000e+00
5.380952380607999430e+01,7.874312688966391693e-01,9.909182851925093516e-01
5.383219954303999089e+01,1.573076979360520600e+00,1.979589590146630940e+00
5.385487527999998747e+01,0.000000000000000000e+00,0.000000000000000000e+00
5.387755101695999116e+01,7.874312688966391693e-01,9.909182851925093516e-01
5.390022675391998774e+01,1.573076979360520600e+00,1.979589590146630940e+00
5.392290249087999143e+01,0.000000000000000000e+00,0.000000000000000000e+00
5.394557822783998802e+01,7.874312688966391693e-01,9.909182851925093516e-01
5.396825396479999171e+01,1.573076979360520600e+00,1.979589590146630940e+00
5.399092970175998829e+01,0.000000000000000000e+00,0.000000000000000000e+00
5.401360543871999198e+01,7.874312688966391693e-01,9.909182851925093516e-01
5.403628117567998856e+01,1.573076979360520600e+00,1.979589590146630940e+00
5.405895691263998515e+01,0.000000000000000000e+00,0.000000000000000000e+00
5.408163264959998884e+01,7.874312688966391693e-01,9.909182851925093516e-01
5.410430838655998542e+01,1.573076979360520600e+00,1.979589590146630940e+00
5.412698412351998911e+01,0.000000000000000000e+00,0.000000000000000000e+00
5.414965986047998570e+01,7.874312688966391693e-01,9.909182851925093516e-01
5.417233559743998939e+01,1.573076979360520600e+00,1.979589590146630940e+00
5.419501133439998597e+01,0.000000000000000000e+00,0.000000000000000000e+00
5.421768707135998966e+01,7.874312688966391693e-01,9.909182851925093516e-01
5.424036280831998624e+01,1.573076979360520600e+00,1.979589590146630940e+00
5.426303854527998283e+01,0.000000000000000000e+00,0.000000000000000000e+00
5.428571428223998652e+01,7.874312688966391693e-01,9.909182851925093516e-01
5.430839001919998310e+01,1.573076979360520600e+00,1.979589590146630940e+00
5.433106575615998679e+01,0.000000000000000000e+00,0.000000000000000000e+00
5.435374149311998337e+01,7.874312688966391693e-01,9.909182851925093516e-01
5.437641723007998706e+01,1.573076979360520600e+00,1.979589590146630940e+00
5.439909296703999075e+01,0.000000000000000000e+00,0.000000000000000000e+00
5.442176870399999444e+01,7.874312688966391693e-01,9.909182851925093516e-01
5.444444444095999103e+01,1.573076979360520600e+00,1.979589590146630940e+00
5.446712017791998761e+01,0.000000000000000000e+00,0.000000000000000000e+00
5.448979591487999130e+01,7.874312688966391693e-01,9.909182851925093516e-01
5.451247165183998789e+01,1.573076979360520600e+00,1.979589590146630940e+00
5.453514738879999157e+01,0.000000000000000000e+00,0.000000000000000000e+00
5.455782312575998816e+01,7.874312688966391693e-01,9.909182851925093516e-01
5.458049886271999185e+01,1.573076979360520600e+00,1.979589590146630940e+00
5.460317459967998843e+01,0.000000000000000000e+00,0.000000000000000000e+00
5.462585033663999212e+01,7.874312688966391693e-01,9.909182851925093516e-01
5.464852607359998871e+01,1.573076979360520600e+00,1.979589590146630940e+00
5.467120181055998529e+01,0.000000000000000000e+00,0.000000000000000000e+00
5.469387754751998898e+01,7.874312688966391693e-01,9.909182851925093516e-01
5.471655328447998556e+01,1.573076979360520600e+00,1.979589590146630940e+00
5.473922902143998925e+01,0.000000000000000000e+00,0.000000000000000000e+00
5.476190475839998584e+01,7.874312688966391693e-01,9.909182851925093516e-01
5.478458049535998953e+01,1.573076979360520600e+00,1.979589590146630940e+00
5.480725623231998611e+01,0.000000000000000000e+00,0.000000000000000000e+00
5.482993196927998980e+01,7.874312688966391693e-01,9.909182851925093516e-01
5.485260770623998638e+01,1.573076979360520600e+00,1.979589590146630940e+00
5.487528344319998297e+01,0.000000000000000000e+00,0.000000000000000000e+00
5.489795918015998666e+01,7.874312688966391693e-01,9.909182851925093516e-01
5.492063491711998324e+01,1.573076979360520600e+00,1.979589590146630940e+00
5.494331065407998693e+01,0.000000000000000000e+00,0.000000000000000000e+00
5.496598639103998352e+01,7.874312688966391693e-01,9.909182851925093516e-01
5.498866212799998721e+01,1.573076979360520600e+00,1.979589590146630940e+00
5.501133786495998379e+01,0.000000000000000000e+00,0.000000000000000000e+00
5.503401360191999458e+01,7.874312688966391693e-01,9.909182851925093516e-01
5.505668933887999117e+01,1.573076979360520600e+00,1.979589590146630940e+00
5.507936507583998775e+01,0.000000000000000000e+00,0.000000000000000000e+00
5.510204081279999144e+01,7.874312688966391693e-01,9.909182851925093516e-01
5.512471654975998803e+01,1.573076979360520600e+00,1.979589590146630940e+00
5.514739228671999172e+01,0.000000000000000000e+00,0.000000000000000000e+00
5.517006802367998830e+01,7.874312688966391693e-01,9.909182851925093516e-01
5.519274376063999199e+01,1.573076979360520600e+00,1.979589590146630940e+00
5.521541949759998857e+01,0.000000000000000000e+00,0.000000000000000000e+00
5.523809523455999226e+01,7.874312688966391693e-01,9.909182851925093516e-01
5.526077097151998885e+01,1.573076979360520600e+00,1.979589590146630940e+00
5.528344670847998543e+01,0.000000000000000000e+00,0.000000000000000000e+00
5.530612244543998912e+01,7.874312688966391693e-01,9.909182851925093516e-01
5.532879818239998571e+01,1.502153903302900773e+00,1.641195519074382325e+00
5.535147391935998940e+01,0.000000000000000000e+00,0.000000000000000000e+00
5.537414965631998598e+01,7.874312688966391693e-01,9.909182851925093516e-01
5.539682539327998967e+01,1.502153903302900773e+00,1.641195519074382325e+00
5.541950113023998625e+01,0.000000000000000000e+00,0.000000000000000000e+00
5.544217686719998994e+01,7.874312688966391693e-01,9.909182851925093516e-01
5.546485260415998653e+01,1.573076979360520600e+00,1.979589590146630940e+00
5.548752834111998311e+01,0.000000000000000000e+00,0.000000000000000000e+00
5.551020407807998680e+01,7.165081928390194532e-01,6.525242141202607371e-01
5.553287981503998338e+01,1.431391650546988803e+00,1.303568781496579287e+00
5.555555555199998707e+01,0.000000000000000000e+00,0.000000000000000000e+00
5.557823128895998366e+01,7.165081928390194532e-01,6.525242141202607371e-01
5.560090702591998735e+01,1.431391650546988803e+00,1.303568781496579287e+00
5.562358276287998393e+01,0.000000000000000000e+00,0.000000000000000000e+00
5.564625849983998762e+01,7.165081928390194532e-01,6.525242141202607371e-01
5.566893423679999131e+01,1.431391650546988803e+00,1.303568781496579287e+00
5.569160997375998789e+01,0.000000000000000000e+00,0.000000000000000000e+00
5.571428571071999158e+01,7.165081928390194532e-01,6.525242141202607371e-01
5.573696144767998817e+01,1.431391650546988803e+00,1.303568781496579287e+00
5.575963718463999186e+01,0.000000000000000000e+00,0.000000000000000000e+00
5.578231292159998844e+01,7.165081928390194532e-01,6.525242141202607371e-01
5.580498865855999213e+01,1.431391650546988803e+00,1.303568781496579287e+00
5.582766439551998872e+01,0.000000000000000000e+00,0.000000000000000000e+00
5.585034013247999241e+01,7.165081928390194532e-01,6.525242141202607371e-01
5.587301586943998899e+01,1.431391650546988803e+00,1.303568781496579287e+00
5.589569160639998557e+01,0.000000000000000000e+00,0.000000000000000000e+00
5.591836734335998926e+01,7.165081928390194532e-01,6.525242141202607371e-01
5.594104308031998585e+01,1.431391650546988803e+00,1.303568781496579287e+00
5.596371881727998954e+01,0.000000000000000000e+00,0.000000000000000000e+00
5.598639455423998612e+01,7.165081928390194532e-01,6.525242141202607371e-01
5.600907029119998981e+01,1.431391650546988803e+00,1.303568781496579287e+00
5.603174602815998639e+01,0.000000000000000000e+00,0.000000000000000000e+00
5.605442176511999008e+01,7.165081928390194532e-01,6.525242141202607371e-01
5.607709750207998667e+01,1.431391650546988803e+00,1.303568781496579287e+00
5.609977323903998325e+01,0.000000000000000000e+00,0.000000000000000000e+00
5.612244897599998694e+01,7.165081928390194532e-01,6.525242141202607371e-01
5.614512471295998353e+01,1.431391650546988803e+00,1.303568781496579287e+00
5.616780044991998722e+01,0.000000000000000000e+00,0.000000000000000000e+00
5.619047618687998380e+01,7.165081928390194532e-01,6.525242141202607371e-01
5.621315192383998749e+01,1.431391650546988803e+00,1.303568781496579287e+00
5.623582766079998407e+01,0.000000000000000000e+00,0.000000000000000000e+00
5.625850339775998776e+01,7.165081928390194532e-01,6.525242141202607371e-01
5.628117913471998435e+01,1.431391650546988803e+00,1.303568781496579287e+00
5.630385487167998804e+01,0.000000000000000000e+00,0.000000000000000000e+00
5.632653060863999173e+01,7.165081928390194532e-01,6.525242141202607371e-01
5.634920634559998831e+01,1.431391650546988803e+00,1.303568781496579287e+00
5.637188208255999200e+01,0.000000000000000000e+00,0.000000000000000000e+00
5.639455781951998858e+01,7.165081928390194532e-01,6.525242141202607371e-01
5.641723355647999227e+01,1.431391650546988803e+00,1.303568781496579287e+00
5.643990929343998886e+01,0.000000000000000000e+00,0.000000000000000000e+00
5.646258503039999255e+01,7.165081928390194532e-01,6.525242141202607371e-01
5.648526076735998913e+01,1.431391650546988803e+00,1.303568781496579287e+00
5.650793650431998572e+01,0.000000000000000000e+00,0.000000000000000000e+00
5.653061224127998941e+01,7.165081928390194532e-01,6.525242141202607371e-01
5.655328797823998599e+01,1.431391650546988803e+00,1.303568781496579287e+00
5.657596371519998968e+01,0.000000000000000000e+00,0.000000000000000000e+00
5.659863945215998626e+01,7.165081928390194532e-01,6.525242141202607371e-01
5.662131518911998995e+01,1.431391650546988803e+00,1.303568781496579287e+00
5.664399092607998654e+01,0.000000000000000000e+00,0.000000000000000000e+00
5.666666666303999023e+01,7.165081928390194532e-01,6.525242141202607371e-01
5.668934239999998681e+01,1.431391650546988803e+00,1.303568781496579287e+00
5.671201813695998339e+01,0.000000000000000000e+00,0.000000000000000000e+00
5.673469387391998708e+01,7.165081928390194532e-01,6.525242141202607371e-01
5.675736961087998367e+01,7.148834577079692387e-01,6.510445673763185503e-01
5.678004534783998736e+01,1.429770599622584459e+00,1.302092489960672950e+00
5.680272108479998394e+01,0.000000000000000000e+00,0.000000000000000000e+00
5.682539682175998763e+01,0.000000000000000000e+00,0.000000000000000000e+00
5.684807255871998422e+01,0.000000000000000000e+00,0.000000000000000000e+00
5.687074829567998790e+01,0.000000000000000000e+00,0.000000000000000000e+00
5.689342403263998449e+01,0.000000000000000000e+00,0.000000000000000000e+00
5.691609976959998107e+01,0.000000000000000000e+00,0.000000000000000000e+00
5.693877550655999187e+01,0.000000000000000000e+00,0.000000000000000000e+00
5.696145124351998845e+01,0.000000000000000000e+00,0.000000000000000000e+00
5.698412698047999214e+01,0.000000000000000000e+00,0.000000000000000000e+00
5.700680271743998873e+01,0.000000000000000000e+00,0.000000000000000000e+00
5.702947845439999242e+01,0.000000000000000000e+00,0.000000000000000000e+00
5.705215419135998900e+01,0.000000000000000000e+00,0.000000000000000000e+00
5.707482992831999269e+01,0.000000000000000000e+00,0.000000000000000000e+00
5.709750566527998927e+01,0.000000000000000000e+00,0.000000000000000000e+00
5.712018140223998586e+01,0.000000000000000000e+00,0.000000000000000000e+00
5.714285713919998955e+01,0.000000000000000000e+00,0.000000000000000000e+00
5.716553287615998613e+01,0.000000000000000000e+00,0.000000000000000000e+00
5.718820861311998982e+01,0.000000000000000000e+00,0.000000000000000000e+00
5.721088435007998640e+01,0.000000000000000000e+00,0.000000000000000000e+00
5.723356008703999009e+01,0.000000000000000000e+00,0.000000000000000000e+00
5.725623582399998668e+01,0.000000000000000000e+00,0.000000000000000000e+00
5.727891156095999037e+01,0.000000000000000000e+00,0.000000000000000000e+00
5.730158729791998695e+01,0.000000000000000000e+00,0.000000000000000000e+00
5.732426303487998354e+01,0.000000000000000000e+00,0.000000000000000000e+00
5.734693877183998723e+01,0.000000000000000000e+00,0.000000000000000000e+00
5.736961450879998381e+01,0.000000000000000000e+00,0.000000000000000000e+00
5.739229024575998750e+01,0.000000000000000000e+00,0.000000000000000000e+00
5.741496598271998408e+01,0.000000000000000000e+00,0.000000000000000000e+00
5.743764171967998777e+01,0.000000000000000000e+00,0.000000000000000000e+00
5.746031745663998436e+01,0.000000000000000000e+00,0.000000000000000000e+00
5.748299319359998805e+01,0.000000000000000000e+00,0.000000000000000000e+00
5.750566893055998463e+01,0.000000000000000000e+00,0.000000000000000000e+00
5.752834466751998121e+01,0.000000000000000000e+00,0.000000000000000000e+00
5.755102040447998490e+01,0.000000000000000000e+00,0.000000000000000000e+00
5.757369614143998859e+01,0.000000000000000000e+00,0.000000000000000000e+00
5.759637187839999228e+01,0.000000000000000000e+00,0.000000000000000000e+00
5.761904761535998887e+01,0.000000000000000000e+00,0.000000000000000000e+00
5.764172335231999256e+01,0.000000000000000000e+00,0.000000000000000000e+00
5.766439908927998914e+01,0.000000000000000000e+00,0.000000000000000000e+00
5.768707482623999283e+01,0.000000000000000000e+00,0.000000000000000000e+00
5.770975056319998941e+01,0.000000000000000000e+00,0.000000000000000000e+00
5.773242630015998600e+01,0.000000000000000000e+00,0.000000000000000000e+00
5.775510203711998969e+01,0.000000000000000000e+00,0.000000000000000000e+00
5.777777777407998627e+01,0.000000000000000000e+00,0.000000000000000000e+00
5.780045351103998996e+01,0.000000000000000000e+00,0.000000000000000000e+00
5.782312924799998655e+01,0.000000000000000000e+00,0.000000000000000000e+00
5.784580498495999024e+01,0.000000000000000000e+00,0.000000000000000000e+00
5.786848072191998682e+01,0.000000000000000000e+00,0.000000000000000000e+00
5.789115645887999051e+01,0.000000000000000000e+00,0.000000000000000000e+00
5.791383219583998709e+01,0.000000000000000000e+00,0.000000000000000000e+00
5.793650793279998368e+01,0.000000000000000000e+00,0.000000000000000000e+00
5.795918366975998737e+01,0.000000000000000000e+00,0.000000000000000000e+00
5.798185940671998395e+01,0.000000000000000000e+00,0.000000000000000000e+00
5.800453514367998764e+01,0.000000000000000000e+00,0.000000000000000000e+00
5.802721088063998423e+01,0.000000000000000000e+00,0.000000000000000000e+00
5.804988661759998791e+01,0.000000000000000000e+00,0.000000000000000000e+00
5.807256235455998450e+01,0.000000000000000000e+00,0.000000000000000000e+00
5.809523809151998819e+01,0.000000000000000000e+00,0.000000000000000000e+00
5.811791382847998477e+01,0.000000000000000000e+00,0.000000000000000000e+00
5.814058956543998136e+01,0.000000000000000000e+00,0.000000000000000000e+00
5.816326530239998505e+01,0.000000000000000000e+00,0.000000000000000000e+00
5.818594103935998163e+01,0.000000000000000000e+00,0.000000000000000000e+00
5.820861677631998532e+01,0.000000000000000000e+00,0.000000000000000000e+00
5.823129251327998901e+01,0.000000000000000000e+00,0.000000000000000000e+00
5.825396825023999270e+01,0.000000000000000000e+00,0.000000000000000000e+00
5.827664398719998928e+01,0.000000000000000000e+00,0.000000000000000000e+00
5.829931972415999297e+01,0.000000000000000000e+00,0.000000000000000000e+00
5.832199546111998956e+01,0.000000000000000000e+00,0.000000000000000000e+00
5.834467119807998614e+01,0.000000000000000000e+00,0.000000000000000000e+00
5.836734693503998983e+01,7.165081928390194532e-01,6.525242141202607371e-01
5.839002267199998641e+01,1.431391650546988803e+00,1.303568781496579287e+00
5.841269840895999010e+01,0.000000000000000000e+00,0.000000000000000000e+00
5.843537414591998669e+01,7.165081928390194532e-01,6.525242141202607371e-01
5.845804988287999038e+01,1.431391650546988803e+00,1.303568781496579287e+00
5.848072561983998696e+01,0.000000000000000000e+00,0.000000000000000000e+00
5.850340135679999065e+01,7.165081928390194532e-01,6.525242141202607371e-01
5.852607709375998724e+01,1.431391650546988803e+00,1.303568781496579287e+00
5.854875283071998382e+01,0.000000000000000000e+00,0.000000000000000000e+00
5.857142856767998751e+01,7.165081928390194532e-01,6.525242141202607371e-01
5.859410430463998409e+01,1.431391650546988803e+00,1.303568781496579287e+00
5.861678004159998778e+01,0.000000000000000000e+00,0.000000000000000000e+00
5.863945577855998437e+01,7.165081928390194532e-01,6.525242141202607371e-01
5.866213151551998806e+01,1.431391650546988803e+00,1.303568781496579287e+00
5.868480725247998464e+01,0.000000000000000000e+00,0.000000000000000000e+00
5.870748298943998833e+01,7.165081928390194532e-01,6.525242141202607371e-01
5.873015872639998491e+01,1.431391650546988803e+00,1.303568781496579287e+00
5.875283446335998150e+01,0.000000000000000000e+00,0.000000000000000000e+00
5.877551020031998519e+01,7.165081928390194532e-01,6.525242141202607371e-01
5.879818593727998177e+01,1.431391650546988803e+00,1.303568781496579287e+00
5.882086167423998546e+01,0.000000000000000000e+00,0.000000000000000000e+00
5.884353741119998205e+01,7.165081928390194532e-01,6.525242141202607371e-01
5.886621314815999284e+01,1.431391650546988803e+00,1.303568781496579287e+00
5.888888888511998942e+01,0.000000000000000000e+00,0.000000000000000000e+00
5.891156462207999311e+01,7.165081928390194532e-01,6.525242141202607371e-01
5.893424035903998970e+01,1.431391650546988803e+00,1.303568781496579287e+00
5.895691609599998628e+01,0.000000000000000000e+00,0.000000000000000000e+00
5.897959183295998997e+01,7.165081928390194532e-01,6.525242141202607371e-01
5.900226756991998656e+01,1.431391650546988803e+00,1.303568781496579287e+00
5.902494330687999025e+01,0.000000000000000000e+00,0.000000000000000000e+00
5.904761904383998683e+01,7.165081928390194532e-01,6.525242141202607371e-01
5.907029478079999052e+01,1.431391650546988803e+00,1.303568781496579287e+00
5.909297051775998710e+01,0.000000000000000000e+00,0.000000000000000000e+00
5.911564625471999079e+01,7.165081928390194532e-01,6.525242141202607371e-01
5.913832199167998738e+01,1.431391650546988803e+00,1.303568781496579287e+00
5.916099772863998396e+01,0.000000000000000000e+00,0.000000000000000000e+00
5.918367346559998765e+01,7.165081928390194532e-01,6.525242141202607371e-01
5.920634920255998423e+01,1.431391650546988803e+00,1.303568781496579287e+00
5.922902493951998792e+01,0.000000000000000000e+00,0.000000000000000000e+00
5.925170067647998451e+01,7.165081928390194532e-01,6.525242141202607371e-01
5.927437641343998820e+01,1.431391650546988803e+00,1.303568781496579287e+00
5.929705215039998478e+01,0.000000000000000000e+00,0.000000000000000000e+00
5.931972788735998847e+01,7.165081928390194532e-01,6.525242141202607371e-01
5.934240362431998506e+01,1.431391650546988803e+00,1.303568781496579287e+00
5.936507936127998164e+01,0.000000000000000000e+00,0.000000000000000000e+00
5.938775509823998533e+01,7.165081928390194532e-01,6.525242141202607371e-01
5.941043083519998191e+01,1.431391650546988803e+00,1.303568781496579287e+00
5.943310657215998560e+01,0.000000000000000000e+00,0.000000000000000000e+00
5.945578230911998219e+01,7.165081928390194532e-01,6.525242141202607371e-01
5.947845804607998588e+01,1.431391650546988803e+00,1.303568781496579287e+00
5.950113378303998957e+01,0.000000000000000000e+00,0.000000000000000000e+00
5.952380951999999326e+01,7.165081928390194532e-01,6.525242141202607371e-01
5.954648525695998984e+01,1.431391650546988803e+00,1.303568781496579287e+00
5.956916099391998642e+01,0.000000000000000000e+00,0.000000000000000000e+00
5.959183673087999011e+01,7.874312688966391693e-01,9.909182851925093516e-01
5.961451246783998670e+01,1.573076979360520600e+00,1.979589590146630940e+00
5.963718820479999039e+01,0.000000000000000000e+00,0.000000000000000000e+00
5.965986394175998697e+01,7.165081928390194532e-01,6.525242141202607371e-01
5.968253967871999066e+01,1.502314726604608408e+00,1.641962852568827902e+00
5.970521541567998725e+01,0.000000000000000000e+00,0.000000000000000000e+00
5.972789115263999093e+01,7.874312688966391693e-01,9.909182851925093516e-01
5.975056688959998752e+01,1.573076979360520600e+00,1.979589590146630940e+00
5.977324262655998410e+01,0.000000000000000000e+00,0.000000000000000000e+00
5.979591836351998779e+01,7.874312688966391693e-01,9.909182851925093516e-01
5.981859410047998438e+01,1.573076979360520600e+00,1.979589590146630940e+00
5.984126983743998807e+01,0.000000000000000000e+00,0.000000000000000000e+00
5.986394557439998465e+01,7.874312688966391693e-01,9.909182851925093516e-01
5.988662131135998834e+01,1.573076979360520600e+00,1.979589590146630940e+00
5.990929704831998492e+01,0.000000000000000000e+00,0.000000000000000000e+00
5.993197278527998861e+01,7.874312688966391693e-01,9.909182851925093516e-01
5.995464852223998520e+01,1.573076979360520600e+00,1.979589590146630940e+00
5.997732425919998178e+01,0.000000000000000000e+00,0.000000000000000000e+00
5.999999999615998547e+01,7.874312688966391693e-01,9.909182851925093516e-01
6.002267573311998206e+01,1.573076979360520600e+00,1.979589590146630940e+00
6.004535147007998575e+01,0.000000000000000000e+00,0.000000000000000000e+00
6.006802720703998233e+01,7.874312688966391693e-01,9.909182851925093516e-01
6.009070294399998602e+01,1.573076979360520600e+00,1.979589590146630940e+00
6.011337868095998260e+01,0.000000000000000000e+00,0.000000000000000000e+00
6.013605441791999340e+01,7.874312688966391693e-01,9.909182851925093516e-01
6.015873015487998998e+01,1.573076979360520600e+00,1.979589590146630940e+00
6.018140589183998657e+01,0.000000000000000000e+00,0.000000000000000000e+00
6.020408162879999026e+01,7.874312688966391693e-01,9.909182851925093516e-01
6.022675736575998684e+01,1.573076979360520600e+00,1.979589590146630940e+00
6.024943310271999053e+01,0.000000000000000000e+00,0.000000000000000000e+00
6.027210883967998711e+01,7.874312688966391693e-01,9.909182851925093516e-01
6.029478457663999080e+01,1.573076979360520600e+00,1.979589590146630940e+00
6.031746031359998739e+01,0.000000000000000000e+00,0.000000000000000000e+00
6.034013605055999108e+01,7.874312688966391693e-01,9.909182851925093516e-01
6.036281178751998766e+01,1.573076979360520600e+00,1.979589590146630940e+00
6.038548752447998424e+01,0.000000000000000000e+00,0.000000000000000000e+00
6.040816326143998793e+01,7.874312688966391693e-01,9.909182851925093516e-01
6.043083899839998452e+01,1.573076979360520600e+00,1.979589590146630940e+00
6.045351473535998821e+01,0.000000000000000000e+00,0.000000000000000000e+00
6.047619047231998479e+01,7.874312688966391693e-01,9.909182851925093516e-01
6.049886620927998848e+01,1.573076979360520600e+00,1.979589590146630940e+00
6.052154194623998507e+01,0.000000000000000000e+00,0.000000000000000000e+00
6.054421768319998876e+01,7.874312688966391693e-01,9.909182851925093516e-01
6.056689342015998534e+01,1.573076979360520600e+00,1.979589590146630940e+00
6.058956915711998192e+01,0.000000000000000000e+00,0.000000000000000000e+00
6.061224489407998561e+01,7.874312688966391693e-01,9.909182851925093516e-01
6.063492063103998220e+01,1.573076979360520600e+00,1.979589590146630940e+00
6.065759636799998589e+01,0.000000000000000000e+00,0.000000000000000000e+00
6.068027210495998247e+01,7.874312688966391693e-01,9.909182851925093516e-01
6.070294784191998616e+01,1.573076979360520600e+00,1.979589590146630940e+00
6.072562357887998274e+01,0.000000000000000000e+00,0.000000000000000000e+00
6.074829931583998643e+01,7.874312688966391693e-01,9.909182851925093516e-01
6.077097505279999012e+01,1.573076979360520600e+00,1.979589590146630940e+00
6.079365078975998671e+01,0.000000000000000000e+00,0.000000000000000000e+00
6.081632652671999040e+01,7.874312688966391693e-01,9.909182851925093516e-01
6.083900226367998698e+01,1.573076979360520600e+00,1.979589590146630940e+00
6.086167800063999067e+01,0.000000000000000000e+00,0.000000000000000000e+00
6.088435373759998726e+01,7.874312688966391693e-01,9.909182851925093516e-01
6.090702947455999094e+01,1.573076979360520600e+00,1.979589590146630940e+00
6.092970521151998753e+01,0.000000000000000000e+00,0.000000000000000000e+00
6.095238094847999122e+01,7.874312688966391693e-01,9.909182851925093516e-01
6.097505668543998780e+01,1.573076979360520600e+00,1.979589590146630940e+00
6.099773242239998439e+01,0.000000000000000000e+00,0.000000000000000000e+00
6.102040815935998808e+01,7.874312688966391693e-01,9.909182851925093516e-01
6.104308389631998466e+01,1.573076979360520600e+00,1.979589590146630940e+00
6.106575963327998835e+01,0.000000000000000000e+00,0.000000000000000000e+00
6.108843537023998493e+01,7.874312688966391693e-01,9.909182851925093516e-01
6.111111110719998862e+01,1.573076979360520600e+00,1.979589590146630940e+00
6.113378684415998521e+01,0.000000000000000000e+00,0.000000000000000000e+00
6.115646258111998890e+01,7.874312688966391693e-01,9.909182851925093516e-01
6.117913831807998548e+01,1.573076979360520600e+00,1.979589590146630940e+00
6.120181405503998207e+01,0.000000000000000000e+00,0.000000000000000000e+00
6.122448979199998575e+01,7.874312688966391693e-01,9.909182851925093516e-01
6.124716552895998234e+01,1.573076979360520600e+00,1.979589590146630940e+00
6.126984126591998603e+01,0.000000000000000000e+00,0.000000000000000000e+00
6.129251700287998261e+01,7.874312688966391693e-01,9.909182851925093516e-01
6.131519273983998630e+01,1.573076979360520600e+00,1.979589590146630940e+00
6.133786847679998289e+01,0.000000000000000000e+00,0.000000000000000000e+00
6.136054421375998658e+01,7.874312688966391693e-01,9.909182851925093516e-01
6.138321995071998316e+01,1.573076979360520600e+00,1.979589590146630940e+00
6.140589568767998685e+01,0.000000000000000000e+00,0.000000000000000000e+00
6.142857142463999054e+01,7.874312688966391693e-01,9.909182851925093516e-01
6.145124716159998712e+01,1.573076979360520600e+00,1.979589590146630940e+00
6.147392289855999081e+01,0.000000000000000000e+00,0.000000000000000000e+00
6.149659863551998740e+01,7.874312688966391693e-01,9.909182851925093516e-01
6.151927437247999109e+01,1.573076979360520600e+00,1.979589590146630940e+00
6.154195010943998767e+01,0.000000000000000000e+00,0.000000000000000000e+00
6.156462584639999136e+01,7.874312688966391693e-01,9.909182851925093516e-01
6.158730158335998794e+01,1.573076979360520600e+00,1.979589590146630940e+00
6.160997732031998453e+01,0.000000000000000000e+00,0.000000000000000000e+00
6.163265305727998822e+01,7.874312688966391693e-01,9.909182851925093516e-01
6.165532879423998480e+01,1.573076979360520600e+00,1.979589590146630940e+00
6.167800453119998849e+01,0.000000000000000000e+00,0.000000000000000000e+00
6.170068026815998508e+01,7.874312688966391693e-01,9.909182851925093516e-01
6.172335600511998877e+01,1.573076979360520600e+00,1.979589590146630940e+00
6.174603174207998535e+01,0.000000000000000000e+00,0.000000000000000000e+00
6.176870747903998904e+01,7.874312688966391693e-01,9.909182851925093516e-01
6.179138321599998562e+01,1.573076979360520600e+00,1.979589590146630940e+00
6.181405895295998221e+01,0.000000000000000000e+00,0.000000000000000000e+00
6.183673468991998590e+01,7.874312688966391693e-01,9.909182851925093516e-01
6.185941042687998248e+01,1.573076979360520600e+00,1.979589590146630940e+00
6.188208616383998617e+01,0.000000000000000000e+00,0.000000000000000000e+00
6.190476190079998275e+01,7.874312688966391693e-01,9.909182851925093516e-01
6.192743763775998644e+01,1.573076979360520600e+00,1.979589590146630940e+00
6.195011337471998303e+01,0.000000000000000000e+00,0.000000000000000000e+00
6.197278911167998672e+01,7.874312688966391693e-01,9.909182851925093516e-01
6.199546484863998330e+01,1.573076979360520600e+00,1.979589590146630940e+00
6.201814058559997989e+01,0.000000000000000000e+00,0.000000000000000000e+00
6.204081632255999068e+01,7.874312688966391693e-01,9.909182851925093516e-01
6.206349205951998727e+01,1.573076979360520600e+00,1.979589590146630940e+00
6.208616779647999095e+01,0.000000000000000000e+00,0.000000000000000000e+00
6.210884353343998754e+01,7.874312688966391693e-01,9.909182851925093516e-01
6.213151927039999123e+01,1.573076979360520600e+00,1.979589590146630940e+00
6.215419500735998781e+01,0.000000000000000000e+00,0.000000000000000000e+00
6.217687074431999150e+01,7.874312688966391693e-01,9.909182851925093516e-01
6.219954648127998809e+01,1.573076979360520600e+00,1.979589590146630940e+00
6.222222221823998467e+01,0.000000000000000000e+00,0.000000000000000000e+00
6.224489795519998836e+01,7.874312688966391693e-01,9.909182851925093516e-01
6.226757369215998494e+01,1.573076979360520600e+00,1.979589590146630940e+00
6.229024942911998863e+01,0.000000000000000000e+00,0.000000000000000000e+00
6.231292516607998522e+01,7.874312688966391693e-01,9.909182851925093516e-01
6.233560090303998891e+01,1.573076979360520600e+00,1.979589590146630940e+00
6.235827663999998549e+01,0.000000000000000000e+00,0.000000000000000000e+00
6.238095237695998918e+01,7.874312688966391693e-01,9.909182851925093516e-01
6.240362811391998576e+01,1.573076979360520600e+00,1.979589590146630940e+00
6.242630385087998235e+01,0.000000000000000000e+00,0.000000000000000000e+00
6.244897958783998604e+01,7.874312688966391693e-01,9.909182851925093516e-01
6.247165532479998262e+01,1.573076979360520600e+00,1.979589590146630940e+00
6.249433106175998631e+01,0.000000000000000000e+00,0.000000000000000000e+00
6.251700679871999000e+01,7.874312688966391693e-01,9.909182851925093516e-01
6.253968253567998659e+01,1.573076979360520600e+00,1.979589590146630940e+00
6.256235827263999028e+01,0.000000000000000000e+00,0.000000000000000000e+00
6.258503400959998686e+01,7.874312688966391693e-01,9.909182851925093516e-01
6.260770974655999055e+01,1.573076979360520600e+00,1.979589590146630940e+00
6.263038548351998003e+01,0.000000000000000000e+00,0.000000000000000000e+00
6.265306122047999082e+01,7.874312688966391693e-01,9.909182851925093516e-01
6.267573695743998030e+01,1.573076979360520600e+00,1.979589590146630940e+00
6.269841269439999110e+01,0.000000000000000000e+00,0.000000000000000000e+00
6.272108843135998058e+01,7.874312688966391693e-01,9.909182851925093516e-01
6.274376416831999137e+01,1.573076979360520600e+00,1.979589590146630940e+00
6.276643990527998085e+01,0.000000000000000000e+00,0.000000000000000000e+00
6.278911564223999164e+01,7.874312688966391693e-01,9.909182851925093516e-01
6.281179137919998112e+01,1.573076979360520600e+00,1.979589590146630940e+00
6.283446711615998481e+01,0.000000000000000000e+00,0.000000000000000000e+00
6.285714285311998140e+01,7.874312688966391693e-01,9.909182851925093516e-01
6.287981859007998509e+01,1.573076979360520600e+00,1.979589590146630940e+00
6.290249432703998167e+01,0.000000000000000000e+00,0.000000000000000000e+00
6.292517006399998536e+01,7.874312688966391693e-01,9.909182851925093516e-01
6.294784580095998194e+01,1.573076979360520600e+00,1.979589590146630940e+00
6.297052153791998563e+01,0.000000000000000000e+00,0.000000000000000000e+00
6.299319727487999643e+01,7.874312688966391693e-01,9.909182851925093516e-01
6.301587301183998591e+01,1.573076979360520600e+00,1.979589590146630940e+00
6.303854874879998960e+01,0.000000000000000000e+00,0.000000000000000000e+00
6.306122448575998618e+01,7.165081928390194532e-01,6.525242141202607371e-01
6.308390022271998987e+01,1.431391650546988803e+00,1.303568781496579287e+00
6.310657595967998645e+01,0.000000000000000000e+00,0.000000000000000000e+00
6.312925169663999014e+01,7.165081928390194532e-01,6.525242141202607371e-01
6.315192743359998673e+01,1.431391650546988803e+00,1.303568781496579287e+00
6.317460317055999042e+01,0.000000000000000000e+00,0.000000000000000000e+00
6.319727890751998700e+01,7.165081928390194532e-01,6.525242141202607371e-01
6.321995464447999069e+01,1.431391650546988803e+00,1.303568781496579287e+00
6.324263038143998017e+01,0.000000000000000000e+00,0.000000000000000000e+00
6.326530611839999096e+01,7.165081928390194532e-01,6.525242141202607371e-01
6.328798185535998044e+01,1.431391650546988803e+00,1.303568781496579287e+00
6.331065759231999124e+01,0.000000000000000000e+00,0.000000000000000000e+00
6.333333332927998072e+01,7.165081928390194532e-01,6.525242141202607371e-01
6.335600906623999151e+01,1.431391650546988803e+00,1.303568781496579287e+00
6.337868480319998099e+01,0.000000000000000000e+00,0.000000000000000000e+00
6.340136054015999179e+01,7.165081928390194532e-01,6.525242141202607371e-01
6.342403627711998126e+01,1.431391650546988803e+00,1.303568781496579287e+00
6.344671201407998495e+01,0.000000000000000000e+00,0.000000000000000000e+00
6.346938775103998154e+01,7.165081928390194532e-01,6.525242141202607371e-01
6.349206348799998523e+01,1.431391650546988803e+00,1.303568781496579287e+00
6.351473922495998181e+01,0.000000000000000000e+00,0.000000000000000000e+00
6.353741496191998550e+01,7.165081928390194532e-01,6.525242141202607371e-01
6.356009069887998209e+01,1.431391650546988803e+00,1.303568781496579287e+00
6.358276643583998577e+01,0.000000000000000000e+00,0.000000000000000000e+00
6.360544217279998236e+01,7.165081928390194532e-01,6.525242141202607371e-01
6.362811790975998605e+01,1.431391650546988803e+00,1.303568781496579287e+00
6.365079364671998974e+01,0.000000000000000000e+00,0.000000000000000000e+00
6.367346938367998632e+01,7.165081928390194532e-01,6.525242141202607371e-01
6.369614512063999001e+01,1.431391650546988803e+00,1.303568781496579287e+00
6.371882085759998660e+01,0.000000000000000000e+00,0.000000000000000000e+00
6.374149659455999029e+01,7.165081928390194532e-01,6.525242141202607371e-01
6.376417233151998687e+01,1.431391650546988803e+00,1.303568781496579287e+00
6.378684806847999056e+01,0.000000000000000000e+00,0.000000000000000000e+00
6.380952380543998714e+01,7.165081928390194532e-01,6.525242141202607371e-01
6.383219954239999083e+01,1.431391650546988803e+00,1.303568781496579287e+00
6.385487527935998031e+01,0.000000000000000000e+00,0.000000000000000000e+00
6.387755101631999111e+01,7.165081928390194532e-01,6.525242141202607371e-01
6.390022675327998058e+01,1.431391650546988803e+00,1.303568781496579287e+00
6.392290249023999138e+01,0.000000000000000000e+00,0.000000000000000000e+00
6.394557822719998086e+01,7.165081928390194532e-01,6.525242141202607371e-01
6.396825396415999165e+01,1.431391650546988803e+00,1.303568781496579287e+00
6.399092970111998113e+01,0.000000000000000000e+00,0.000000000000000000e+00
6.401360543807999193e+01,7.165081928390194532e-01,6.525242141202607371e-01
6.403628117503998851e+01,1.431391650546988803e+00,1.303568781496579287e+00
6.405895691199998510e+01,0.000000000000000000e+00,0.000000000000000000e+00
6.408163264895998168e+01,7.165081928390194532e-01,6.525242141202607371e-01
6.410430838591999247e+01,1.431391650546988803e+00,1.303568781496579287e+00
6.412698412287997485e+01,0.000000000000000000e+00,0.000000000000000000e+00
6.414965985983998564e+01,7.165081928390194532e-01,6.525242141202607371e-01
6.417233559679998223e+01,1.431391650546988803e+00,1.303568781496579287e+00
6.419501133375999302e+01,0.000000000000000000e+00,0.000000000000000000e+00
6.421768707071997540e+01,7.165081928390194532e-01,6.525242141202607371e-01
6.424036280767998619e+01,1.431391650546988803e+00,1.303568781496579287e+00
6.426303854463999699e+01,0.000000000000000000e+00,0.000000000000000000e+00
6.428571428159997936e+01,7.165081928390194532e-01,6.525242141202607371e-01
6.430839001855999015e+01,1.431391650546988803e+00,1.303568781496579287e+00
6.433106575551998674e+01,0.000000000000000000e+00,0.000000000000000000e+00
6.435374149247999753e+01,7.165081928390194532e-01,6.525242141202607371e-01
6.437641722943997991e+01,1.431391650546988803e+00,1.303568781496579287e+00
6.439909296639999070e+01,0.000000000000000000e+00,0.000000000000000000e+00
6.442176870335998728e+01,7.165081928390194532e-01,6.525242141202607371e-01
6.444444444031998387e+01,1.431391650546988803e+00,1.303568781496579287e+00
6.446712017727998045e+01,0.000000000000000000e+00,0.000000000000000000e+00
6.448979591423999125e+01,7.165081928390194532e-01,6.525242141202607371e-01
6.451247165119998783e+01,7.148834577079692387e-01,6.510445673763185503e-01
6.453514738815998442e+01,7.132624067835651172e-01,6.495682758404123236e-01
6.455782312511998100e+01,7.116450317115970980e-01,6.480953319043605276e-01
6.458049886207999180e+01,1.426539516995818158e+00,1.299149942097494570e+00
6.460317459903998838e+01,0.000000000000000000e+00,0.000000000000000000e+00
6.462585033599998496e+01,0.000000000000000000e+00,0.000000000000000000e+00
6.464852607295998155e+01,0.000000000000000000e+00,0.000000000000000000e+00
6.467120180991999234e+01,0.000000000000000000e+00,0.000000000000000000e+00
6.469387754687997472e+01,0.000000000000000000e+00,0.000000000000000000e+00
6.471655328383998551e+01,0.000000000000000000e+00,0.000000000000000000e+00
6.473922902079998210e+01,0.000000000000000000e+00,0.000000000000000000e+00
6.476190475775999289e+01,0.000000000000000000e+00,0.000000000000000000e+00
6.478458049471997526e+01,0.000000000000000000e+00,0.000000000000000000e+00
6.480725623167998606e+01,0.000000000000000000e+00,0.000000000000000000e+00
6.482993196863998264e+01,0.000000000000000000e+00,0.000000000000000000e+00
6.485260770559999344e+01,0.000000000000000000e+00,0.000000000000000000e+00
6.487528344255997581e+01,0.000000000000000000e+00,0.000000000000000000e+00
6.489795917951998661e+01,0.000000000000000000e+00,0.000000000000000000e+00
6.492063491647999740e+01,0.000000000000000000e+00,0.000000000000000000e+00
6.494331065343997977e+01,0.000000000000000000e+00,0.000000000000000000e+00
6.496598639039999057e+01,0.000000000000000000e+00,0.000000000000000000e+00
6.498866212735998715e+01,0.000000000000000000e+00,0.000000000000000000e+00
6.501133786431999795e+01,0.000000000000000000e+00,0.000000000000000000e+00
6.503401360127998032e+01,0.000000000000000000e+00,0.000000000000000000e+00
6.505668933823999112e+01,0.000000000000000000e+00,0.000000000000000000e+00
6.507936507519998770e+01,0.000000000000000000e+00,0.000000000000000000e+00
6.510204081215998428e+01,0.000000000000000000e+00,0.000000000000000000e+00
6.512471654911998087e+01,0.000000000000000000e+00,0.000000000000000000e+00
6.514739228607999166e+01,0.000000000000000000e+00,0.000000000000000000e+00
6.517006802303998825e+01,0.000000000000000000e+00,0.000000000000000000e+00
6.519274375999998483e+01,0.000000000000000000e+00,0.000000000000000000e+00
6.521541949695998142e+01,0.000000000000000000e+00,0.000000000000000000e+00
6.523809523391999221e+01,0.000000000000000000e+00,0.000000000000000000e+00
6.526077097087998879e+01,0.000000000000000000e+00,0.000000000000000000e+00
6.528344670783998538e+01,0.000000000000000000e+00,0.000000000000000000e+00
6.530612244479998196e+01,0.000000000000000000e+00,0.000000000000000000e+00
6.532879818175999276e+01,0.000000000000000000e+00,0.000000000000000000e+00
6.535147391871997513e+01,0.000000000000000000e+00,0.000000000000000000e+00
6.537414965567998593e+01,0.000000000000000000e+00,0.000000000000000000e+00
6.539682539263998251e+01,0.000000000000000000e+00,0.000000000000000000e+00
6.541950112959999331e+01,0.000000000000000000e+00,0.000000000000000000e+00
6.544217686655997568e+01,0.000000000000000000e+00,0.000000000000000000e+00
6.546485260351998647e+01,0.000000000000000000e+00,0.000000000000000000e+00
6.548752834047998306e+01,0.000000000000000000e+00,0.000000000000000000e+00
6.551020407743997964e+01,0.000000000000000000e+00,0.000000000000000000e+00
6.553287981439999044e+01,0.000000000000000000e+00,0.000000000000000000e+00
6.555555555135998702e+01,0.000000000000000000e+00,0.000000000000000000e+00
6.557823128831999782e+01,0.000000000000000000e+00,0.000000000000000000e+00
6.560090702527998019e+01,0.000000000000000000e+00,0.000000000000000000e+00
6.562358276223999098e+01,0.000000000000000000e+00,0.000000000000000000e+00
6.564625849919998757e+01,0.000000000000000000e+00,0.000000000000000000e+00
6.566893423615998415e+01,0.000000000000000000e+00,0.000000000000000000e+00
6.569160997311998074e+01,0.000000000000000000e+00,0.000000000000000000e+00
6.571428571007999153e+01,0.000000000000000000e+00,0.000000000000000000e+00
6.573696144703998812e+01,0.000000000000000000e+00,0.000000000000000000e+00
6.575963718399998470e+01,0.000000000000000000e+00,0.000000000000000000e+00
6.578231292095998128e+01,0.000000000000000000e+00,0.000000000000000000e+00
6.580498865791999208e+01,0.000000000000000000e+00,0.000000000000000000e+00
6.582766439487998866e+01,0.000000000000000000e+00,0.000000000000000000e+00
6.585034013183998525e+01,0.000000000000000000e+00,0.000000000000000000e+00
6.587301586879998183e+01,0.000000000000000000e+00,0.000000000000000000e+00
6.589569160575999263e+01,0.000000000000000000e+00,0.000000000000000000e+00
6.591836734271997500e+01,0.000000000000000000e+00,0.000000000000000000e+00
6.594104307967998579e+01,0.000000000000000000e+00,0.000000000000000000e+00
6.596371881663998238e+01,0.000000000000000000e+00,0.000000000000000000e+00
6.598639455359999317e+01,0.000000000000000000e+00,0.000000000000000000e+00
6.600907029055997555e+01,0.000000000000000000e+00,0.000000000000000000e+00
6.603174602751998634e+01,0.000000000000000000e+00,0.000000000000000000e+00
6.605442176447998293e+01,0.000000000000000000e+00,0.000000000000000000e+00
6.607709750143999372e+01,0.000000000000000000e+00,0.000000000000000000e+00
6.609977323839997609e+01,0.000000000000000000e+00,0.000000000000000000e+00
6.612244897535998689e+01,0.000000000000000000e+00,0.000000000000000000e+00
6.614512471231998347e+01,0.000000000000000000e+00,0.000000000000000000e+00
6.616780044927998006e+01,0.000000000000000000e+00,0.000000000000000000e+00
6.619047618623999085e+01,0.000000000000000000e+00,0.000000000000000000e+00
6.621315192319998744e+01,0.000000000000000000e+00,0.000000000000000000e+00
6.623582766015999823e+01,0.000000000000000000e+00,0.000000000000000000e+00
6.625850339711998060e+01,7.165081928390194532e-01,6.525242141202607371e-01
6.628117913407999140e+01,7.148834577079692387e-01,6.510445673763185503e-01
6.630385487103998798e+01,7.132624067835651172e-01,6.495682758404123236e-01
6.632653060799998457e+01,1.428153224550616551e+00,1.300619546024621265e+00
6.634920634495998115e+01,0.000000000000000000e+00,0.000000000000000000e+00
6.637188208191999195e+01,7.165081928390194532e-01,6.525242141202607371e-01
6.639455781887998853e+01,1.431391650546988803e+00,1.303568781496579287e+00
6.641723355583998512e+01,0.000000000000000000e+00,0.000000000000000000e+00
6.643990929279998170e+01,7.165081928390194532e-01,6.525242141202607371e-01
6.646258502975999249e+01,1.431391650546988803e+00,1.303568781496579287e+00
6.648526076671998908e+01,0.000000000000000000e+00,0.000000000000000000e+00
6.650793650367998566e+01,7.165081928390194532e-01,6.525242141202607371e-01
6.653061224063998225e+01,1.431391650546988803e+00,1.303568781496579287e+00
6.655328797759999304e+01,0.000000000000000000e+00,0.000000000000000000e+00
6.657596371455997541e+01,7.165081928390194532e-01,6.525242141202607371e-01
6.659863945151998621e+01,1.431391650546988803e+00,1.303568781496579287e+00
6.662131518847998279e+01,0.000000000000000000e+00,0.000000000000000000e+00
6.664399092543999359e+01,7.165081928390194532e-01,6.525242141202607371e-01
6.666666666239997596e+01,1.431391650546988803e+00,1.303568781496579287e+00
6.668934239935998676e+01,0.000000000000000000e+00,0.000000000000000000e+00
6.671201813631998334e+01,7.165081928390194532e-01,6.525242141202607371e-01
6.673469387327997993e+01,1.431391650546988803e+00,1.303568781496579287e+00
6.675736961023997651e+01,0.000000000000000000e+00,0.000000000000000000e+00
6.678004534719998730e+01,7.165081928390194532e-01,6.525242141202607371e-01
6.680272108415999810e+01,1.431391650546988803e+00,1.303568781496579287e+00
6.682539682111998047e+01,0.000000000000000000e+00,0.000000000000000000e+00
6.684807255807999127e+01,7.165081928390194532e-01,6.525242141202607371e-01
6.687074829503998785e+01,1.431391650546988803e+00,1.303568781496579287e+00
6.689342403199998444e+01,0.000000000000000000e+00,0.000000000000000000e+00
6.691609976895998102e+01,7.165081928390194532e-01,6.525242141202607371e-01
6.693877550591999182e+01,1.431391650546988803e+00,1.303568781496579287e+00
6.696145124287998840e+01,0.000000000000000000e+00,0.000000000000000000e+00
6.698412697983998498e+01,7.165081928390194532e-01,6.525242141202607371e-01
6.700680271679998157e+01,1.431391650546988803e+00,1.303568781496579287e+00
6.702947845375999236e+01,0.000000000000000000e+00,0.000000000000000000e+00
6.705215419071998895e+01,7.165081928390194532e-01,6.525242141202607371e-01
6.707482992767998553e+01,1.431391650546988803e+00,1.303568781496579287e+00
6.709750566463998211e+01,0.000000000000000000e+00,0.000000000000000000e+00
6.712018140159999291e+01,7.165081928390194532e-01,6.525242141202607371e-01
6.714285713855997528e+01,1.431391650546988803e+00,1.303568781496579287e+00
6.716553287551998608e+01,0.000000000000000000e+00,0.000000000000000000e+00
6.718820861247998266e+01,7.165081928390194532e-01,6.525242141202607371e-01
6.721088434943999346e+01,1.431391650546988803e+00,1.303568781496579287e+00
6.723356008639997583e+01,0.000000000000000000e+00,0.000000000000000000e+00
6.725623582335998663e+01,7.165081928390194532e-01,6.525242141202607371e-01
6.727891156031998321e+01,1.431391650546988803e+00,1.303568781496579287e+00
6.730158729727999400e+01,0.000000000000000000e+00,0.000000000000000000e+00
6.732426303423997638e+01,7.165081928390194532e-01,6.525242141202607371e-01
6.734693877119998717e+01,1.431391650546988803e+00,1.303568781496579287e+00
6.736961450815998376e+01,0.000000000000000000e+00,0.000000000000000000e+00
6.739229024511998034e+01,7.165081928390194532e-01,6.525242141202607371e-01
6.741496598207997692e+01,1.431391650546988803e+00,1.303568781496579287e+00
6.743764171903998772e+01,0.000000000000000000e+00,0.000000000000000000e+00
6.746031745599999851e+01,7.165081928390194532e-01,6.525242141202607371e-01
6.748299319295998089e+01,1.431391650546988803e+00,1.303568781496579287e+00
6.750566892991999168e+01,0.000000000000000000e+00,0.000000000000000000e+00
6.752834466687998827e+01,7.165081928390194532e-01,6.525242141202607371e-01
6.755102040383998485e+01,1.431391650546988803e+00,1.303568781496579287e+00
6.757369614079998144e+01,0.000000000000000000e+00,0.000000000000000000e+00
6.759637187775999223e+01,7.165081928390194532e-01,6.525242141202607371e-01
6.761904761471998881e+01,1.431391650546988803e+00,1.303568781496579287e+00
6.764172335167998540e+01,0.000000000000000000e+00,0.000000000000000000e+00
6.766439908863998198e+01,7.165081928390194532e-01,6.525242141202607371e-01
6.768707482559999278e+01,1.431391650546988803e+00,1.303568781496579287e+00
6.770975056255998936e+01,0.000000000000000000e+00,0.000000000000000000e+00
6.773242629951998595e+01,7.165081928390194532e-01,6.525242141202607371e-01
6.775510203647998253e+01,1.431391650546988803e+00,1.303568781496579287e+00
6.777777777343999333e+01,0.000000000000000000e+00,0.000000000000000000e+00
6.780045351039997570e+01,7.165081928390194532e-01,6.525242141202607371e-01
6.782312924735998649e+01,1.431391650546988803e+00,1.303568781496579287e+00
6.784580498431998308e+01,0.000000000000000000e+00,0.000000000000000000e+00
6.786848072127999387e+01,7.165081928390194532e-01,6.525242141202607371e-01
6.789115645823997625e+01,1.502314726604608408e+00,1.641962852568827902e+00
6.791383219519998704e+01,0.000000000000000000e+00,0.000000000000000000e+00
6.793650793215998362e+01,7.165081928390194532e-01,6.525242141202607371e-01
6.795918366911998021e+01,1.502314726604608408e+00,1.641962852568827902e+00
6.798185940607997679e+01,0.000000000000000000e+00,0.000000000000000000e+00
6.800453514303998759e+01,7.874312688966391693e-01,9.909182851925093516e-01
6.802721087999998417e+01,1.573076979360520600e+00,1.979589590146630940e+00
6.804988661695998076e+01,0.000000000000000000e+00,0.000000000000000000e+00
6.807256235391999155e+01,7.874312688966391693e-01,9.909182851925093516e-01
6.809523809087998814e+01,1.573076979360520600e+00,1.979589590146630940e+00
6.811791382783998472e+01,0.000000000000000000e+00,0.000000000000000000e+00
6.814058956479998130e+01,7.874312688966391693e-01,9.909182851925093516e-01
6.816326530175999210e+01,1.573076979360520600e+00,1.979589590146630940e+00
6.818594103871998868e+01,0.000000000000000000e+00,0.000000000000000000e+00
6.820861677567998527e+01,7.874312688966391693e-01,9.909182851925093516e-01
6.823129251263998185e+01,1.573076979360520600e+00,1.979589590146630940e+00
6.825396824959999265e+01,0.000000000000000000e+00,0.000000000000000000e+00
6.827664398655998923e+01,7.874312688966391693e-01,9.909182851925093516e-01
6.829931972351998581e+01,1.573076979360520600e+00,1.979589590146630940e+00
6.832199546047998240e+01,0.000000000000000000e+00,0.000000000000000000e+00
6.834467119743999319e+01,7.874312688966391693e-01,9.909182851925093516e-01
6.836734693439997557e+01,1.573076979360520600e+00,1.979589590146630940e+00
6.839002267135998636e+01,0.000000000000000000e+00,0.000000000000000000e+00
6.841269840831998295e+01,7.874312688966391693e-01,9.909182851925093516e-01
6.843537414527999374e+01,1.573076979360520600e+00,1.979589590146630940e+00
6.845804988223997611e+01,0.000000000000000000e+00,0.000000000000000000e+00
6.848072561919998691e+01,7.874312688966391693e-01,9.909182851925093516e-01
6.850340135615998349e+01,1.573076979360520600e+00,1.979589590146630940e+00
6.852607709311999429e+01,0.000000000000000000e+00,0.000000000000000000e+00
6.854875283007997666e+01,7.874312688966391693e-01,9.909182851925093516e-01
6.857142856703998746e+01,1.573076979360520600e+00,1.979589590146630940e+00
6.859410430399998404e+01,0.000000000000000000e+00,0.000000000000000000e+00
6.861678004095998062e+01,7.874312688966391693e-01,9.909182851925093516e-01
6.863945577791997721e+01,1.573076979360520600e+00,1.979589590146630940e+00
6.866213151487998800e+01,0.000000000000000000e+00,0.000000000000000000e+00
6.868480725183998459e+01,7.874312688966391693e-01,9.909182851925093516e-01
6.870748298879998117e+01,1.573076979360520600e+00,1.979589590146630940e+00
6.873015872575999197e+01,0.000000000000000000e+00,0.000000000000000000e+00
6.875283446271998855e+01,7.874312688966391693e-01,9.909182851925093516e-01
6.877551019967998513e+01,1.573076979360520600e+00,1.979589590146630940e+00
6.879818593663998172e+01,0.000000000000000000e+00,0.000000000000000000e+00
6.882086167359999251e+01,7.874312688966391693e-01,9.909182851925093516e-01
6.884353741055998910e+01,1.573076979360520600e+00,1.979589590146630940e+00
6.886621314751998568e+01,0.000000000000000000e+00,0.000000000000000000e+00
6.888888888447998227e+01,7.874312688966391693e-01,9.909182851925093516e-01
6.891156462143999306e+01,1.573076979360520600e+00,1.979589590146630940e+00
6.893424035839998965e+01,0.000000000000000000e+00,0.000000000000000000e+00
6.895691609535998623e+01,7.874312688966391693e-01,9.909182851925093516e-01
6.897959183231998281e+01,1.573076979360520600e+00,1.979589590146630940e+00
6.900226756927999361e+01,0.000000000000000000e+00,0.000000000000000000e+00
6.902494330623997598e+01,7.874312688966391693e-01,9.909182851925093516e-01
6.904761904319998678e+01,1.573076979360520600e+00,1.979589590146630940e+00
6.907029478015998336e+01,0.000000000000000000e+00,0.000000000000000000e+00
6.909297051711999416e+01,7.874312688966391693e-01,9.909182851925093516e-01
6.911564625407997653e+01,1.573076979360520600e+00,1.979589590146630940e+00
6.913832199103998732e+01,0.000000000000000000e+00,0.000000000000000000e+00
6.916099772799998391e+01,7.874312688966391693e-01,9.909182851925093516e-01
6.918367346495998049e+01,1.573076979360520600e+00,1.979589590146630940e+00
6.920634920191997708e+01,0.000000000000000000e+00,0.000000000000000000e+00
6.922902493887998787e+01,7.874312688966391693e-01,9.909182851925093516e-01
6.925170067583998446e+01,1.573076979360520600e+00,1.979589590146630940e+00
6.927437641279998104e+01,0.000000000000000000e+00,0.000000000000000000e+00
6.929705214975997762e+01,7.874312688966391693e-01,9.909182851925093516e-01
6.931972788671998842e+01,1.573076979360520600e+00,1.979589590146630940e+00
6.934240362367998500e+01,0.000000000000000000e+00,0.000000000000000000e+00
6.936507936063998159e+01,7.874312688966391693e-01,9.909182851925093516e-01
6.938775509759999238e+01,1.573076979360520600e+00,1.979589590146630940e+00
6.941043083455998897e+01,0.000000000000000000e+00,0.000000000000000000e+00
6.943310657151998555e+01,7.874312688966391693e-01,9.909182851925093516e-01
6.945578230847998213e+01,1.573076979360520600e+00,1.979589590146630940e+00
6.947845804543999293e+01,0.000000000000000000e+00,0.000000000000000000e+00
6.950113378239998951e+01,7.874312688966391693e-01,9.909182851925093516e-01
6.952380951935998610e+01,1.573076979360520600e+00,1.979589590146630940e+00
6.954648525631998268e+01,0.000000000000000000e+00,0.000000000000000000e+00
6.956916099327999348e+01,7.874312688966391693e-01,9.909182851925093516e-01
6.959183673023997585e+01,1.573076979360520600e+00,1.979589590146630940e+00
6.961451246719998665e+01,0.000000000000000000e+00,0.000000000000000000e+00
6.963718820415998323e+01,7.874312688966391693e-01,9.909182851925093516e-01
6.965986394111999402e+01,1.573076979360520600e+00,1.979589590146630940e+00
6.968253967807997640e+01,0.000000000000000000e+00,0.000000000000000000e+00
6.970521541503998719e+01,7.874312688966391693e-01,9.909182851925093516e-01
6.972789115199998378e+01,1.573076979360520600e+00,1.979589590146630940e+00
6.975056688895998036e+01,0.000000000000000000e+00,0.000000000000000000e+00
6.977324262591997694e+01,7.874312688966391693e-01,9.909182851925093516e-01
6.979591836287998774e+01,1.573076979360520600e+00,1.979589590146630940e+00
6.981859409983998432e+01,0.000000000000000000e+00,0.000000000000000000e+00
6.984126983679998091e+01,7.874312688966391693e-01,9.909182851925093516e-01
6.986394557375997749e+01,1.573076979360520600e+00,1.979589590146630940e+00
6.988662131071998829e+01,0.000000000000000000e+00,0.000000000000000000e+00
6.990929704767998487e+01,7.874312688966391693e-01,9.909182851925093516e-01
6.993197278463998146e+01,1.573076979360520600e+00,1.979589590146630940e+00
6.995464852159997804e+01,0.000000000000000000e+00,0.000000000000000000e+00
6.997732425855998883e+01,7.874312688966391693e-01,9.909182851925093516e-01
6.999999999551998542e+01,1.573076979360520600e+00,1.979589590146630940e+00
7.002267573247998200e+01,0.000000000000000000e+00,0.000000000000000000e+00
7.004535146943999280e+01,7.874312688966391693e-01,9.909182851925093516e-01
7.006802720639998938e+01,1.573076979360520600e+00,1.979589590146630940e+00
7.009070294335998597e+01,0.000000000000000000e+00,0.000000000000000000e+00
7.011337868031998255e+01,7.874312688966391693e-01,9.909182851925093516e-01
7.013605441727999334e+01,1.573076979360520600e+00,1.979589590146630940e+00
7.015873015423998993e+01,0.000000000000000000e+00,0.000000000000000000e+00
7.018140589119998651e+01,7.165081928390194532e-01,6.525242141202607371e-01
7.020408162815998310e+01,1.431391650546988803e+00,1.303568781496579287e+00
7.022675736511999389e+01,0.000000000000000000e+00,0.000000000000000000e+00
7.024943310207997627e+01,7.165081928390194532e-01,6.525242141202607371e-01
7.027210883903998706e+01,1.431391650546988803e+00,1.303568781496579287e+00
7.029478457599998364e+01,0.000000000000000000e+00,0.000000000000000000e+00
7.031746031295999444e+01,7.165081928390194532e-01,6.525242141202607371e-01
7.034013604991997681e+01,1.431391650546988803e+00,1.303568781496579287e+00
7.036281178687998761e+01,0.000000000000000000e+00,0.000000000000000000e+00
7.038548752383998419e+01,7.165081928390194532e-01,6.525242141202607371e-01
7.040816326079998078e+01,1.431391650546988803e+00,1.303568781496579287e+00
7.043083899775997736e+01,0.000000000000000000e+00,0.000000000000000000e+00
7.045351473471998816e+01,7.165081928390194532e-01,6.525242141202607371e-01
7.047619047167998474e+01,1.431391650546988803e+00,1.303568781496579287e+00
7.049886620863998132e+01,0.000000000000000000e+00,0.000000000000000000e+00
7.052154194559997791e+01,7.165081928390194532e-01,6.525242141202607371e-01
7.054421768255998870e+01,1.431391650546988803e+00,1.303568781496579287e+00
7.056689341951998529e+01,0.000000000000000000e+00,0.000000000000000000e+00
7.058956915647998187e+01,7.165081928390194532e-01,6.525242141202607371e-01
7.061224489343997845e+01,1.431391650546988803e+00,1.303568781496579287e+00
7.063492063039998925e+01,0.000000000000000000e+00,0.000000000000000000e+00
7.065759636735998583e+01,7.165081928390194532e-01,6.525242141202607371e-01
7.068027210431998242e+01,1.431391650546988803e+00,1.303568781496579287e+00
7.070294784127999321e+01,0.000000000000000000e+00,0.000000000000000000e+00
7.072562357823998980e+01,7.165081928390194532e-01,6.525242141202607371e-01
7.074829931519998638e+01,1.431391650546988803e+00,1.303568781496579287e+00
7.077097505215998297e+01,0.000000000000000000e+00,0.000000000000000000e+00
7.079365078911999376e+01,7.165081928390194532e-01,6.525242141202607371e-01
7.081632652607997613e+01,1.431391650546988803e+00,1.303568781496579287e+00
7.083900226303998693e+01,0.000000000000000000e+00,0.000000000000000000e+00
7.086167799999998351e+01,7.165081928390194532e-01,6.525242141202607371e-01
7.088435373695999431e+01,1.431391650546988803e+00,1.303568781496579287e+00
7.090702947391997668e+01,0.000000000000000000e+00,0.000000000000000000e+00
7.092970521087998748e+01,7.165081928390194532e-01,6.525242141202607371e-01
7.095238094783998406e+01,1.431391650546988803e+00,1.303568781496579287e+00
7.097505668479998064e+01,0.000000000000000000e+00,0.000000000000000000e+00
7.099773242175997723e+01,7.165081928390194532e-01,6.525242141202607371e-01
7.102040815871998802e+01,1.431391650546988803e+00,1.303568781496579287e+00
7.104308389567998461e+01,0.000000000000000000e+00,0.000000000000000000e+00
7.106575963263998119e+01,7.165081928390194532e-01,6.525242141202607371e-01
7.108843536959997778e+01,1.431391650546988803e+00,1.303568781496579287e+00
7.111111110655998857e+01,0.000000000000000000e+00,0.000000000000000000e+00
7.113378684351998515e+01,7.165081928390194532e-01,6.525242141202607371e-01
7.115646258047998174e+01,1.431391650546988803e+00,1.303568781496579287e+00
7.117913831743997832e+01,0.000000000000000000e+00,0.000000000000000000e+00
7.120181405439998912e+01,7.165081928390194532e-01,6.525242141202607371e-01
7.122448979135997149e+01,1.431391650546988803e+00,1.303568781496579287e+00
7.124716552831998229e+01,0.000000000000000000e+00,0.000000000000000000e+00
7.126984126527999308e+01,7.165081928390194532e-01,6.525242141202607371e-01
7.129251700223998967e+01,1.431391650546988803e+00,1.303568781496579287e+00
7.131519273919998625e+01,0.000000000000000000e+00,0.000000000000000000e+00
7.133786847615998283e+01,7.165081928390194532e-01,6.525242141202607371e-01
7.136054421311999363e+01,1.431391650546988803e+00,1.303568781496579287e+00
7.138321995007999021e+01,0.000000000000000000e+00,0.000000000000000000e+00
7.140589568703998680e+01,7.165081928390194532e-01,6.525242141202607371e-01
7.142857142399998338e+01,1.431391650546988803e+00,1.303568781496579287e+00
7.145124716095999418e+01,0.000000000000000000e+00,0.000000000000000000e+00
7.147392289791997655e+01,7.165081928390194532e-01,6.525242141202607371e-01
7.149659863487998734e+01,1.431391650546988803e+00,1.303568781496579287e+00
7.151927437183998393e+01,0.000000000000000000e+00,0.000000000000000000e+00
7.154195010879999472e+01,7.165081928390194532e-01,6.525242141202607371e-01
7.156462584575997710e+01,1.431391650546988803e+00,1.303568781496579287e+00
7.158730158271998789e+01,0.000000000000000000e+00,0.000000000000000000e+00
7.160997731967998448e+01,7.165081928390194532e-01,6.525242141202607371e-01
7.163265305663998106e+01,1.431391650546988803e+00,1.303568781496579287e+00
7.165532879359997764e+01,0.000000000000000000e+00,0.000000000000000000e+00
7.167800453055998844e+01,7.165081928390194532e-01,6.525242141202607371e-01
7.170068026751998502e+01,1.431391650546988803e+00,1.303568781496579287e+00
7.172335600447998161e+01,0.000000000000000000e+00,0.000000000000000000e+00
7.174603174143997819e+01,7.165081928390194532e-01,6.525242141202607371e-01
7.176870747839998899e+01,1.431391650546988803e+00,1.303568781496579287e+00
7.179138321535998557e+01,0.000000000000000000e+00,0.000000000000000000e+00
7.181405895231998215e+01,7.165081928390194532e-01,6.525242141202607371e-01
7.183673468927997874e+01,1.431391650546988803e+00,1.303568781496579287e+00
7.185941042623998953e+01,0.000000000000000000e+00,0.000000000000000000e+00
7.188208616319997191e+01,7.165081928390194532e-01,6.525242141202607371e-01
7.190476190015998270e+01,1.431391650546988803e+00,1.303568781496579287e+00
7.192743763711999350e+01,0.000000000000000000e+00,0.000000000000000000e+00
7.195011337407999008e+01,0.000000000000000000e+00,0.000000000000000000e+00
7.197278911103998666e+01,0.000000000000000000e+00,0.000000000000000000e+00
7.199546484799998325e+01,0.000000000000000000e+00,0.000000000000000000e+00
7.201814058495999404e+01,0.000000000000000000e+00,0.000000000000000000e+00
7.204081632191997642e+01,0.000000000000000000e+00,0.000000000000000000e+00
7.206349205887998721e+01,0.000000000000000000e+00,0.000000000000000000e+00
7.208616779583998380e+01,0.000000000000000000e+00,0.000000000000000000e+00
7.210884353279999459e+01,0.000000000000000000e+00,0.000000000000000000e+00
7.213151926975997696e+01,0.000000000000000000e+00,0.000000000000000000e+00
7.215419500671998776e+01,0.000000000000000000e+00,0.000000000000000000e+00
7.217687074367998434e+01,0.000000000000000000e+00,0.000000000000000000e+00
7.219954648063998093e+01,0.000000000000000000e+00,0.000000000000000000e+00
7.222222221759997751e+01,0.000000000000000000e+00,0.000000000000000000e+00
7.224489795455998831e+01,0.000000000000000000e+00,0.000000000000000000e+00
7.226757369151998489e+01,0.000000000000000000e+00,0.000000000000000000e+00
7.229024942847998147e+01,0.000000000000000000e+00,0.000000000000000000e+00
7.231292516543997806e+01,0.000000000000000000e+00,0.000000000000000000e+00
7.233560090239998885e+01,0.000000000000000000e+00,0.000000000000000000e+00
7.235827663935998544e+01,0.000000000000000000e+00,0.000000000000000000e+00
7.238095237631998202e+01,0.000000000000000000e+00,0.000000000000000000e+00
7.240362811327997861e+01,0.000000000000000000e+00,0.000000000000000000e+00
7.242630385023998940e+01,0.000000000000000000e+00,0.000000000000000000e+00
7.244897958719997177e+01,0.000000000000000000e+00,0.000000000000000000e+00
7.247165532415998257e+01,0.000000000000000000e+00,0.000000000000000000e+00
7.249433106111997915e+01,0.000000000000000000e+00,0.000000000000000000e+00
7.251700679807998995e+01,0.000000000000000000e+00,0.000000000000000000e+00
7.253968253503998653e+01,0.000000000000000000e+00,0.000000000000000000e+00
7.256235827199998312e+01,0.000000000000000000e+00,0.000000000000000000e+00
7.258503400895999391e+01,0.000000000000000000e+00,0.000000000000000000e+00
7.260770974591999050e+01,0.000000000000000000e+00,0.000000000000000000e+00
7.263038548287998708e+01,0.000000000000000000e+00,0.000000000000000000e+00
7.265306121983998366e+01,0.000000000000000000e+00,0.000000000000000000e+00
7.267573695679999446e+01,0.000000000000000000e+00,0.000000000000000000e+00
7.269841269375997683e+01,0.000000000000000000e+00,0.000000000000000000e+00
7.272108843071998763e+01,0.000000000000000000e+00,0.000000000000000000e+00
7.274376416767998421e+01,0.000000000000000000e+00,0.000000000000000000e+00
7.276643990463999501e+01,0.000000000000000000e+00,0.000000000000000000e+00
7.278911564159997738e+01,0.000000000000000000e+00,0.000000000000000000e+00
7.281179137855998817e+01,0.000000000000000000e+00,0.000000000000000000e+00
7.283446711551998476e+01,0.000000000000000000e+00,0.000000000000000000e+00
7.285714285247998134e+01,0.000000000000000000e+00,0.000000000000000000e+00
7.287981858943997793e+01,0.000000000000000000e+00,0.000000000000000000e+00
7.290249432639998872e+01,0.000000000000000000e+00,0.000000000000000000e+00
7.292517006335998531e+01,0.000000000000000000e+00,0.000000000000000000e+00
7.294784580031998189e+01,0.000000000000000000e+00,0.000000000000000000e+00
7.297052153727997847e+01,0.000000000000000000e+00,0.000000000000000000e+00
7.299319727423998927e+01,0.000000000000000000e+00,0.000000000000000000e+00
7.301587301119998585e+01,0.000000000000000000e+00,0.000000000000000000e+00
7.303854874815998244e+01,0.000000000000000000e+00,0.000000000000000000e+00
7.306122448511997902e+01,0.000000000000000000e+00,0.000000000000000000e+00
7.308390022207998982e+01,0.000000000000000000e+00,0.000000000000000000e+00
7.310657595903997219e+01,0.000000000000000000e+00,0.000000000000000000e+00
7.312925169599998299e+01,0.000000000000000000e+00,0.000000000000000000e+00
7.315192743295997957e+01,0.000000000000000000e+00,0.000000000000000000e+00
7.317460316991999036e+01,0.000000000000000000e+00,0.000000000000000000e+00
7.319727890687998695e+01,0.000000000000000000e+00,0.000000000000000000e+00
7.321995464383998353e+01,0.000000000000000000e+00,0.000000000000000000e+00
7.324263038079999433e+01,0.000000000000000000e+00,0.000000000000000000e+00
7.326530611775997670e+01,0.000000000000000000e+00,0.000000000000000000e+00
7.328798185471998750e+01,0.000000000000000000e+00,0.000000000000000000e+00
7.331065759167998408e+01,0.000000000000000000e+00,0.000000000000000000e+00
7.333333332863999487e+01,0.000000000000000000e+00,0.000000000000000000e+00
7.335600906559997725e+01,0.000000000000000000e+00,0.000000000000000000e+00
7.337868480255998804e+01,0.000000000000000000e+00,0.000000000000000000e+00
7.340136053951998463e+01,0.000000000000000000e+00,0.000000000000000000e+00
7.342403627647998121e+01,0.000000000000000000e+00,0.000000000000000000e+00
7.344671201343997780e+01,0.000000000000000000e+00,0.000000000000000000e+00
7.346938775039998859e+01,0.000000000000000000e+00,0.000000000000000000e+00
7.349206348735998517e+01,0.000000000000000000e+00,0.000000000000000000e+00
7.351473922431998176e+01,0.000000000000000000e+00,0.000000000000000000e+00
7.353741496127997834e+01,0.000000000000000000e+00,0.000000000000000000e+00
7.356009069823998914e+01,0.000000000000000000e+00,0.000000000000000000e+00
7.358276643519998572e+01,0.000000000000000000e+00,0.000000000000000000e+00
7.360544217215998231e+01,0.000000000000000000e+00,0.000000000000000000e+00
7.362811790911997889e+01,0.000000000000000000e+00,0.000000000000000000e+00
7.365079364607998968e+01,0.000000000000000000e+00,0.000000000000000000e+00
7.367346938303997206e+01,0.000000000000000000e+00,0.000000000000000000e+00
7.369614511999998285e+01,0.000000000000000000e+00,0.000000000000000000e+00
7.371882085695997944e+01,0.000000000000000000e+00,0.000000000000000000e+00
7.374149659391999023e+01,0.000000000000000000e+00,0.000000000000000000e+00
7.376417233087997261e+01,0.000000000000000000e+00,0.000000000000000000e+00
7.378684806783998340e+01,0.000000000000000000e+00,0.000000000000000000e+00
7.380952380479999420e+01,0.000000000000000000e+00,0.000000000000000000e+00
7.383219954175999078e+01,0.000000000000000000e+00,0.000000000000000000e+00
7.385487527871998736e+01,0.000000000000000000e+00,0.000000000000000000e+00
7.387755101567998395e+01,0.000000000000000000e+00,0.000000000000000000e+00
7.390022675263999474e+01,0.000000000000000000e+00,0.000000000000000000e+00
7.392290248959997712e+01,0.000000000000000000e+00,0.000000000000000000e+00
7.394557822655998791e+01,0.000000000000000000e+00,0.000000000000000000e+00
7.396825396351998450e+01,7.165081928390194532e-01,6.525242141202607371e-01
7.399092970047999529e+01,7.148834577079692387e-01,6.510445673763185503e-01
7.401360543743997766e+01,7.132624067835651172e-01,6.495682758404123236e-01
7.403628117439998846e+01,1.428153224550616551e+00,1.300619546024621265e+00
7.405895691135998504e+01,0.000000000000000000e+00,0.000000000000000000e+00
7.408163264831998163e+01,7.165081928390194532e-01,6.525242141202607371e-01
7.410430838527997821e+01,1.431391650546988803e+00,1.303568781496579287e+00
7.412698412223998901e+01,0.000000000000000000e+00,0.000000000000000000e+00
7.414965985919998559e+01,7.165081928390194532e-01,6.525242141202607371e-01
7.417233559615998217e+01,1.431391650546988803e+00,1.303568781496579287e+00
7.419501133311997876e+01,0.000000000000000000e+00,0.000000000000000000e+00
7.421768707007998955e+01,7.165081928390194532e-01,6.525242141202607371e-01
7.424036280703998614e+01,1.431391650546988803e+00,1.303568781496579287e+00
7.426303854399998272e+01,0.000000000000000000e+00,0.000000000000000000e+00
7.428571428095997931e+01,7.165081928390194532e-01,6.525242141202607371e-01
7.430839001791999010e+01,1.431391650546988803e+00,1.303568781496579287e+00
7.433106575487997247e+01,0.000000000000000000e+00,0.000000000000000000e+00
7.435374149183998327e+01,7.165081928390194532e-01,6.525242141202607371e-01
7.437641722879997985e+01,1.431391650546988803e+00,1.303568781496579287e+00
7.439909296575999065e+01,0.000000000000000000e+00,0.000000000000000000e+00
7.442176870271997302e+01,7.165081928390194532e-01,6.525242141202607371e-01
7.444444443967998382e+01,1.431391650546988803e+00,1.303568781496579287e+00
7.446712017663999461e+01,0.000000000000000000e+00,0.000000000000000000e+00
7.448979591359997698e+01,7.165081928390194532e-01,6.525242141202607371e-01
7.451247165055998778e+01,1.431391650546988803e+00,1.303568781496579287e+00
7.453514738751998436e+01,0.000000000000000000e+00,0.000000000000000000e+00
7.455782312447999516e+01,7.165081928390194532e-01,6.525242141202607371e-01
7.458049886143997753e+01,1.431391650546988803e+00,1.303568781496579287e+00
7.460317459839998833e+01,0.000000000000000000e+00,0.000000000000000000e+00
7.462585033535998491e+01,7.165081928390194532e-01,6.525242141202607371e-01
7.464852607231998149e+01,1.431391650546988803e+00,1.303568781496579287e+00
7.467120180927997808e+01,0.000000000000000000e+00,0.000000000000000000e+00
7.469387754623998887e+01,7.165081928390194532e-01,6.525242141202607371e-01
7.471655328319998546e+01,1.431391650546988803e+00,1.303568781496579287e+00
7.473922902015998204e+01,0.000000000000000000e+00,0.000000000000000000e+00
7.476190475711997863e+01,7.165081928390194532e-01,6.525242141202607371e-01
7.478458049407998942e+01,1.431391650546988803e+00,1.303568781496579287e+00
7.480725623103998601e+01,0.000000000000000000e+00,0.000000000000000000e+00
7.482993196799998259e+01,7.165081928390194532e-01,6.525242141202607371e-01
7.485260770495997917e+01,1.431391650546988803e+00,1.303568781496579287e+00
7.487528344191998997e+01,0.000000000000000000e+00,0.000000000000000000e+00
7.489795917887997234e+01,7.165081928390194532e-01,6.525242141202607371e-01
7.492063491583998314e+01,1.431391650546988803e+00,1.303568781496579287e+00
7.494331065279997972e+01,0.000000000000000000e+00,0.000000000000000000e+00
7.496598638975999052e+01,7.165081928390194532e-01,6.525242141202607371e-01
7.498866212671997289e+01,1.431391650546988803e+00,1.303568781496579287e+00
7.501133786367998368e+01,0.000000000000000000e+00,0.000000000000000000e+00
7.503401360063998027e+01,7.165081928390194532e-01,6.525242141202607371e-01
7.505668933759997685e+01,1.431391650546988803e+00,1.303568781496579287e+00
7.507936507455998765e+01,0.000000000000000000e+00,0.000000000000000000e+00
7.510204081151998423e+01,7.165081928390194532e-01,6.525242141202607371e-01
7.512471654847999503e+01,1.431391650546988803e+00,1.303568781496579287e+00
7.514739228543997740e+01,0.000000000000000000e+00,0.000000000000000000e+00
7.517006802239998819e+01,7.165081928390194532e-01,6.525242141202607371e-01
7.519274375935998478e+01,1.431391650546988803e+00,1.303568781496579287e+00
7.521541949631999557e+01,0.000000000000000000e+00,0.000000000000000000e+00
7.523809523327997795e+01,7.165081928390194532e-01,6.525242141202607371e-01
7.526077097023998874e+01,1.431391650546988803e+00,1.303568781496579287e+00
7.528344670719998533e+01,0.000000000000000000e+00,0.000000000000000000e+00
7.530612244415998191e+01,7.165081928390194532e-01,6.525242141202607371e-01
7.532879818111997849e+01,1.431391650546988803e+00,1.303568781496579287e+00
7.535147391807998929e+01,0.000000000000000000e+00,0.000000000000000000e+00
7.537414965503998587e+01,7.165081928390194532e-01,6.525242141202607371e-01
7.539682539199998246e+01,1.431391650546988803e+00,1.303568781496579287e+00
7.541950112895997904e+01,0.000000000000000000e+00,0.000000000000000000e+00
7.544217686591998984e+01,7.165081928390194532e-01,6.525242141202607371e-01
7.546485260287998642e+01,1.431391650546988803e+00,1.303568781496579287e+00
7.548752833983998300e+01,0.000000000000000000e+00,0.000000000000000000e+00
7.551020407679997959e+01,7.165081928390194532e-01,6.525242141202607371e-01
7.553287981375999038e+01,1.431391650546988803e+00,1.303568781496579287e+00
7.555555555071997276e+01,0.000000000000000000e+00,0.000000000000000000e+00
7.557823128767998355e+01,7.165081928390194532e-01,6.525242141202607371e-01
7.560090702463998014e+01,1.431391650546988803e+00,1.303568781496579287e+00
7.562358276159999093e+01,0.000000000000000000e+00,0.000000000000000000e+00
7.564625849855997330e+01,7.165081928390194532e-01,6.525242141202607371e-01
7.566893423551998410e+01,1.431391650546988803e+00,1.303568781496579287e+00
7.569160997247998068e+01,0.000000000000000000e+00,0.000000000000000000e+00
7.571428570943997727e+01,7.165081928390194532e-01,6.525242141202607371e-01
7.573696144639998806e+01,1.431391650546988803e+00,1.303568781496579287e+00
7.575963718335998465e+01,0.000000000000000000e+00,0.000000000000000000e+00
7.578231292031999544e+01,7.165081928390194532e-01,6.525242141202607371e-01
7.580498865727997782e+01,1.431391650546988803e+00,1.303568781496579287e+00
7.582766439423998861e+01,0.000000000000000000e+00,0.000000000000000000e+00
7.585034013119998519e+01,7.165081928390194532e-01,6.525242141202607371e-01
7.587301586815998178e+01,1.431391650546988803e+00,1.303568781496579287e+00
7.589569160511997836e+01,0.000000000000000000e+00,0.000000000000000000e+00
7.591836734207998916e+01,7.165081928390194532e-01,6.525242141202607371e-01
7.594104307903998574e+01,1.431391650546988803e+00,1.303568781496579287e+00
7.596371881599998233e+01,0.000000000000000000e+00,0.000000000000000000e+00
7.598639455295997891e+01,7.165081928390194532e-01,6.525242141202607371e-01
7.600907028991998970e+01,1.431391650546988803e+00,1.303568781496579287e+00
7.603174602687998629e+01,0.000000000000000000e+00,0.000000000000000000e+00
7.605442176383998287e+01,7.165081928390194532e-01,6.525242141202607371e-01
7.607709750079997946e+01,1.431391650546988803e+00,1.303568781496579287e+00
7.609977323775999025e+01,0.000000000000000000e+00,0.000000000000000000e+00
7.612244897471997263e+01,7.165081928390194532e-01,6.525242141202607371e-01
7.614512471167998342e+01,1.431391650546988803e+00,1.303568781496579287e+00
7.616780044863998000e+01,0.000000000000000000e+00,0.000000000000000000e+00
7.619047618559999080e+01,7.165081928390194532e-01,6.525242141202607371e-01
7.621315192255997317e+01,1.431391650546988803e+00,1.303568781496579287e+00
7.623582765951998397e+01,0.000000000000000000e+00,0.000000000000000000e+00
7.625850339647998055e+01,7.165081928390194532e-01,6.525242141202607371e-01
7.628117913343997714e+01,1.431391650546988803e+00,1.303568781496579287e+00
7.630385487039997372e+01,0.000000000000000000e+00,0.000000000000000000e+00
7.632653060735998451e+01,7.165081928390194532e-01,6.525242141202607371e-01
7.634920634431999531e+01,1.431391650546988803e+00,1.303568781496579287e+00
7.637188208127997768e+01,0.000000000000000000e+00,0.000000000000000000e+00
7.639455781823998848e+01,7.165081928390194532e-01,6.525242141202607371e-01
7.641723355519998506e+01,1.431391650546988803e+00,1.303568781496579287e+00
7.643990929215999586e+01,0.000000000000000000e+00,0.000000000000000000e+00
7.646258502911997823e+01,7.165081928390194532e-01,6.525242141202607371e-01
7.648526076607998903e+01,1.431391650546988803e+00,1.303568781496579287e+00
7.650793650303998561e+01,0.000000000000000000e+00,0.000000000000000000e+00
7.653061223999998219e+01,7.165081928390194532e-01,6.525242141202607371e-01
7.655328797695997878e+01,1.431391650546988803e+00,1.303568781496579287e+00
7.657596371391998957e+01,0.000000000000000000e+00,0.000000000000000000e+00
7.659863945087998616e+01,7.165081928390194532e-01,6.525242141202607371e-01
7.662131518783998274e+01,1.431391650546988803e+00,1.303568781496579287e+00
7.664399092479997933e+01,0.000000000000000000e+00,0.000000000000000000e+00
7.666666666175999012e+01,7.165081928390194532e-01,6.525242141202607371e-01
7.668934239871998670e+01,1.431391650546988803e+00,1.303568781496579287e+00
7.671201813567998329e+01,0.000000000000000000e+00,0.000000000000000000e+00
7.673469387263997987e+01,7.165081928390194532e-01,6.525242141202607371e-01
7.675736960959999067e+01,1.431391650546988803e+00,1.303568781496579287e+00
7.678004534655997304e+01,0.000000000000000000e+00,0.000000000000000000e+00
7.680272108351998384e+01,7.165081928390194532e-01,6.525242141202607371e-01
7.682539682047998042e+01,1.431391650546988803e+00,1.303568781496579287e+00
7.684807255743999121e+01,0.000000000000000000e+00,0.000000000000000000e+00
7.687074829439997359e+01,7.165081928390194532e-01,6.525242141202607371e-01
7.689342403135998438e+01,1.431391650546988803e+00,1.303568781496579287e+00
7.691609976831998097e+01,0.000000000000000000e+00,0.000000000000000000e+00
7.693877550527997755e+01,7.165081928390194532e-01,6.525242141202607371e-01
7.696145124223997414e+01,1.431391650546988803e+00,1.303568781496579287e+00
7.698412697919998493e+01,0.000000000000000000e+00,0.000000000000000000e+00
7.700680271615999573e+01,7.165081928390194532e-01,6.525242141202607371e-01
7.702947845311997810e+01,1.431391650546988803e+00,1.303568781496579287e+00
7.705215419007998889e+01,0.000000000000000000e+00,0.000000000000000000e+00
7.707482992703998548e+01,7.165081928390194532e-01,6.525242141202607371e-01
7.709750566399998206e+01,1.431391650546988803e+00,1.303568781496579287e+00
7.712018140095997865e+01,0.000000000000000000e+00,0.000000000000000000e+00
7.714285713791998944e+01,7.165081928390194532e-01,6.525242141202607371e-01
7.716553287487998603e+01,1.431391650546988803e+00,1.303568781496579287e+00
7.718820861183998261e+01,0.000000000000000000e+00,0.000000000000000000e+00
7.721088434879997919e+01,7.165081928390194532e-01,6.525242141202607371e-01
7.723356008575998999e+01,1.431391650546988803e+00,1.303568781496579287e+00
7.725623582271998657e+01,0.000000000000000000e+00,0.000000000000000000e+00
7.727891155967998316e+01,7.165081928390194532e-01,6.525242141202607371e-01
7.730158729663997974e+01,1.431391650546988803e+00,1.303568781496579287e+00
7.732426303359999054e+01,0.000000000000000000e+00,0.000000000000000000e+00
7.734693877055997291e+01,7.165081928390194532e-01,6.525242141202607371e-01
7.736961450751998370e+01,1.431391650546988803e+00,1.303568781496579287e+00
7.739229024447998029e+01,0.000000000000000000e+00,0.000000000000000000e+00
7.741496598143999108e+01,7.165081928390194532e-01,6.525242141202607371e-01
7.743764171839997346e+01,1.431391650546988803e+00,1.303568781496579287e+00
7.746031745535998425e+01,0.000000000000000000e+00,0.000000000000000000e+00
7.748299319231998084e+01,7.165081928390194532e-01,6.525242141202607371e-01
7.750566892927997742e+01,1.431391650546988803e+00,1.303568781496579287e+00
7.752834466623997400e+01,0.000000000000000000e+00,0.000000000000000000e+00
7.755102040319998480e+01,7.165081928390194532e-01,6.525242141202607371e-01
7.757369614015998138e+01,1.431391650546988803e+00,1.303568781496579287e+00
7.759637187711997797e+01,0.000000000000000000e+00,0.000000000000000000e+00
7.761904761407998876e+01,7.165081928390194532e-01,6.525242141202607371e-01
7.764172335103998535e+01,1.431391650546988803e+00,1.303568781496579287e+00
7.766439908799999614e+01,0.000000000000000000e+00,0.000000000000000000e+00
7.768707482495997851e+01,7.165081928390194532e-01,6.525242141202607371e-01
7.770975056191998931e+01,1.431391650546988803e+00,1.303568781496579287e+00
7.773242629887998589e+01,0.000000000000000000e+00,0.000000000000000000e+00
7.775510203583998248e+01,7.165081928390194532e-01,6.525242141202607371e-01
7.777777777279997906e+01,1.431391650546988803e+00,1.303568781496579287e+00
7.780045350975998986e+01,0.000000000000000000e+00,0.000000000000000000e+00
7.782312924671998644e+01,7.165081928390194532e-01,6.525242141202607371e-01
7.784580498367998302e+01,1.431391650546988803e+00,1.303568781496579287e+00
7.786848072063997961e+01,0.000000000000000000e+00,0.000000000000000000e+00
7.789115645759999040e+01,7.165081928390194532e-01,6.525242141202607371e-01
7.791383219455998699e+01,1.431391650546988803e+00,1.303568781496579287e+00
7.793650793151998357e+01,0.000000000000000000e+00,0.000000000000000000e+00
7.795918366847998016e+01,7.165081928390194532e-01,6.525242141202607371e-01
7.798185940543999095e+01,1.431391650546988803e+00,1.303568781496579287e+00
7.800453514239997332e+01,0.000000000000000000e+00,0.000000000000000000e+00
7.802721087935998412e+01,7.165081928390194532e-01,6.525242141202607371e-01
7.804988661631998070e+01,1.431391650546988803e+00,1.303568781496579287e+00
7.807256235327999150e+01,0.000000000000000000e+00,0.000000000000000000e+00
7.809523809023997387e+01,7.165081928390194532e-01,6.525242141202607371e-01
7.811791382719998467e+01,1.431391650546988803e+00,1.303568781496579287e+00
7.814058956415998125e+01,0.000000000000000000e+00,0.000000000000000000e+00
7.816326530111997783e+01,7.165081928390194532e-01,6.525242141202607371e-01
7.818594103807997442e+01,1.431391650546988803e+00,1.303568781496579287e+00
7.820861677503998521e+01,0.000000000000000000e+00,0.000000000000000000e+00
7.823129251199998180e+01,7.165081928390194532e-01,6.525242141202607371e-01
7.825396824895997838e+01,1.431391650546988803e+00,1.303568781496579287e+00
7.827664398591998918e+01,0.000000000000000000e+00,0.000000000000000000e+00
7.829931972287998576e+01,0.000000000000000000e+00,0.000000000000000000e+00
7.832199545983998235e+01,0.000000000000000000e+00,0.000000000000000000e+00
7.834467119679997893e+01,0.000000000000000000e+00,0.000000000000000000e+00
7.836734693375998972e+01,0.000000000000000000e+00,0.000000000000000000e+00
7.839002267071998631e+01,0.000000000000000000e+00,0.000000000000000000e+00
7.841269840767998289e+01,0.000000000000000000e+00,0.000000000000000000e+00
7.843537414463997948e+01,0.000000000000000000e+00,0.000000000000000000e+00
7.845804988159999027e+01,0.000000000000000000e+00,0.000000000000000000e+00
7.848072561855998686e+01,0.000000000000000000e+00,0.000000000000000000e+00
7.850340135551998344e+01,0.000000000000000000e+00,0.000000000000000000e+00
7.852607709247998002e+01,0.000000000000000000e+00,0.000000000000000000e+00
7.854875282943999082e+01,0.000000000000000000e+00,0.000000000000000000e+00
7.857142856639997319e+01,0.000000000000000000e+00,0.000000000000000000e+00
7.859410430335998399e+01,0.000000000000000000e+00,0.000000000000000000e+00
7.861678004031998057e+01,0.000000000000000000e+00,0.000000000000000000e+00
7.863945577727999137e+01,0.000000000000000000e+00,0.000000000000000000e+00
7.866213151423997374e+01,0.000000000000000000e+00,0.000000000000000000e+00
7.868480725119998453e+01,0.000000000000000000e+00,0.000000000000000000e+00
7.870748298815998112e+01,0.000000000000000000e+00,0.000000000000000000e+00
7.873015872511997770e+01,0.000000000000000000e+00,0.000000000000000000e+00
7.875283446207997429e+01,0.000000000000000000e+00,0.000000000000000000e+00
7.877551019903998508e+01,0.000000000000000000e+00,0.000000000000000000e+00
7.879818593599998167e+01,0.000000000000000000e+00,0.000000000000000000e+00
7.882086167295997825e+01,0.000000000000000000e+00,0.000000000000000000e+00
7.884353740991997483e+01,0.000000000000000000e+00,0.000000000000000000e+00
7.886621314687998563e+01,0.000000000000000000e+00,0.000000000000000000e+00
7.888888888383999642e+01,0.000000000000000000e+00,0.000000000000000000e+00
7.891156462079997880e+01,0.000000000000000000e+00,0.000000000000000000e+00
7.893424035775998959e+01,0.000000000000000000e+00,0.000000000000000000e+00
7.895691609471998618e+01,0.000000000000000000e+00,0.000000000000000000e+00
7.897959183167998276e+01,0.000000000000000000e+00,0.000000000000000000e+00
7.900226756863997934e+01,0.000000000000000000e+00,0.000000000000000000e+00
7.902494330559999014e+01,0.000000000000000000e+00,0.000000000000000000e+00
7.904761904255998672e+01,0.000000000000000000e+00,0.000000000000000000e+00
7.907029477951998331e+01,0.000000000000000000e+00,0.000000000000000000e+00
7.909297051647997989e+01,0.000000000000000000e+00,0.000000000000000000e+00
7.911564625343999069e+01,0.000000000000000000e+00,0.000000000000000000e+00
7.913832199039998727e+01,0.000000000000000000e+00,0.000000000000000000e+00
7.916099772735998386e+01,0.000000000000000000e+00,0.000000000000000000e+00
7.918367346431998044e+01,0.000000000000000000e+00,0.000000000000000000e+00
7.920634920127999123e+01,0.000000000000000000e+00,0.000000000000000000e+00
7.922902493823997361e+01,0.000000000000000000e+00,0.000000000000000000e+00
7.925170067519998440e+01,0.000000000000000000e+00,0.000000000000000000e+00
7.927437641215998099e+01,0.000000000000000000e+00,0.000000000000000000e+00
7.929705214911999178e+01,0.000000000000000000e+00,0.000000000000000000e+00
7.931972788607997416e+01,0.000000000000000000e+00,0.000000000000000000e+00
7.934240362303998495e+01,0.000000000000000000e+00,0.000000000000000000e+00
7.936507935999998153e+01,0.000000000000000000e+00,0.000000000000000000e+00
7.938775509695997812e+01,0.000000000000000000e+00,0.000000000000000000e+00
7.941043083391997470e+01,0.000000000000000000e+00,0.000000000000000000e+00
7.943310657087998550e+01,0.000000000000000000e+00,0.000000000000000000e+00
7.945578230783998208e+01,0.000000000000000000e+00,0.000000000000000000e+00
7.947845804479997867e+01,0.000000000000000000e+00,0.000000000000000000e+00
7.950113378175997525e+01,0.000000000000000000e+00,0.000000000000000000e+00
7.952380951871998604e+01,0.000000000000000000e+00,0.000000000000000000e+00
7.954648525567998263e+01,0.000000000000000000e+00,0.000000000000000000e+00
7.956916099263997921e+01,0.000000000000000000e+00,0.000000000000000000e+00
7.959183672959999001e+01,0.000000000000000000e+00,0.000000000000000000e+00
7.961451246655998659e+01,0.000000000000000000e+00,0.000000000000000000e+00
7.963718820351998318e+01,0.000000000000000000e+00,0.000000000000000000e+00
7.965986394047997976e+01,0.000000000000000000e+00,0.000000000000000000e+00
7.968253967743999056e+01,0.000000000000000000e+00,0.000000000000000000e+00
7.970521541439998714e+01,0.000000000000000000e+00,0.000000000000000000e+00
7.972789115135998372e+01,0.000000000000000000e+00,0.000000000000000000e+00
7.975056688831998031e+01,0.000000000000000000e+00,0.000000000000000000e+00
7.977324262527999110e+01,0.000000000000000000e+00,0.000000000000000000e+00
7.979591836223997348e+01,0.000000000000000000e+00,0.000000000000000000e+00
7.981859409919998427e+01,0.000000000000000000e+00,0.000000000000000000e+00
7.984126983615998085e+01,0.000000000000000000e+00,0.000000000000000000e+00
7.986394557311999165e+01,0.000000000000000000e+00,0.000000000000000000e+00
7.988662131007997402e+01,0.000000000000000000e+00,0.000000000000000000e+00
7.990929704703998482e+01,0.000000000000000000e+00,0.000000000000000000e+00
7.993197278399998140e+01,0.000000000000000000e+00,0.000000000000000000e+00
7.995464852095997799e+01,0.000000000000000000e+00,0.000000000000000000e+00
7.997732425791997457e+01,0.000000000000000000e+00,0.000000000000000000e+00
7.999999999487998537e+01,0.000000000000000000e+00,0.000000000000000000e+00
8.002267573183998195e+01,0.000000000000000000e+00,0.000000000000000000e+00
8.004535146879997853e+01,0.000000000000000000e+00,0.000000000000000000e+00
8.006802720575997512e+01,0.000000000000000000e+00,0.000000000000000000e+00
8.009070294271998591e+01,0.000000000000000000e+00,0.000000000000000000e+00
8.011337867967998250e+01,0.000000000000000000e+00,0.000000000000000000e+00
8.013605441663997908e+01,0.000000000000000000e+00,0.000000000000000000e+00
8.015873015359998988e+01,0.000000000000000000e+00,0.000000000000000000e+00
8.018140589055998646e+01,0.000000000000000000e+00,0.000000000000000000e+00
8.020408162751998304e+01,0.000000000000000000e+00,0.000000000000000000e+00
8.022675736447997963e+01,0.000000000000000000e+00,0.000000000000000000e+00
8.024943310143999042e+01,0.000000000000000000e+00,0.000000000000000000e+00
8.027210883839998701e+01,0.000000000000000000e+00,0.000000000000000000e+00
8.029478457535998359e+01,0.000000000000000000e+00,0.000000000000000000e+00
8.031746031231998018e+01,0.000000000000000000e+00,0.000000000000000000e+00
8.034013604927999097e+01,0.000000000000000000e+00,0.000000000000000000e+00
8.036281178623997334e+01,0.000000000000000000e+00,0.000000000000000000e+00
8.038548752319998414e+01,0.000000000000000000e+00,0.000000000000000000e+00
8.040816326015998072e+01,0.000000000000000000e+00,0.000000000000000000e+00
8.043083899711999152e+01,0.000000000000000000e+00,0.000000000000000000e+00
8.045351473407997389e+01,0.000000000000000000e+00,0.000000000000000000e+00
8.047619047103998469e+01,0.000000000000000000e+00,0.000000000000000000e+00
8.049886620799998127e+01,0.000000000000000000e+00,0.000000000000000000e+00
8.052154194495999207e+01,0.000000000000000000e+00,0.000000000000000000e+00
8.054421768191997444e+01,0.000000000000000000e+00,0.000000000000000000e+00
8.056689341887998523e+01,0.000000000000000000e+00,0.000000000000000000e+00
8.058956915583998182e+01,0.000000000000000000e+00,0.000000000000000000e+00
8.061224489279997840e+01,0.000000000000000000e+00,0.000000000000000000e+00
8.063492062975997499e+01,0.000000000000000000e+00,0.000000000000000000e+00
8.065759636671998578e+01,0.000000000000000000e+00,0.000000000000000000e+00
8.068027210367998237e+01,0.000000000000000000e+00,0.000000000000000000e+00
8.070294784063997895e+01,0.000000000000000000e+00,0.000000000000000000e+00
8.072562357759997553e+01,0.000000000000000000e+00,0.000000000000000000e+00
8.074829931455998633e+01,0.000000000000000000e+00,0.000000000000000000e+00
8.077097505151998291e+01,0.000000000000000000e+00,0.000000000000000000e+00
8.079365078847997950e+01,0.000000000000000000e+00,0.000000000000000000e+00
8.081632652543999029e+01,0.000000000000000000e+00,0.000000000000000000e+00
8.083900226239998688e+01,0.000000000000000000e+00,0.000000000000000000e+00
8.086167799935998346e+01,0.000000000000000000e+00,0.000000000000000000e+00
8.088435373631998004e+01,0.000000000000000000e+00,0.000000000000000000e+00
8.090702947327999084e+01,0.000000000000000000e+00,0.000000000000000000e+00
8.092970521023998742e+01,0.000000000000000000e+00,0.000000000000000000e+00
8.095238094719998401e+01,0.000000000000000000e+00,0.000000000000000000e+00
8.097505668415998059e+01,0.000000000000000000e+00,0.000000000000000000e+00
8.099773242111999139e+01,0.000000000000000000e+00,0.000000000000000000e+00
8.102040815807997376e+01,0.000000000000000000e+00,0.000000000000000000e+00
8.104308389503998455e+01,0.000000000000000000e+00,0.000000000000000000e+00
8.106575963199998114e+01,0.000000000000000000e+00,0.000000000000000000e+00
8.108843536895999193e+01,0.000000000000000000e+00,0.000000000000000000e+00
8.111111110591997431e+01,0.000000000000000000e+00,0.000000000000000000e+00
8.113378684287998510e+01,0.000000000000000000e+00,0.000000000000000000e+00
8.115646257983998169e+01,0.000000000000000000e+00,0.000000000000000000e+00
8.117913831679997827e+01,0.000000000000000000e+00,0.000000000000000000e+00
8.120181405375997485e+01,0.000000000000000000e+00,0.000000000000000000e+00
8.122448979071998565e+01,0.000000000000000000e+00,0.000000000000000000e+00
8.124716552767998223e+01,0.000000000000000000e+00,0.000000000000000000e+00
8.126984126463997882e+01,0.000000000000000000e+00,0.000000000000000000e+00
8.129251700159997540e+01,0.000000000000000000e+00,0.000000000000000000e+00
8.131519273855998620e+01,0.000000000000000000e+00,0.000000000000000000e+00
8.133786847551998278e+01,0.000000000000000000e+00,0.000000000000000000e+00
8.136054421247997936e+01,0.000000000000000000e+00,0.000000000000000000e+00
8.138321994943997595e+01,0.000000000000000000e+00,0.000000000000000000e+00
8.140589568639998674e+01,0.000000000000000000e+00,0.000000000000000000e+00
8.142857142335996912e+01,0.000000000000000000e+00,0.000000000000000000e+00
8.145124716031997991e+01,0.000000000000000000e+00,0.000000000000000000e+00
8.147392289727999071e+01,0.000000000000000000e+00,0.000000000000000000e+00
8.149659863423998729e+01,0.000000000000000000e+00,0.000000000000000000e+00
8.151927437119998388e+01,0.000000000000000000e+00,0.000000000000000000e+00
8.154195010815998046e+01,0.000000000000000000e+00,0.000000000000000000e+00
8.156462584511999125e+01,0.000000000000000000e+00,0.000000000000000000e+00
8.158730158207997363e+01,0.000000000000000000e+00,0.000000000000000000e+00
8.160997731903998442e+01,0.000000000000000000e+00,0.000000000000000000e+00
8.163265305599998101e+01,0.000000000000000000e+00,0.000000000000000000e+00
8.165532879295999180e+01,0.000000000000000000e+00,0.000000000000000000e+00
8.167800452991997417e+01,0.000000000000000000e+00,0.000000000000000000e+00
8.170068026687998497e+01,0.000000000000000000e+00,0.000000000000000000e+00
8.172335600383998155e+01,0.000000000000000000e+00,0.000000000000000000e+00
8.174603174079999235e+01,0.000000000000000000e+00,0.000000000000000000e+00
8.176870747775997472e+01,0.000000000000000000e+00,0.000000000000000000e+00
8.179138321471998552e+01,0.000000000000000000e+00,0.000000000000000000e+00
8.181405895167998210e+01,0.000000000000000000e+00,0.000000000000000000e+00
8.183673468863997869e+01,0.000000000000000000e+00,0.000000000000000000e+00
8.185941042559997527e+01,0.000000000000000000e+00,0.000000000000000000e+00
8.188208616255998606e+01,0.000000000000000000e+00,0.000000000000000000e+00
8.190476189951998265e+01,0.000000000000000000e+00,0.000000000000000000e+00
8.192743763647997923e+01,0.000000000000000000e+00,0.000000000000000000e+00
8.195011337343997582e+01,0.000000000000000000e+00,0.000000000000000000e+00
8.197278911039998661e+01,0.000000000000000000e+00,0.000000000000000000e+00
8.199546484735998320e+01,0.000000000000000000e+00,0.000000000000000000e+00
8.201814058431997978e+01,0.000000000000000000e+00,0.000000000000000000e+00
8.204081632127997636e+01,0.000000000000000000e+00,0.000000000000000000e+00
8.206349205823998716e+01,0.000000000000000000e+00,0.000000000000000000e+00
8.208616779519998374e+01,0.000000000000000000e+00,0.000000000000000000e+00
8.210884353215998033e+01,0.000000000000000000e+00,0.000000000000000000e+00
8.213151926911999112e+01,0.000000000000000000e+00,0.000000000000000000e+00
8.215419500607998771e+01,0.000000000000000000e+00,0.000000000000000000e+00
8.217687074303998429e+01,0.000000000000000000e+00,0.000000000000000000e+00
8.219954647999998087e+01,0.000000000000000000e+00,0.000000000000000000e+00
8.222222221695999167e+01,0.000000000000000000e+00,0.000000000000000000e+00
8.224489795391997404e+01,0.000000000000000000e+00,0.000000000000000000e+00
8.226757369087998484e+01,0.000000000000000000e+00,0.000000000000000000e+00
8.229024942783998142e+01,0.000000000000000000e+00,0.000000000000000000e+00
8.231292516479999222e+01,0.000000000000000000e+00,0.000000000000000000e+00
8.233560090175997459e+01,0.000000000000000000e+00,0.000000000000000000e+00
8.235827663871998539e+01,0.000000000000000000e+00,0.000000000000000000e+00
8.238095237567998197e+01,0.000000000000000000e+00,0.000000000000000000e+00
8.240362811263997855e+01,0.000000000000000000e+00,0.000000000000000000e+00
8.242630384959997514e+01,0.000000000000000000e+00,0.000000000000000000e+00
8.244897958655998593e+01,0.000000000000000000e+00,0.000000000000000000e+00
8.247165532351998252e+01,0.000000000000000000e+00,0.000000000000000000e+00
8.249433106047997910e+01,0.000000000000000000e+00,0.000000000000000000e+00
8.251700679743997568e+01,0.000000000000000000e+00,0.000000000000000000e+00
8.253968253439998648e+01,0.000000000000000000e+00,0.000000000000000000e+00
8.256235827135998306e+01,0.000000000000000000e+00,0.000000000000000000e+00
8.258503400831997965e+01,0.000000000000000000e+00,0.000000000000000000e+00
8.260770974527997623e+01,0.000000000000000000e+00,0.000000000000000000e+00
8.263038548223998703e+01,0.000000000000000000e+00,0.000000000000000000e+00
8.265306121919996940e+01,0.000000000000000000e+00,0.000000000000000000e+00
8.267573695615998020e+01,0.000000000000000000e+00,0.000000000000000000e+00
8.269841269311997678e+01,0.000000000000000000e+00,0.000000000000000000e+00
8.272108843007998757e+01,0.000000000000000000e+00,0.000000000000000000e+00
8.274376416703998416e+01,0.000000000000000000e+00,0.000000000000000000e+00
8.276643990399998074e+01,0.000000000000000000e+00,0.000000000000000000e+00
8.278911564095999154e+01,0.000000000000000000e+00,0.000000000000000000e+00
8.281179137791997391e+01,0.000000000000000000e+00,0.000000000000000000e+00
8.283446711487998471e+01,0.000000000000000000e+00,0.000000000000000000e+00
8.285714285183998129e+01,0.000000000000000000e+00,0.000000000000000000e+00
8.287981858879999209e+01,0.000000000000000000e+00,0.000000000000000000e+00
8.290249432575997446e+01,0.000000000000000000e+00,0.000000000000000000e+00
8.292517006271998525e+01,0.000000000000000000e+00,0.000000000000000000e+00
8.294784579967998184e+01,0.000000000000000000e+00,0.000000000000000000e+00
8.297052153663999263e+01,0.000000000000000000e+00,0.000000000000000000e+00
8.299319727359997501e+01,0.000000000000000000e+00,0.000000000000000000e+00
8.301587301055998580e+01,0.000000000000000000e+00,0.000000000000000000e+00
8.303854874751998238e+01,0.000000000000000000e+00,0.000000000000000000e+00
8.306122448447997897e+01,0.000000000000000000e+00,0.000000000000000000e+00
8.308390022143997555e+01,0.000000000000000000e+00,0.000000000000000000e+00
8.310657595839998635e+01,0.000000000000000000e+00,0.000000000000000000e+00
8.312925169535998293e+01,0.000000000000000000e+00,0.000000000000000000e+00
8.315192743231997952e+01,0.000000000000000000e+00,0.000000000000000000e+00
8.317460316927997610e+01,0.000000000000000000e+00,0.000000000000000000e+00
8.319727890623998690e+01,0.000000000000000000e+00,0.000000000000000000e+00
8.321995464319998348e+01,0.000000000000000000e+00,0.000000000000000000e+00
8.324263038015998006e+01,0.000000000000000000e+00,0.000000000000000000e+00
8.326530611711997665e+01,0.000000000000000000e+00,0.000000000000000000e+00
8.328798185407998744e+01,0.000000000000000000e+00,0.000000000000000000e+00
8.331065759103996982e+01,0.000000000000000000e+00,0.000000000000000000e+00
8.333333332799998061e+01,0.000000000000000000e+00,0.000000000000000000e+00
8.335600906495999141e+01,0.000000000000000000e+00,0.000000000000000000e+00
8.337868480191998799e+01,0.000000000000000000e+00,0.000000000000000000e+00
8.340136053887998457e+01,0.000000000000000000e+00,0.000000000000000000e+00
8.342403627583998116e+01,0.000000000000000000e+00,0.000000000000000000e+00
8.344671201279999195e+01,0.000000000000000000e+00,0.000000000000000000e+00
8.346938774975997433e+01,0.000000000000000000e+00,0.000000000000000000e+00
8.349206348671998512e+01,0.000000000000000000e+00,0.000000000000000000e+00
8.351473922367998171e+01,0.000000000000000000e+00,0.000000000000000000e+00
8.353741496063999250e+01,0.000000000000000000e+00,0.000000000000000000e+00
8.356009069759997487e+01,0.000000000000000000e+00,0.000000000000000000e+00
8.358276643455998567e+01,0.000000000000000000e+00,0.000000000000000000e+00
8.360544217151998225e+01,0.000000000000000000e+00,0.000000000000000000e+00
8.362811790847997884e+01,0.000000000000000000e+00,0.000000000000000000e+00
8.365079364543997542e+01,0.000000000000000000e+00,0.000000000000000000e+00
8.367346938239998622e+01,0.000000000000000000e+00,0.000000000000000000e+00
8.369614511935998280e+01,0.000000000000000000e+00,0.000000000000000000e+00
8.371882085631997938e+01,0.000000000000000000e+00,0.000000000000000000e+00
8.374149659327997597e+01,0.000000000000000000e+00,0.000000000000000000e+00
8.376417233023998676e+01,0.000000000000000000e+00,0.000000000000000000e+00
8.378684806719998335e+01,0.000000000000000000e+00,0.000000000000000000e+00
8.380952380415997993e+01,0.000000000000000000e+00,0.000000000000000000e+00
8.383219954111997652e+01,0.000000000000000000e+00,0.000000000000000000e+00
8.385487527807998731e+01,0.000000000000000000e+00,0.000000000000000000e+00
8.387755101503996968e+01,0.000000000000000000e+00,0.000000000000000000e+00
8.390022675199998048e+01,0.000000000000000000e+00,0.000000000000000000e+00
8.392290248895997706e+01,0.000000000000000000e+00,0.000000000000000000e+00
8.394557822591998786e+01,0.000000000000000000e+00,0.000000000000000000e+00
8.396825396287997023e+01,0.000000000000000000e+00,0.000000000000000000e+00
8.399092969983998103e+01,0.000000000000000000e+00,0.000000000000000000e+00
8.401360543679999182e+01,0.000000000000000000e+00,0.000000000000000000e+00
8.403628117375997419e+01,0.000000000000000000e+00,0.000000000000000000e+00
8.405895691071998499e+01,0.000000000000000000e+00,0.000000000000000000e+00
8.408163264767998157e+01,0.000000000000000000e+00,0.000000000000000000e+00
8.410430838463999237e+01,0.000000000000000000e+00,0.000000000000000000e+00
8.412698412159997474e+01,0.000000000000000000e+00,0.000000000000000000e+00
8.414965985855998554e+01,0.000000000000000000e+00,0.000000000000000000e+00
8.417233559551998212e+01,0.000000000000000000e+00,0.000000000000000000e+00
8.419501133247999292e+01,0.000000000000000000e+00,0.000000000000000000e+00
8.421768706943997529e+01,0.000000000000000000e+00,0.000000000000000000e+00
8.424036280639998608e+01,0.000000000000000000e+00,0.000000000000000000e+00
8.426303854335998267e+01,0.000000000000000000e+00,0.000000000000000000e+00
8.428571428031997925e+01,0.000000000000000000e+00,0.000000000000000000e+00
8.430839001727997584e+01,0.000000000000000000e+00,0.000000000000000000e+00
8.433106575423998663e+01,0.000000000000000000e+00,0.000000000000000000e+00
8.435374149119998322e+01,0.000000000000000000e+00,0.000000000000000000e+00
8.437641722815997980e+01,0.000000000000000000e+00,0.000000000000000000e+00
8.439909296511997638e+01,0.000000000000000000e+00,0.000000000000000000e+00
8.442176870207998718e+01,0.000000000000000000e+00,0.000000000000000000e+00
8.444444443903998376e+01,0.000000000000000000e+00,0.000000000000000000e+00
8.446712017599998035e+01,0.000000000000000000e+00,0.000000000000000000e+00
8.448979591295997693e+01,0.000000000000000000e+00,0.000000000000000000e+00
8.451247164991998773e+01,0.000000000000000000e+00,0.000000000000000000e+00
8.453514738687997010e+01,0.000000000000000000e+00,0.000000000000000000e+00
8.455782312383998089e+01,0.000000000000000000e+00,0.000000000000000000e+00
8.458049886079997748e+01,0.000000000000000000e+00,0.000000000000000000e+00
8.460317459775998827e+01,0.000000000000000000e+00,0.000000000000000000e+00
8.462585033471998486e+01,0.000000000000000000e+00,0.000000000000000000e+00
8.464852607167998144e+01,0.000000000000000000e+00,0.000000000000000000e+00
8.467120180863999224e+01,0.000000000000000000e+00,0.000000000000000000e+00
8.469387754559997461e+01,0.000000000000000000e+00,0.000000000000000000e+00
8.471655328255998540e+01,0.000000000000000000e+00,0.000000000000000000e+00
8.473922901951998199e+01,0.000000000000000000e+00,0.000000000000000000e+00
8.476190475647999278e+01,0.000000000000000000e+00,0.000000000000000000e+00
8.478458049343997516e+01,0.000000000000000000e+00,0.000000000000000000e+00
8.480725623039998595e+01,0.000000000000000000e+00,0.000000000000000000e+00
8.482993196735998254e+01,0.000000000000000000e+00,0.000000000000000000e+00
8.485260770431997912e+01,0.000000000000000000e+00,0.000000000000000000e+00
8.487528344127997570e+01,0.000000000000000000e+00,0.000000000000000000e+00
8.489795917823998650e+01,0.000000000000000000e+00,0.000000000000000000e+00
8.492063491519998308e+01,0.000000000000000000e+00,0.000000000000000000e+00
8.494331065215997967e+01,0.000000000000000000e+00,0.000000000000000000e+00
8.496598638911997625e+01,0.000000000000000000e+00,0.000000000000000000e+00
8.498866212607998705e+01,0.000000000000000000e+00,0.000000000000000000e+00
8.501133786303998363e+01,0.000000000000000000e+00,0.000000000000000000e+00
8.503401359999998022e+01,0.000000000000000000e+00,0.000000000000000000e+00
8.505668933695997680e+01,0.000000000000000000e+00,0.000000000000000000e+00
8.507936507391998759e+01,0.000000000000000000e+00,0.000000000000000000e+00
8.510204081087996997e+01,0.000000000000000000e+00,0.000000000000000000e+00
8.512471654783998076e+01,0.000000000000000000e+00,0.000000000000000000e+00
8.514739228479997735e+01,0.000000000000000000e+00,0.000000000000000000e+00
8.517006802175998814e+01,0.000000000000000000e+00,0.000000000000000000e+00
8.519274375871997051e+01,0.000000000000000000e+00,0.000000000000000000e+00
8.521541949567998131e+01,0.000000000000000000e+00,0.000000000000000000e+00
8.523809523263997789e+01,0.000000000000000000e+00,0.000000000000000000e+00
8.526077096959997448e+01,0.000000000000000000e+00,0.000000000000000000e+00
8.528344670655998527e+01,0.000000000000000000e+00,0.000000000000000000e+00
8.530612244351998186e+01,0.000000000000000000e+00,0.000000000000000000e+00
8.532879818047999265e+01,0.000000000000000000e+00,0.000000000000000000e+00
8.535147391743997503e+01,0.000000000000000000e+00,0.000000000000000000e+00
8.537414965439998582e+01,0.000000000000000000e+00,0.000000000000000000e+00
8.539682539135998240e+01,0.000000000000000000e+00,0.000000000000000000e+00
8.541950112831999320e+01,0.000000000000000000e+00,0.000000000000000000e+00
8.544217686527997557e+01,0.000000000000000000e+00,0.000000000000000000e+00
8.546485260223998637e+01,0.000000000000000000e+00,0.000000000000000000e+00
8.548752833919998295e+01,0.000000000000000000e+00,0.000000000000000000e+00
8.551020407615997954e+01,0.000000000000000000e+00,0.000000000000000000e+00
8.553287981311997612e+01,0.000000000000000000e+00,0.000000000000000000e+00
8.555555555007998692e+01,0.000000000000000000e+00,0.000000000000000000e+00
8.557823128703998350e+01,0.000000000000000000e+00,0.000000000000000000e+00
8.560090702399998008e+01,0.000000000000000000e+00,0.000000000000000000e+00
8.562358276095997667e+01,0.000000000000000000e+00,0.000000000000000000e+00
8.564625849791998746e+01,0.000000000000000000e+00,0.000000000000000000e+00
8.566893423487996984e+01,0.000000000000000000e+00,0.000000000000000000e+00
8.569160997183998063e+01,0.000000000000000000e+00,0.000000000000000000e+00
8.571428570879997721e+01,0.000000000000000000e+00,0.000000000000000000e+00
8.573696144575998801e+01,0.000000000000000000e+00,0.000000000000000000e+00
8.575963718271997038e+01,0.000000000000000000e+00,0.000000000000000000e+00
8.578231291967998118e+01,0.000000000000000000e+00,0.000000000000000000e+00
8.580498865663997776e+01,0.000000000000000000e+00,0.000000000000000000e+00
8.582766439359998856e+01,0.000000000000000000e+00,0.000000000000000000e+00
8.585034013055997093e+01,0.000000000000000000e+00,0.000000000000000000e+00
8.587301586751998173e+01,0.000000000000000000e+00,0.000000000000000000e+00
8.589569160447999252e+01,0.000000000000000000e+00,0.000000000000000000e+00
8.591836734143997489e+01,0.000000000000000000e+00,0.000000000000000000e+00
8.594104307839998569e+01,0.000000000000000000e+00,0.000000000000000000e+00
8.596371881535998227e+01,0.000000000000000000e+00,0.000000000000000000e+00
8.598639455231999307e+01,0.000000000000000000e+00,0.000000000000000000e+00
8.600907028927997544e+01,0.000000000000000000e+00,0.000000000000000000e+00
8.603174602623998624e+01,0.000000000000000000e+00,0.000000000000000000e+00
8.605442176319998282e+01,0.000000000000000000e+00,0.000000000000000000e+00
8.607709750015997940e+01,0.000000000000000000e+00,0.000000000000000000e+00
8.609977323711997599e+01,0.000000000000000000e+00,0.000000000000000000e+00
8.612244897407998678e+01,0.000000000000000000e+00,0.000000000000000000e+00
8.614512471103998337e+01,0.000000000000000000e+00,0.000000000000000000e+00
8.616780044799997995e+01,0.000000000000000000e+00,0.000000000000000000e+00
8.619047618495997654e+01,0.000000000000000000e+00,0.000000000000000000e+00
8.621315192191998733e+01,0.000000000000000000e+00,0.000000000000000000e+00
8.623582765887998391e+01,0.000000000000000000e+00,0.000000000000000000e+00
8.625850339583998050e+01,0.000000000000000000e+00,0.000000000000000000e+00
8.628117913279997708e+01,0.000000000000000000e+00,0.000000000000000000e+00
8.630385486975998788e+01,0.000000000000000000e+00,0.000000000000000000e+00
8.632653060671997025e+01,0.000000000000000000e+00,0.000000000000000000e+00
8.634920634367998105e+01,0.000000000000000000e+00,0.000000000000000000e+00
8.637188208063997763e+01,0.000000000000000000e+00,0.000000000000000000e+00
8.639455781759998843e+01,0.000000000000000000e+00,0.000000000000000000e+00
8.641723355455997080e+01,0.000000000000000000e+00,0.000000000000000000e+00
8.643990929151998159e+01,0.000000000000000000e+00,0.000000000000000000e+00
8.646258502847997818e+01,0.000000000000000000e+00,0.000000000000000000e+00
8.648526076543997476e+01,0.000000000000000000e+00,0.000000000000000000e+00
8.650793650239997135e+01,0.000000000000000000e+00,0.000000000000000000e+00
8.653061223935998214e+01,0.000000000000000000e+00,0.000000000000000000e+00
8.655328797631999294e+01,0.000000000000000000e+00,0.000000000000000000e+00
8.657596371327997531e+01,0.000000000000000000e+00,0.000000000000000000e+00
8.659863945023998610e+01,0.000000000000000000e+00,0.000000000000000000e+00
8.662131518719998269e+01,0.000000000000000000e+00,0.000000000000000000e+00
8.664399092415999348e+01,0.000000000000000000e+00,0.000000000000000000e+00
8.666666666111997586e+01,0.000000000000000000e+00,0.000000000000000000e+00
8.668934239807998665e+01,0.000000000000000000e+00,0.000000000000000000e+00
8.671201813503998324e+01,0.000000000000000000e+00,0.000000000000000000e+00
8.673469387199997982e+01,0.000000000000000000e+00,0.000000000000000000e+00
8.675736960895997640e+01,0.000000000000000000e+00,0.000000000000000000e+00
8.678004534591998720e+01,0.000000000000000000e+00,0.000000000000000000e+00
8.680272108287998378e+01,0.000000000000000000e+00,0.000000000000000000e+00
8.682539681983998037e+01,0.000000000000000000e+00,0.000000000000000000e+00
8.684807255679997695e+01,0.000000000000000000e+00,0.000000000000000000e+00
8.687074829375998775e+01,0.000000000000000000e+00,0.000000000000000000e+00
8.689342403071997012e+01,0.000000000000000000e+00,0.000000000000000000e+00
8.691609976767998091e+01,0.000000000000000000e+00,0.000000000000000000e+00
8.693877550463997750e+01,0.000000000000000000e+00,0.000000000000000000e+00
8.696145124159998829e+01,0.000000000000000000e+00,0.000000000000000000e+00
8.698412697855997067e+01,0.000000000000000000e+00,0.000000000000000000e+00
8.700680271551998146e+01,0.000000000000000000e+00,0.000000000000000000e+00
8.702947845247997805e+01,0.000000000000000000e+00,0.000000000000000000e+00
8.705215418943998884e+01,0.000000000000000000e+00,0.000000000000000000e+00
8.707482992639997121e+01,0.000000000000000000e+00,0.000000000000000000e+00
8.709750566335998201e+01,0.000000000000000000e+00,0.000000000000000000e+00
8.712018140031997859e+01,0.000000000000000000e+00,0.000000000000000000e+00
8.714285713727997518e+01,0.000000000000000000e+00,0.000000000000000000e+00
8.716553287423998597e+01,0.000000000000000000e+00,0.000000000000000000e+00
8.718820861119998256e+01,0.000000000000000000e+00,0.000000000000000000e+00
8.721088434815999335e+01,0.000000000000000000e+00,0.000000000000000000e+00
8.723356008511997572e+01,0.000000000000000000e+00,0.000000000000000000e+00
8.725623582207998652e+01,0.000000000000000000e+00,0.000000000000000000e+00
8.727891155903998310e+01,0.000000000000000000e+00,0.000000000000000000e+00
8.730158729599997969e+01,0.000000000000000000e+00,0.000000000000000000e+00
8.732426303295997627e+01,0.000000000000000000e+00,0.000000000000000000e+00
8.734693876991998707e+01,0.000000000000000000e+00,0.000000000000000000e+00
8.736961450687998365e+01,0.000000000000000000e+00,0.000000000000000000e+00
8.739229024383998023e+01,0.000000000000000000e+00,0.000000000000000000e+00
8.741496598079997682e+01,0.000000000000000000e+00,0.000000000000000000e+00
8.743764171775998761e+01,0.000000000000000000e+00,0.000000000000000000e+00
8.746031745471998420e+01,0.000000000000000000e+00,0.000000000000000000e+00
8.748299319167998078e+01,0.000000000000000000e+00,0.000000000000000000e+00
8.750566892863997737e+01,0.000000000000000000e+00,0.000000000000000000e+00
8.752834466559998816e+01,0.000000000000000000e+00,0.000000000000000000e+00
8.755102040255997053e+01,0.000000000000000000e+00,0.000000000000000000e+00
8.757369613951998133e+01,0.000000000000000000e+00,0.000000000000000000e+00
8.759637187647997791e+01,0.000000000000000000e+00,0.000000000000000000e+00
8.761904761343998871e+01,0.000000000000000000e+00,0.000000000000000000e+00
8.764172335039997108e+01,0.000000000000000000e+00,0.000000000000000000e+00
8.766439908735998188e+01,0.000000000000000000e+00,0.000000000000000000e+00
8.768707482431997846e+01,0.000000000000000000e+00,0.000000000000000000e+00
8.770975056127997505e+01,0.000000000000000000e+00,0.000000000000000000e+00
8.773242629823997163e+01,0.000000000000000000e+00,0.000000000000000000e+00
8.775510203519998242e+01,0.000000000000000000e+00,0.000000000000000000e+00
8.777777777215997901e+01,0.000000000000000000e+00,0.000000000000000000e+00
8.780045350911997559e+01,0.000000000000000000e+00,0.000000000000000000e+00
8.782312924607998639e+01,0.000000000000000000e+00,0.000000000000000000e+00
8.784580498303998297e+01,0.000000000000000000e+00,0.000000000000000000e+00
8.786848071999999377e+01,0.000000000000000000e+00,0.000000000000000000e+00
8.789115645695997614e+01,0.000000000000000000e+00,0.000000000000000000e+00
8.791383219391998693e+01,0.000000000000000000e+00,0.000000000000000000e+00
8.793650793087998352e+01,0.000000000000000000e+00,0.000000000000000000e+00
8.795918366783998010e+01,0.000000000000000000e+00,0.000000000000000000e+00
8.798185940479997669e+01,0.000000000000000000e+00,0.000000000000000000e+00
8.800453514175998748e+01,0.000000000000000000e+00,0.000000000000000000e+00
8.802721087871998407e+01,0.000000000000000000e+00,0.000000000000000000e+00
8.804988661567998065e+01,0.000000000000000000e+00,0.000000000000000000e+00
8.807256235263997723e+01,0.000000000000000000e+00,0.000000000000000000e+00
8.809523808959998803e+01,0.000000000000000000e+00,0.000000000000000000e+00
8.811791382655997040e+01,0.000000000000000000e+00,0.000000000000000000e+00
8.814058956351998120e+01,0.000000000000000000e+00,0.000000000000000000e+00
8.816326530047997778e+01,0.000000000000000000e+00,0.000000000000000000e+00
8.818594103743998858e+01,0.000000000000000000e+00,0.000000000000000000e+00
8.820861677439997095e+01,0.000000000000000000e+00,0.000000000000000000e+00
8.823129251135998175e+01,0.000000000000000000e+00,0.000000000000000000e+00
8.825396824831997833e+01,0.000000000000000000e+00,0.000000000000000000e+00
8.827664398527998912e+01,0.000000000000000000e+00,0.000000000000000000e+00
8.829931972223997150e+01,0.000000000000000000e+00,0.000000000000000000e+00
8.832199545919998229e+01,0.000000000000000000e+00,0.000000000000000000e+00
8.834467119615997888e+01,0.000000000000000000e+00,0.000000000000000000e+00
8.836734693311997546e+01,0.000000000000000000e+00,0.000000000000000000e+00
8.839002267007997204e+01,0.000000000000000000e+00,0.000000000000000000e+00
8.841269840703998284e+01,0.000000000000000000e+00,0.000000000000000000e+00
8.843537414399999363e+01,0.000000000000000000e+00,0.000000000000000000e+00
8.845804988095997601e+01,0.000000000000000000e+00,0.000000000000000000e+00
8.848072561791998680e+01,0.000000000000000000e+00,0.000000000000000000e+00
8.850340135487998339e+01,0.000000000000000000e+00,0.000000000000000000e+00
8.852607709183997997e+01,0.000000000000000000e+00,0.000000000000000000e+00
8.854875282879997656e+01,0.000000000000000000e+00,0.000000000000000000e+00
8.857142856575998735e+01,0.000000000000000000e+00,0.000000000000000000e+00
8.859410430271998393e+01,0.000000000000000000e+00,0.000000000000000000e+00
8.861678003967998052e+01,0.000000000000000000e+00,0.000000000000000000e+00
8.863945577663997710e+01,0.000000000000000000e+00,0.000000000000000000e+00
8.866213151359998790e+01,0.000000000000000000e+00,0.000000000000000000e+00
8.868480725055998448e+01,0.000000000000000000e+00,0.000000000000000000e+00
8.870748298751998107e+01,0.000000000000000000e+00,0.000000000000000000e+00
8.873015872447997765e+01,0.000000000000000000e+00,0.000000000000000000e+00
8.875283446143998844e+01,0.000000000000000000e+00,0.000000000000000000e+00
8.877551019839997082e+01,0.000000000000000000e+00,0.000000000000000000e+00
8.879818593535998161e+01,0.000000000000000000e+00,0.000000000000000000e+00
8.882086167231997820e+01,0.000000000000000000e+00,0.000000000000000000e+00
8.884353740927998899e+01,0.000000000000000000e+00,0.000000000000000000e+00
8.886621314623997137e+01,0.000000000000000000e+00,0.000000000000000000e+00
8.888888888319998216e+01,0.000000000000000000e+00,0.000000000000000000e+00
8.891156462015997874e+01,0.000000000000000000e+00,0.000000000000000000e+00
8.893424035711997533e+01,0.000000000000000000e+00,0.000000000000000000e+00
8.895691609407997191e+01,0.000000000000000000e+00,0.000000000000000000e+00
8.897959183103998271e+01,0.000000000000000000e+00,0.000000000000000000e+00
8.900226756799997929e+01,0.000000000000000000e+00,0.000000000000000000e+00
8.902494330495997588e+01,0.000000000000000000e+00,0.000000000000000000e+00
8.904761904191997246e+01,0.000000000000000000e+00,0.000000000000000000e+00
8.907029477887998326e+01,0.000000000000000000e+00,0.000000000000000000e+00
8.909297051583999405e+01,0.000000000000000000e+00,0.000000000000000000e+00
8.911564625279997642e+01,0.000000000000000000e+00,0.000000000000000000e+00
8.913832198975998722e+01,0.000000000000000000e+00,0.000000000000000000e+00
8.916099772671998380e+01,0.000000000000000000e+00,0.000000000000000000e+00
8.918367346367998039e+01,0.000000000000000000e+00,0.000000000000000000e+00
8.920634920063997697e+01,0.000000000000000000e+00,0.000000000000000000e+00
8.922902493759998777e+01,0.000000000000000000e+00,0.000000000000000000e+00
8.925170067455998435e+01,0.000000000000000000e+00,0.000000000000000000e+00
8.927437641151998093e+01,0.000000000000000000e+00,0.000000000000000000e+00
8.929705214847997752e+01,0.000000000000000000e+00,0.000000000000000000e+00
8.931972788543998831e+01,0.000000000000000000e+00,0.000000000000000000e+00
8.934240362239997069e+01,0.000000000000000000e+00,0.000000000000000000e+00
8.936507935935998148e+01,0.000000000000000000e+00,0.000000000000000000e+00
8.938775509631997807e+01,0.000000000000000000e+00,0.000000000000000000e+00
8.941043083327998886e+01,0.000000000000000000e+00,0.000000000000000000e+00
8.943310657023997123e+01,0.000000000000000000e+00,0.000000000000000000e+00
8.945578230719998203e+01,0.000000000000000000e+00,0.000000000000000000e+00
8.947845804415997861e+01,0.000000000000000000e+00,0.000000000000000000e+00
8.950113378111998941e+01,0.000000000000000000e+00,0.000000000000000000e+00
8.952380951807997178e+01,0.000000000000000000e+00,0.000000000000000000e+00
8.954648525503998258e+01,0.000000000000000000e+00,0.000000000000000000e+00
8.956916099199997916e+01,0.000000000000000000e+00,0.000000000000000000e+00
8.959183672895997574e+01,0.000000000000000000e+00,0.000000000000000000e+00
8.961451246591997233e+01,0.000000000000000000e+00,0.000000000000000000e+00
8.963718820287998312e+01,0.000000000000000000e+00,0.000000000000000000e+00
8.965986393983997971e+01,0.000000000000000000e+00,0.000000000000000000e+00
8.968253967679997629e+01,0.000000000000000000e+00,0.000000000000000000e+00
8.970521541375998709e+01,0.000000000000000000e+00,0.000000000000000000e+00
8.972789115071998367e+01,0.000000000000000000e+00,0.000000000000000000e+00
8.975056688767998025e+01,0.000000000000000000e+00,0.000000000000000000e+00
8.977324262463997684e+01,0.000000000000000000e+00,0.000000000000000000e+00
8.979591836159998763e+01,0.000000000000000000e+00,0.000000000000000000e+00
8.981859409855998422e+01,0.000000000000000000e+00,0.000000000000000000e+00
8.984126983551998080e+01,0.000000000000000000e+00,0.000000000000000000e+00
8.986394557247997739e+01,0.000000000000000000e+00,0.000000000000000000e+00
8.988662130943998818e+01,0.000000000000000000e+00,0.000000000000000000e+00
8.990929704639998477e+01,0.000000000000000000e+00,0.000000000000000000e+00
8.993197278335998135e+01,0.000000000000000000e+00,0.000000000000000000e+00
8.995464852031997793e+01,0.000000000000000000e+00,0.000000000000000000e+00
8.997732425727998873e+01,0.000000000000000000e+00,0.000000000000000000e+00
8.999999999423997110e+01,0.000000000000000000e+00,0.000000000000000000e+00
9.002267573119998190e+01,0.000000000000000000e+00,0.000000000000000000e+00
9.004535146815997848e+01,0.000000000000000000e+00,0.000000000000000000e+00
9.006802720511998928e+01,0.000000000000000000e+00,0.000000000000000000e+00
9.009070294207997165e+01,0.000000000000000000e+00,0.000000000000000000e+00
9.011337867903998244e+01,0.000000000000000000e+00,0.000000000000000000e+00
9.013605441599997903e+01,0.000000000000000000e+00,0.000000000000000000e+00
9.015873015295997561e+01,0.000000000000000000e+00,0.000000000000000000e+00
9.018140588991997220e+01,0.000000000000000000e+00,0.000000000000000000e+00
9.020408162687998299e+01,0.000000000000000000e+00,0.000000000000000000e+00
9.022675736383997958e+01,0.000000000000000000e+00,0.000000000000000000e+00
9.024943310079997616e+01,0.000000000000000000e+00,0.000000000000000000e+00
9.027210883775997274e+01,0.000000000000000000e+00,0.000000000000000000e+00
9.029478457471998354e+01,0.000000000000000000e+00,0.000000000000000000e+00
9.031746031167998012e+01,0.000000000000000000e+00,0.000000000000000000e+00
9.034013604863997671e+01,0.000000000000000000e+00,0.000000000000000000e+00
9.036281178559998750e+01,0.000000000000000000e+00,0.000000000000000000e+00
9.038548752255998409e+01,0.000000000000000000e+00,0.000000000000000000e+00
9.040816325951998067e+01,0.000000000000000000e+00,0.000000000000000000e+00
9.043083899647997725e+01,0.000000000000000000e+00,0.000000000000000000e+00
9.045351473343998805e+01,0.000000000000000000e+00,0.000000000000000000e+00
9.047619047039998463e+01,0.000000000000000000e+00,0.000000000000000000e+00
9.049886620735998122e+01,0.000000000000000000e+00,0.000000000000000000e+00
9.052154194431997780e+01,0.000000000000000000e+00,0.000000000000000000e+00
9.054421768127998860e+01,0.000000000000000000e+00,0.000000000000000000e+00
9.056689341823997097e+01,0.000000000000000000e+00,0.000000000000000000e+00
9.058956915519998176e+01,0.000000000000000000e+00,0.000000000000000000e+00
9.061224489215997835e+01,0.000000000000000000e+00,0.000000000000000000e+00
9.063492062911998914e+01,0.000000000000000000e+00,0.000000000000000000e+00
9.065759636607997152e+01,0.000000000000000000e+00,0.000000000000000000e+00
9.068027210303998231e+01,0.000000000000000000e+00,0.000000000000000000e+00
9.070294783999997890e+01,0.000000000000000000e+00,0.000000000000000000e+00
9.072562357695998969e+01,0.000000000000000000e+00,0.000000000000000000e+00
9.074829931391997206e+01,0.000000000000000000e+00,0.000000000000000000e+00
9.077097505087998286e+01,0.000000000000000000e+00,0.000000000000000000e+00
9.079365078783997944e+01,0.000000000000000000e+00,0.000000000000000000e+00
9.081632652479997603e+01,0.000000000000000000e+00,0.000000000000000000e+00
9.083900226175997261e+01,0.000000000000000000e+00,0.000000000000000000e+00
9.086167799871998341e+01,0.000000000000000000e+00,0.000000000000000000e+00
9.088435373567997999e+01,0.000000000000000000e+00,0.000000000000000000e+00
9.090702947263997658e+01,0.000000000000000000e+00,0.000000000000000000e+00
9.092970520959997316e+01,0.000000000000000000e+00,0.000000000000000000e+00
9.095238094655998395e+01,0.000000000000000000e+00,0.000000000000000000e+00
9.097505668351998054e+01,0.000000000000000000e+00,0.000000000000000000e+00
9.099773242047997712e+01,0.000000000000000000e+00,0.000000000000000000e+00
9.102040815743998792e+01,0.000000000000000000e+00,0.000000000000000000e+00
9.104308389439998450e+01,0.000000000000000000e+00,0.000000000000000000e+00
9.106575963135998109e+01,0.000000000000000000e+00,0.000000000000000000e+00
9.108843536831997767e+01,0.000000000000000000e+00,0.000000000000000000e+00
9.111111110527998846e+01,0.000000000000000000e+00,0.000000000000000000e+00
9.113378684223998505e+01,0.000000000000000000e+00,0.000000000000000000e+00
9.115646257919998163e+01,7.165081928390194532e-01,6.525242141202607371e-01
9.117913831615997822e+01,7.148834577079692387e-01,6.510445673763185503e-01
9.120181405311998901e+01,7.132624067835651172e-01,6.495682758404123236e-01
9.122448979007997139e+01,1.428153224550616551e+00,1.300619546024621265e+00
9.124716552703998218e+01,0.000000000000000000e+00,0.000000000000000000e+00
9.126984126399997876e+01,7.165081928390194532e-01,6.525242141202607371e-01
9.129251700095998956e+01,1.431391650546988803e+00,1.303568781496579287e+00
9.131519273791997193e+01,0.000000000000000000e+00,0.000000000000000000e+00
9.133786847487998273e+01,7.165081928390194532e-01,6.525242141202607371e-01
9.136054421183997931e+01,1.431391650546988803e+00,1.303568781496579287e+00
9.138321994879997590e+01,0.000000000000000000e+00,0.000000000000000000e+00
9.140589568575997248e+01,7.165081928390194532e-01,6.525242141202607371e-01
9.142857142271998327e+01,1.431391650546988803e+00,1.303568781496579287e+00
9.145124715967997986e+01,0.000000000000000000e+00,0.000000000000000000e+00
9.147392289663997644e+01,7.165081928390194532e-01,6.525242141202607371e-01
9.149659863359997303e+01,1.431391650546988803e+00,1.303568781496579287e+00
9.151927437055998382e+01,0.000000000000000000e+00,0.000000000000000000e+00
9.154195010751998041e+01,7.165081928390194532e-01,6.525242141202607371e-01
9.156462584447997699e+01,1.431391650546988803e+00,1.303568781496579287e+00
9.158730158143997357e+01,0.000000000000000000e+00,0.000000000000000000e+00
9.160997731839998437e+01,7.165081928390194532e-01,6.525242141202607371e-01
9.163265305535998095e+01,1.431391650546988803e+00,1.303568781496579287e+00
9.165532879231997754e+01,0.000000000000000000e+00,0.000000000000000000e+00
9.167800452927998833e+01,7.165081928390194532e-01,6.525242141202607371e-01
9.170068026623998492e+01,1.431391650546988803e+00,1.303568781496579287e+00
9.172335600319998150e+01,0.000000000000000000e+00,0.000000000000000000e+00
9.174603174015997809e+01,7.165081928390194532e-01,6.525242141202607371e-01
9.176870747711998888e+01,1.431391650546988803e+00,1.303568781496579287e+00
9.179138321407997125e+01,0.000000000000000000e+00,0.000000000000000000e+00
9.181405895103998205e+01,7.165081928390194532e-01,6.525242141202607371e-01
9.183673468799997863e+01,1.431391650546988803e+00,1.303568781496579287e+00
9.185941042495998943e+01,0.000000000000000000e+00,0.000000000000000000e+00
9.188208616191997180e+01,7.165081928390194532e-01,6.525242141202607371e-01
9.190476189887998260e+01,1.431391650546988803e+00,1.303568781496579287e+00
9.192743763583997918e+01,0.000000000000000000e+00,0.000000000000000000e+00
9.195011337279998997e+01,7.165081928390194532e-01,6.525242141202607371e-01
9.197278910975997235e+01,1.431391650546988803e+00,1.303568781496579287e+00
9.199546484671998314e+01,0.000000000000000000e+00,0.000000000000000000e+00
9.201814058367997973e+01,7.165081928390194532e-01,6.525242141202607371e-01
9.204081632063997631e+01,1.431391650546988803e+00,1.303568781496579287e+00
9.206349205759997290e+01,0.000000000000000000e+00,0.000000000000000000e+00
9.208616779455998369e+01,7.165081928390194532e-01,6.525242141202607371e-01
9.210884353151998027e+01,1.431391650546988803e+00,1.303568781496579287e+00
9.213151926847997686e+01,0.000000000000000000e+00,0.000000000000000000e+00
9.215419500543997344e+01,7.165081928390194532e-01,6.525242141202607371e-01
9.217687074239998424e+01,1.431391650546988803e+00,1.303568781496579287e+00
9.219954647935996661e+01,0.000000000000000000e+00,0.000000000000000000e+00
9.222222221631997741e+01,7.165081928390194532e-01,6.525242141202607371e-01
9.224489795327998820e+01,1.431391650546988803e+00,1.303568781496579287e+00
9.226757369023998478e+01,0.000000000000000000e+00,0.000000000000000000e+00
9.229024942719998137e+01,7.165081928390194532e-01,6.525242141202607371e-01
9.231292516415997795e+01,1.431391650546988803e+00,1.303568781496579287e+00
9.233560090111998875e+01,0.000000000000000000e+00,0.000000000000000000e+00
9.235827663807998533e+01,7.165081928390194532e-01,6.525242141202607371e-01
9.238095237503998192e+01,1.431391650546988803e+00,1.303568781496579287e+00
9.240362811199997850e+01,0.000000000000000000e+00,0.000000000000000000e+00
9.242630384895998930e+01,7.165081928390194532e-01,6.525242141202607371e-01
9.244897958591997167e+01,1.431391650546988803e+00,1.303568781496579287e+00
9.247165532287998246e+01,0.000000000000000000e+00,0.000000000000000000e+00
9.249433105983997905e+01,7.165081928390194532e-01,6.525242141202607371e-01
9.251700679679998984e+01,1.431391650546988803e+00,1.303568781496579287e+00
9.253968253375997222e+01,0.000000000000000000e+00,0.000000000000000000e+00
9.256235827071998301e+01,7.165081928390194532e-01,6.525242141202607371e-01
9.258503400767997960e+01,1.431391650546988803e+00,1.303568781496579287e+00
9.260770974463997618e+01,0.000000000000000000e+00,0.000000000000000000e+00
9.263038548159997276e+01,7.165081928390194532e-01,6.525242141202607371e-01
9.265306121855998356e+01,1.431391650546988803e+00,1.303568781496579287e+00
9.267573695551998014e+01,0.000000000000000000e+00,0.000000000000000000e+00
9.269841269247997673e+01,7.165081928390194532e-01,6.525242141202607371e-01
9.272108842943997331e+01,1.431391650546988803e+00,1.303568781496579287e+00
9.274376416639998411e+01,0.000000000000000000e+00,0.000000000000000000e+00
9.276643990335998069e+01,7.165081928390194532e-01,6.525242141202607371e-01
9.278911564031997727e+01,1.431391650546988803e+00,1.303568781496579287e+00
9.281179137727997386e+01,0.000000000000000000e+00,0.000000000000000000e+00
9.283446711423998465e+01,7.165081928390194532e-01,6.525242141202607371e-01
9.285714285119996703e+01,1.431391650546988803e+00,1.303568781496579287e+00
9.287981858815997782e+01,0.000000000000000000e+00,0.000000000000000000e+00
9.290249432511998862e+01,7.165081928390194532e-01,6.525242141202607371e-01
9.292517006207998520e+01,1.431391650546988803e+00,1.303568781496579287e+00
9.294784579903998178e+01,0.000000000000000000e+00,0.000000000000000000e+00
9.297052153599997837e+01,7.165081928390194532e-01,6.525242141202607371e-01
9.299319727295998916e+01,1.431391650546988803e+00,1.303568781496579287e+00
9.301587300991997154e+01,0.000000000000000000e+00,0.000000000000000000e+00
9.303854874687998233e+01,7.165081928390194532e-01,6.525242141202607371e-01
9.306122448383997892e+01,1.431391650546988803e+00,1.303568781496579287e+00
9.308390022079998971e+01,0.000000000000000000e+00,0.000000000000000000e+00
9.310657595775997208e+01,0.000000000000000000e+00,0.000000000000000000e+00
9.312925169471998288e+01,0.000000000000000000e+00,0.000000000000000000e+00
9.315192743167997946e+01,0.000000000000000000e+00,0.000000000000000000e+00
9.317460316863999026e+01,0.000000000000000000e+00,0.000000000000000000e+00
9.319727890559997263e+01,0.000000000000000000e+00,0.000000000000000000e+00
9.321995464255998343e+01,0.000000000000000000e+00,0.000000000000000000e+00
9.324263037951998001e+01,0.000000000000000000e+00,0.000000000000000000e+00
9.326530611647997659e+01,0.000000000000000000e+00,0.000000000000000000e+00
9.328798185343997318e+01,0.000000000000000000e+00,0.000000000000000000e+00
9.331065759039998397e+01,0.000000000000000000e+00,0.000000000000000000e+00
9.333333332735998056e+01,0.000000000000000000e+00,0.000000000000000000e+00
9.335600906431997714e+01,0.000000000000000000e+00,0.000000000000000000e+00
9.337868480127997373e+01,0.000000000000000000e+00,0.000000000000000000e+00
9.340136053823998452e+01,0.000000000000000000e+00,0.000000000000000000e+00
9.342403627519996689e+01,0.000000000000000000e+00,0.000000000000000000e+00
9.344671201215997769e+01,0.000000000000000000e+00,0.000000000000000000e+00
9.346938774911997427e+01,0.000000000000000000e+00,0.000000000000000000e+00
9.349206348607998507e+01,0.000000000000000000e+00,0.000000000000000000e+00
9.351473922303996744e+01,0.000000000000000000e+00,0.000000000000000000e+00
9.353741495999997824e+01,0.000000000000000000e+00,0.000000000000000000e+00
9.356009069695998903e+01,0.000000000000000000e+00,0.000000000000000000e+00
9.358276643391998562e+01,0.000000000000000000e+00,0.000000000000000000e+00
9.360544217087998220e+01,0.000000000000000000e+00,0.000000000000000000e+00
9.362811790783997878e+01,0.000000000000000000e+00,0.000000000000000000e+00
9.365079364479998958e+01,0.000000000000000000e+00,0.000000000000000000e+00
9.367346938175997195e+01,0.000000000000000000e+00,0.000000000000000000e+00
9.369614511871998275e+01,0.000000000000000000e+00,0.000000000000000000e+00
9.371882085567997933e+01,0.000000000000000000e+00,0.000000000000000000e+00
9.374149659263999013e+01,0.000000000000000000e+00,0.000000000000000000e+00
9.376417232959997250e+01,0.000000000000000000e+00,0.000000000000000000e+00
9.378684806655998329e+01,0.000000000000000000e+00,0.000000000000000000e+00
9.380952380351997988e+01,0.000000000000000000e+00,0.000000000000000000e+00
9.383219954047997646e+01,0.000000000000000000e+00,0.000000000000000000e+00
9.385487527743997305e+01,0.000000000000000000e+00,0.000000000000000000e+00
9.387755101439998384e+01,0.000000000000000000e+00,0.000000000000000000e+00
9.390022675135998043e+01,0.000000000000000000e+00,0.000000000000000000e+00
9.392290248831997701e+01,0.000000000000000000e+00,0.000000000000000000e+00
9.394557822527997359e+01,0.000000000000000000e+00,0.000000000000000000e+00
9.396825396223998439e+01,0.000000000000000000e+00,0.000000000000000000e+00
9.399092969919998097e+01,0.000000000000000000e+00,0.000000000000000000e+00
9.401360543615997756e+01,0.000000000000000000e+00,0.000000000000000000e+00
9.403628117311997414e+01,0.000000000000000000e+00,0.000000000000000000e+00
9.405895691007998494e+01,0.000000000000000000e+00,0.000000000000000000e+00
9.408163264703996731e+01,0.000000000000000000e+00,0.000000000000000000e+00
9.410430838399997810e+01,0.000000000000000000e+00,0.000000000000000000e+00
9.412698412095997469e+01,0.000000000000000000e+00,0.000000000000000000e+00
9.414965985791998548e+01,0.000000000000000000e+00,0.000000000000000000e+00
9.417233559487998207e+01,0.000000000000000000e+00,0.000000000000000000e+00
9.419501133183997865e+01,0.000000000000000000e+00,0.000000000000000000e+00
9.421768706879998945e+01,0.000000000000000000e+00,0.000000000000000000e+00
9.424036280575997182e+01,0.000000000000000000e+00,0.000000000000000000e+00
9.426303854271998262e+01,0.000000000000000000e+00,0.000000000000000000e+00
9.428571427967997920e+01,0.000000000000000000e+00,0.000000000000000000e+00
9.430839001663998999e+01,0.000000000000000000e+00,0.000000000000000000e+00
9.433106575359997237e+01,0.000000000000000000e+00,0.000000000000000000e+00
9.435374149055998316e+01,0.000000000000000000e+00,0.000000000000000000e+00
9.437641722751997975e+01,0.000000000000000000e+00,0.000000000000000000e+00
9.439909296447999054e+01,0.000000000000000000e+00,0.000000000000000000e+00
9.442176870143997292e+01,0.000000000000000000e+00,0.000000000000000000e+00
9.444444443839998371e+01,0.000000000000000000e+00,0.000000000000000000e+00
9.446712017535998029e+01,0.000000000000000000e+00,0.000000000000000000e+00
9.448979591231997688e+01,0.000000000000000000e+00,0.000000000000000000e+00
9.451247164927997346e+01,0.000000000000000000e+00,0.000000000000000000e+00
9.453514738623998426e+01,0.000000000000000000e+00,0.000000000000000000e+00
9.455782312319998084e+01,0.000000000000000000e+00,0.000000000000000000e+00
9.458049886015997743e+01,0.000000000000000000e+00,0.000000000000000000e+00
9.460317459711997401e+01,0.000000000000000000e+00,0.000000000000000000e+00
9.462585033407998480e+01,0.000000000000000000e+00,0.000000000000000000e+00
9.464852607103996718e+01,0.000000000000000000e+00,0.000000000000000000e+00
9.467120180799997797e+01,0.000000000000000000e+00,0.000000000000000000e+00
9.469387754495997456e+01,0.000000000000000000e+00,0.000000000000000000e+00
9.471655328191998535e+01,0.000000000000000000e+00,0.000000000000000000e+00
9.473922901887996773e+01,0.000000000000000000e+00,0.000000000000000000e+00
9.476190475583997852e+01,0.000000000000000000e+00,0.000000000000000000e+00
9.478458049279997510e+01,0.000000000000000000e+00,0.000000000000000000e+00
9.480725622975998590e+01,0.000000000000000000e+00,0.000000000000000000e+00
9.482993196671998248e+01,0.000000000000000000e+00,0.000000000000000000e+00
9.485260770367997907e+01,0.000000000000000000e+00,0.000000000000000000e+00
9.487528344063998986e+01,0.000000000000000000e+00,0.000000000000000000e+00
9.489795917759997224e+01,0.000000000000000000e+00,0.000000000000000000e+00
9.492063491455998303e+01,0.000000000000000000e+00,0.000000000000000000e+00
9.494331065151997961e+01,0.000000000000000000e+00,0.000000000000000000e+00
9.496598638847999041e+01,0.000000000000000000e+00,0.000000000000000000e+00
9.498866212543997278e+01,0.000000000000000000e+00,0.000000000000000000e+00
9.501133786239998358e+01,0.000000000000000000e+00,0.000000000000000000e+00
9.503401359935998016e+01,0.000000000000000000e+00,0.000000000000000000e+00
9.505668933631997675e+01,0.000000000000000000e+00,0.000000000000000000e+00
9.507936507327997333e+01,0.000000000000000000e+00,0.000000000000000000e+00
9.510204081023998413e+01,0.000000000000000000e+00,0.000000000000000000e+00
9.512471654719998071e+01,0.000000000000000000e+00,0.000000000000000000e+00
9.514739228415997729e+01,0.000000000000000000e+00,0.000000000000000000e+00
9.517006802111997388e+01,0.000000000000000000e+00,0.000000000000000000e+00
9.519274375807998467e+01,0.000000000000000000e+00,0.000000000000000000e+00
9.521541949503998126e+01,0.000000000000000000e+00,0.000000000000000000e+00
9.523809523199997784e+01,0.000000000000000000e+00,0.000000000000000000e+00
9.526077096895997443e+01,0.000000000000000000e+00,0.000000000000000000e+00
9.528344670591998522e+01,0.000000000000000000e+00,0.000000000000000000e+00
9.530612244287996759e+01,0.000000000000000000e+00,0.000000000000000000e+00
9.532879817983997839e+01,0.000000000000000000e+00,0.000000000000000000e+00
9.535147391679997497e+01,0.000000000000000000e+00,0.000000000000000000e+00
9.537414965375998577e+01,0.000000000000000000e+00,0.000000000000000000e+00
9.539682539071996814e+01,0.000000000000000000e+00,0.000000000000000000e+00
9.541950112767997894e+01,0.000000000000000000e+00,0.000000000000000000e+00
9.544217686463998973e+01,0.000000000000000000e+00,0.000000000000000000e+00
9.546485260159997210e+01,0.000000000000000000e+00,0.000000000000000000e+00
9.548752833855998290e+01,0.000000000000000000e+00,0.000000000000000000e+00
9.551020407551997948e+01,0.000000000000000000e+00,0.000000000000000000e+00
9.553287981247999028e+01,0.000000000000000000e+00,0.000000000000000000e+00
9.555555554943997265e+01,0.000000000000000000e+00,0.000000000000000000e+00
9.557823128639998345e+01,0.000000000000000000e+00,0.000000000000000000e+00
9.560090702335998003e+01,0.000000000000000000e+00,0.000000000000000000e+00
9.562358276031999083e+01,0.000000000000000000e+00,0.000000000000000000e+00
9.564625849727997320e+01,0.000000000000000000e+00,0.000000000000000000e+00
9.566893423423998399e+01,0.000000000000000000e+00,0.000000000000000000e+00
9.569160997119998058e+01,0.000000000000000000e+00,0.000000000000000000e+00
9.571428570815997716e+01,0.000000000000000000e+00,0.000000000000000000e+00
9.573696144511997375e+01,0.000000000000000000e+00,0.000000000000000000e+00
9.575963718207998454e+01,0.000000000000000000e+00,0.000000000000000000e+00
9.578231291903998113e+01,0.000000000000000000e+00,0.000000000000000000e+00
9.580498865599997771e+01,0.000000000000000000e+00,0.000000000000000000e+00
9.582766439295997429e+01,0.000000000000000000e+00,0.000000000000000000e+00
9.585034012991998509e+01,0.000000000000000000e+00,0.000000000000000000e+00
9.587301586687996746e+01,0.000000000000000000e+00,0.000000000000000000e+00
9.589569160383997826e+01,0.000000000000000000e+00,0.000000000000000000e+00
9.591836734079997484e+01,0.000000000000000000e+00,0.000000000000000000e+00
9.594104307775998564e+01,0.000000000000000000e+00,0.000000000000000000e+00
9.596371881471996801e+01,0.000000000000000000e+00,0.000000000000000000e+00
9.598639455167997880e+01,0.000000000000000000e+00,0.000000000000000000e+00
9.600907028863997539e+01,0.000000000000000000e+00,0.000000000000000000e+00
9.603174602559998618e+01,0.000000000000000000e+00,0.000000000000000000e+00
9.605442176255996856e+01,0.000000000000000000e+00,0.000000000000000000e+00
9.607709749951997935e+01,0.000000000000000000e+00,0.000000000000000000e+00
9.609977323647999015e+01,0.000000000000000000e+00,0.000000000000000000e+00
9.612244897343997252e+01,0.000000000000000000e+00,0.000000000000000000e+00
9.614512471039998331e+01,0.000000000000000000e+00,0.000000000000000000e+00
9.616780044735997990e+01,0.000000000000000000e+00,0.000000000000000000e+00
9.619047618431999069e+01,0.000000000000000000e+00,0.000000000000000000e+00
9.621315192127997307e+01,0.000000000000000000e+00,0.000000000000000000e+00
9.623582765823998386e+01,0.000000000000000000e+00,0.000000000000000000e+00
9.625850339519998045e+01,0.000000000000000000e+00,0.000000000000000000e+00
9.628117913215997703e+01,0.000000000000000000e+00,0.000000000000000000e+00
9.630385486911997361e+01,0.000000000000000000e+00,0.000000000000000000e+00
9.632653060607998441e+01,0.000000000000000000e+00,0.000000000000000000e+00
9.634920634303998099e+01,0.000000000000000000e+00,0.000000000000000000e+00
9.637188207999997758e+01,0.000000000000000000e+00,0.000000000000000000e+00
9.639455781695997416e+01,0.000000000000000000e+00,0.000000000000000000e+00
9.641723355391998496e+01,0.000000000000000000e+00,0.000000000000000000e+00
9.643990929087998154e+01,0.000000000000000000e+00,0.000000000000000000e+00
9.646258502783997812e+01,0.000000000000000000e+00,0.000000000000000000e+00
9.648526076479997471e+01,0.000000000000000000e+00,0.000000000000000000e+00
9.650793650175998550e+01,0.000000000000000000e+00,0.000000000000000000e+00
9.653061223871996788e+01,0.000000000000000000e+00,0.000000000000000000e+00
9.655328797567997867e+01,0.000000000000000000e+00,0.000000000000000000e+00
9.657596371263997526e+01,0.000000000000000000e+00,0.000000000000000000e+00
9.659863944959998605e+01,0.000000000000000000e+00,0.000000000000000000e+00
9.662131518655996842e+01,0.000000000000000000e+00,0.000000000000000000e+00
9.664399092351997922e+01,0.000000000000000000e+00,0.000000000000000000e+00
9.666666666047997580e+01,0.000000000000000000e+00,0.000000000000000000e+00
9.668934239743997239e+01,0.000000000000000000e+00,0.000000000000000000e+00
9.671201813439998318e+01,0.000000000000000000e+00,0.000000000000000000e+00
9.673469387135997977e+01,0.000000000000000000e+00,0.000000000000000000e+00
9.675736960831999056e+01,0.000000000000000000e+00,0.000000000000000000e+00
9.678004534527997293e+01,0.000000000000000000e+00,0.000000000000000000e+00
9.680272108223998373e+01,0.000000000000000000e+00,0.000000000000000000e+00
9.682539681919998031e+01,0.000000000000000000e+00,0.000000000000000000e+00
9.684807255615999111e+01,0.000000000000000000e+00,0.000000000000000000e+00
9.687074829311997348e+01,0.000000000000000000e+00,0.000000000000000000e+00
9.689342403007998428e+01,0.000000000000000000e+00,0.000000000000000000e+00
9.691609976703998086e+01,0.000000000000000000e+00,0.000000000000000000e+00
9.693877550399997745e+01,0.000000000000000000e+00,0.000000000000000000e+00
9.696145124095997403e+01,0.000000000000000000e+00,0.000000000000000000e+00
9.698412697791998482e+01,0.000000000000000000e+00,0.000000000000000000e+00
9.700680271487998141e+01,0.000000000000000000e+00,0.000000000000000000e+00
9.702947845183997799e+01,0.000000000000000000e+00,0.000000000000000000e+00
9.705215418879997458e+01,0.000000000000000000e+00,0.000000000000000000e+00
9.707482992575998537e+01,0.000000000000000000e+00,0.000000000000000000e+00
9.709750566271996775e+01,0.000000000000000000e+00,0.000000000000000000e+00
9.712018139967997854e+01,0.000000000000000000e+00,0.000000000000000000e+00
9.714285713663997512e+01,0.000000000000000000e+00,0.000000000000000000e+00
9.716553287359998592e+01,0.000000000000000000e+00,0.000000000000000000e+00
9.718820861055996829e+01,0.000000000000000000e+00,0.000000000000000000e+00
9.721088434751997909e+01,0.000000000000000000e+00,0.000000000000000000e+00
9.723356008447997567e+01,0.000000000000000000e+00,0.000000000000000000e+00
9.725623582143998647e+01,0.000000000000000000e+00,0.000000000000000000e+00
9.727891155839996884e+01,0.000000000000000000e+00,0.000000000000000000e+00
9.730158729535997963e+01,0.000000000000000000e+00,0.000000000000000000e+00
9.732426303231997622e+01,0.000000000000000000e+00,0.000000000000000000e+00
9.734693876927997280e+01,0.000000000000000000e+00,0.000000000000000000e+00
9.736961450623998360e+01,0.000000000000000000e+00,0.000000000000000000e+00
9.739229024319998018e+01,0.000000000000000000e+00,0.000000000000000000e+00
9.741496598015999098e+01,0.000000000000000000e+00,0.000000000000000000e+00
9.743764171711997335e+01,0.000000000000000000e+00,0.000000000000000000e+00
9.746031745407998415e+01,0.000000000000000000e+00,0.000000000000000000e+00
9.748299319103998073e+01,0.000000000000000000e+00,0.000000000000000000e+00
9.750566892799997731e+01,0.000000000000000000e+00,0.000000000000000000e+00
9.752834466495997390e+01,0.000000000000000000e+00,0.000000000000000000e+00
9.755102040191998469e+01,0.000000000000000000e+00,0.000000000000000000e+00
9.757369613887998128e+01,0.000000000000000000e+00,0.000000000000000000e+00
9.759637187583997786e+01,0.000000000000000000e+00,0.000000000000000000e+00
9.761904761279997444e+01,0.000000000000000000e+00,0.000000000000000000e+00
9.764172334975998524e+01,0.000000000000000000e+00,0.000000000000000000e+00
9.766439908671998182e+01,0.000000000000000000e+00,0.000000000000000000e+00
9.768707482367997841e+01,0.000000000000000000e+00,0.000000000000000000e+00
9.770975056063997499e+01,0.000000000000000000e+00,0.000000000000000000e+00
9.773242629759998579e+01,0.000000000000000000e+00,0.000000000000000000e+00
9.775510203455996816e+01,0.000000000000000000e+00,0.000000000000000000e+00
9.777777777151997896e+01,0.000000000000000000e+00,0.000000000000000000e+00
9.780045350847997554e+01,0.000000000000000000e+00,0.000000000000000000e+00
9.782312924543998633e+01,0.000000000000000000e+00,0.000000000000000000e+00
9.784580498239996871e+01,0.000000000000000000e+00,0.000000000000000000e+00
9.786848071935997950e+01,0.000000000000000000e+00,0.000000000000000000e+00
9.789115645631997609e+01,0.000000000000000000e+00,0.000000000000000000e+00
9.791383219327997267e+01,0.000000000000000000e+00,0.000000000000000000e+00
9.793650793023996926e+01,0.000000000000000000e+00,0.000000000000000000e+00
9.795918366719998005e+01,0.000000000000000000e+00,0.000000000000000000e+00
9.798185940415999085e+01,0.000000000000000000e+00,0.000000000000000000e+00
9.800453514111997322e+01,0.000000000000000000e+00,0.000000000000000000e+00
9.802721087807998401e+01,0.000000000000000000e+00,0.000000000000000000e+00
9.804988661503998060e+01,0.000000000000000000e+00,0.000000000000000000e+00
9.807256235199999139e+01,0.000000000000000000e+00,0.000000000000000000e+00
9.809523808895997377e+01,0.000000000000000000e+00,0.000000000000000000e+00
9.811791382591998456e+01,0.000000000000000000e+00,0.000000000000000000e+00
9.814058956287998114e+01,0.000000000000000000e+00,0.000000000000000000e+00
9.816326529983997773e+01,0.000000000000000000e+00,0.000000000000000000e+00
9.818594103679997431e+01,0.000000000000000000e+00,0.000000000000000000e+00
9.820861677375998511e+01,0.000000000000000000e+00,0.000000000000000000e+00
9.823129251071998169e+01,0.000000000000000000e+00,0.000000000000000000e+00
9.825396824767997828e+01,0.000000000000000000e+00,0.000000000000000000e+00
9.827664398463997486e+01,0.000000000000000000e+00,0.000000000000000000e+00
9.829931972159998566e+01,0.000000000000000000e+00,0.000000000000000000e+00
9.832199545855996803e+01,0.000000000000000000e+00,0.000000000000000000e+00
9.834467119551997882e+01,0.000000000000000000e+00,0.000000000000000000e+00
9.836734693247997541e+01,0.000000000000000000e+00,0.000000000000000000e+00
9.839002266943998620e+01,0.000000000000000000e+00,0.000000000000000000e+00
9.841269840639996858e+01,0.000000000000000000e+00,0.000000000000000000e+00
9.843537414335997937e+01,0.000000000000000000e+00,0.000000000000000000e+00
9.845804988031997595e+01,0.000000000000000000e+00,0.000000000000000000e+00
9.848072561727998675e+01,0.000000000000000000e+00,0.000000000000000000e+00
9.850340135423996912e+01,0.000000000000000000e+00,0.000000000000000000e+00
9.852607709119997992e+01,0.000000000000000000e+00,0.000000000000000000e+00
9.854875282815997650e+01,0.000000000000000000e+00,0.000000000000000000e+00
9.857142856511997309e+01,0.000000000000000000e+00,0.000000000000000000e+00
9.859410430207996967e+01,0.000000000000000000e+00,0.000000000000000000e+00
9.861678003903998047e+01,0.000000000000000000e+00,0.000000000000000000e+00
9.863945577599999126e+01,0.000000000000000000e+00,0.000000000000000000e+00
9.866213151295997363e+01,0.000000000000000000e+00,0.000000000000000000e+00
9.868480724991998443e+01,0.000000000000000000e+00,0.000000000000000000e+00
9.870748298687998101e+01,0.000000000000000000e+00,0.000000000000000000e+00
9.873015872383997760e+01,0.000000000000000000e+00,0.000000000000000000e+00
9.875283446079997418e+01,0.000000000000000000e+00,0.000000000000000000e+00
9.877551019775998498e+01,0.000000000000000000e+00,0.000000000000000000e+00
9.879818593471998156e+01,0.000000000000000000e+00,0.000000000000000000e+00
9.882086167167997814e+01,0.000000000000000000e+00,0.000000000000000000e+00
9.884353740863997473e+01,0.000000000000000000e+00,0.000000000000000000e+00
9.886621314559998552e+01,0.000000000000000000e+00,0.000000000000000000e+00
9.888888888255998211e+01,0.000000000000000000e+00,0.000000000000000000e+00
9.891156461951997869e+01,0.000000000000000000e+00,0.000000000000000000e+00
9.893424035647997528e+01,0.000000000000000000e+00,0.000000000000000000e+00
9.895691609343998607e+01,0.000000000000000000e+00,0.000000000000000000e+00
9.897959183039996844e+01,0.000000000000000000e+00,0.000000000000000000e+00
9.900226756735997924e+01,0.000000000000000000e+00,0.000000000000000000e+00
9.902494330431997582e+01,0.000000000000000000e+00,0.000000000000000000e+00
9.904761904127998662e+01,0.000000000000000000e+00,0.000000000000000000e+00
9.907029477823996899e+01,0.000000000000000000e+00,0.000000000000000000e+00
9.909297051519997979e+01,0.000000000000000000e+00,0.000000000000000000e+00
9.911564625215997637e+01,0.000000000000000000e+00,0.000000000000000000e+00
9.913832198911997295e+01,0.000000000000000000e+00,0.000000000000000000e+00
9.916099772607996954e+01,0.000000000000000000e+00,0.000000000000000000e+00
9.918367346303998033e+01,0.000000000000000000e+00,0.000000000000000000e+00
9.920634919999997692e+01,0.000000000000000000e+00,0.000000000000000000e+00
9.922902493695997350e+01,0.000000000000000000e+00,0.000000000000000000e+00
9.925170067391998430e+01,0.000000000000000000e+00,0.000000000000000000e+00
9.927437641087998088e+01,0.000000000000000000e+00,0.000000000000000000e+00
9.929705214783999168e+01,0.000000000000000000e+00,0.000000000000000000e+00
9.931972788479997405e+01,0.000000000000000000e+00,0.000000000000000000e+00
9.934240362175998484e+01,0.000000000000000000e+00,0.000000000000000000e+00
9.936507935871998143e+01,0.000000000000000000e+00,0.000000000000000000e+00
9.938775509567997801e+01,0.000000000000000000e+00,0.000000000000000000e+00
9.941043083263997460e+01,0.000000000000000000e+00,0.000000000000000000e+00
9.943310656959998539e+01,0.000000000000000000e+00,0.000000000000000000e+00
9.945578230655998198e+01,0.000000000000000000e+00,0.000000000000000000e+00
9.947845804351997856e+01,0.000000000000000000e+00,0.000000000000000000e+00
9.950113378047997514e+01,0.000000000000000000e+00,0.000000000000000000e+00
9.952380951743998594e+01,0.000000000000000000e+00,0.000000000000000000e+00
9.954648525439996831e+01,0.000000000000000000e+00,0.000000000000000000e+00
9.956916099135997911e+01,0.000000000000000000e+00,0.000000000000000000e+00
9.959183672831997569e+01,0.000000000000000000e+00,0.000000000000000000e+00
9.961451246527998649e+01,0.000000000000000000e+00,0.000000000000000000e+00
9.963718820223996886e+01,0.000000000000000000e+00,0.000000000000000000e+00
9.965986393919997965e+01,0.000000000000000000e+00,0.000000000000000000e+00
9.968253967615997624e+01,0.000000000000000000e+00,0.000000000000000000e+00
9.970521541311998703e+01,0.000000000000000000e+00,0.000000000000000000e+00
9.972789115007996941e+01,0.000000000000000000e+00,0.000000000000000000e+00
9.975056688703998020e+01,0.000000000000000000e+00,0.000000000000000000e+00
9.977324262399997679e+01,0.000000000000000000e+00,0.000000000000000000e+00
9.979591836095997337e+01,0.000000000000000000e+00,0.000000000000000000e+00
9.981859409791996995e+01,0.000000000000000000e+00,0.000000000000000000e+00
9.984126983487998075e+01,0.000000000000000000e+00,0.000000000000000000e+00
9.986394557183997733e+01,0.000000000000000000e+00,0.000000000000000000e+00
9.988662130879997392e+01,0.000000000000000000e+00,0.000000000000000000e+00
9.990929704575998471e+01,0.000000000000000000e+00,0.000000000000000000e+00
9.993197278271998130e+01,0.000000000000000000e+00,0.000000000000000000e+00
9.995464851967997788e+01,0.000000000000000000e+00,0.000000000000000000e+00
9.997732425663997446e+01,0.000000000000000000e+00,0.000000000000000000e+00
